time,latitude,longitude,depth,mag,magType,nst,gap,dmin,rms,net,id,updated,place,type,horizontalError,depthError,magError,magNst,status,locationSource,magSource
2026-03-21T07:35:30.350Z,13.9371,-92.2218,35,4.1,mb,49,197,2.332,1.15,us,us7000s93z,2026-04-05T08:54:56.040Z,"51 km SW of Champerico, Guatemala",earthquake,8.35,1.987,0.086,37,reviewed,us,us
2026-03-19T23:57:45.962Z,13.9173,-90.7885,94.902,4.4,mb,37,195,0.979,0.99,us,us6000shlj,2026-04-12T04:12:09.040Z,"3 km ESE of Puerto San José, Guatemala",earthquake,5.58,8.486,0.063,72,reviewed,us,us
2026-03-18T17:35:31.067Z,15.367,-89.0751,10,5,mww,110,52,1.608,0.69,us,us6000sh81,2026-04-20T18:24:40.040Z,"12 km N of Los Amates, Guatemala",earthquake,3.07,1.847,0.065,23,reviewed,us,us
2026-03-18T08:07:52.866Z,15.4116,-91.7187,204.429,4.1,mb,32,146,0.954,0.35,us,us7000s844,2026-04-09T11:30:24.040Z,"0 km NW of Colotenango, Guatemala",earthquake,6.75,6.367,0.123,18,reviewed,us,us
2026-03-17T19:54:48.202Z,14.2346,-91.1567,82.886,4.2,mb,48,178,1.376,0.81,us,us6000sh0w,2026-03-29T20:04:39.040Z,"15 km ENE of Nueva Concepción, Guatemala",earthquake,10.41,4.646,0.086,38,reviewed,us,us
2026-03-15T00:22:49.294Z,15.407,-91.7686,178.856,4.8,mww,70,99,0.939,1.06,us,us6000sgdf,2026-04-03T03:23:47.282Z,"1 km S of Ixtahuacán, Guatemala",earthquake,8.53,6.132,0.069,20,reviewed,us,us
2026-03-14T05:05:36.961Z,13.8316,-90.7449,83.063,4.5,mb,100,167,0.94,0.73,us,us6000sg8b,2026-04-02T12:07:09.064Z,"11 km SSW of Iztapa, Guatemala",earthquake,8.9,10.381,0.051,115,reviewed,us,us
2026-03-09T02:52:37.894Z,14.3802,-91.3271,104.168,4.8,mww,126,158,1.574,0.8,us,us7000s32w,2026-04-01T04:49:05.322Z,"2 km SSW of Río Bravo, Guatemala",earthquake,5.56,6.245,0.068,21,reviewed,us,us
2026-03-07T07:40:42.413Z,14.141,-90.2935,10,4.1,mb,33,173,0.552,1,us,us7000s2qy,2026-03-22T06:18:33.886Z,"5 km SSW of Santa María Ixhuatán, Guatemala",earthquake,8.11,1.943,0.089,35,reviewed,us,us
2026-02-28T10:21:25.083Z,13.5616,-89.9442,73.755,4.6,mb,60,151,0.374,0.67,us,us7000s11c,2026-03-25T06:09:10.040Z,"13 km WSW of Acajutla, El Salvador",earthquake,8.74,6.412,0.032,282,reviewed,us,us
2026-02-22T10:29:31.592Z,13.7633,-90.9226,35,4.1,mb,37,178,1.119,1.13,us,us6000sary,2026-04-10T10:31:07.040Z,"21 km SSW of Puerto San José, Guatemala",earthquake,7.66,1.981,0.067,62,reviewed,us,us
2026-02-22T08:01:08.443Z,13.7274,-90.9575,50.445,4.2,mb,32,178,1.157,0.78,us,us7000s2kh,2026-03-12T07:15:34.040Z,"26 km SSW of Puerto San José, Guatemala",earthquake,8.7,9.985,0.125,18,reviewed,us,us
2026-02-04T22:05:57.300Z,14.9685,-91.4424,187.706,4.2,mb,30,177,1.467,0.71,us,us6000s6i8,2026-04-23T20:43:23.040Z,"2 km N of San Francisco El Alto, Guatemala",earthquake,9.61,6.613,0.11,23,reviewed,us,us
2026-01-27T21:06:35.967Z,13.5966,-88.3014,183.499,4.5,mb,48,91,0.129,0.61,us,us6000s4v5,2026-04-21T16:27:52.040Z,"5 km SW of Chapeltique, El Salvador",earthquake,8.59,8.836,0.06,81,reviewed,us,us
2026-01-16T06:08:45.428Z,15.8229,-88.1529,11.729,5.2,mww,77,57,2.23,0.87,us,us7000rq11,2026-04-18T14:46:53.040Z,"13 km WNW of Omoa, Honduras",earthquake,6.74,4.592,0.058,29,reviewed,us,us
2026-01-14T11:44:30.189Z,14.3731,-91.0118,10,4,mb,24,212,1.284,0.94,us,us7000rpl4,2026-04-10T15:20:48.040Z,"4 km NNE of Santa Lucía Cotzumalguapa, Guatemala",earthquake,16.39,2.004,0.125,17,reviewed,us,us
2025-12-31T04:42:47.759Z,13.7314,-90.3793,78.589,4.6,mb,67,122,0.607,0.96,us,us7000rln7,2026-04-01T22:48:45.040Z,"33 km SW of Pasaco, Guatemala",earthquake,8.63,7.475,0.072,58,reviewed,us,us
2025-12-28T09:55:25.593Z,13.6258,-88.4988,189.415,4.4,mb,54,148,0.231,0.87,us,us7000rl69,2026-04-01T22:48:27.040Z,"14 km NNE of Berlín, El Salvador",earthquake,12.1,4.766,0.06,81,reviewed,us,us
2025-12-18T17:14:39.790Z,13.7632,-92.0983,35,4.4,mb,45,161,2.504,0.46,us,us6000rvrj,2026-03-19T13:56:03.040Z,"62 km SSW of Champerico, Guatemala",earthquake,9.32,1.97,0.059,83,reviewed,us,us
2025-12-07T14:37:21.818Z,13.5319,-91.8787,35,4.3,mb,33,205,1.613,0.99,us,us6000rt5r,2026-03-04T18:42:54.040Z,"84 km S of Champerico, Guatemala",earthquake,7.82,1.988,0.089,36,reviewed,us,us
2025-12-02T12:59:00.340Z,14.7856,-91.0593,169.27,4.3,mb,28,161,1.52,0.75,us,us6000rvsk,2026-02-25T16:18:42.040Z,"7 km WNW of Tecpán Guatemala, Guatemala",earthquake,10.97,13.509,0.126,18,reviewed,us,us
2025-11-28T20:06:08.384Z,15.3677,-92.1037,153.161,5.8,mww,310,29,0.909,0.82,us,us7000rehl,2026-02-25T16:18:37.040Z,"7 km S of Amatenango de la Frontera, Mexico",earthquake,8.06,3.842,0.033,87,reviewed,us,us
2025-11-26T10:49:02.896Z,13.58,-89.1021,141.256,4.3,mb,55,161,0.208,0.5,us,us7000rdwr,2026-02-25T16:18:32.040Z,"1 km NE of Olocuilta, El Salvador",earthquake,13.68,8.258,0.072,54,reviewed,us,us
2025-11-20T03:44:38.860Z,13.8189,-91.7786,39.778,4.7,mww,54,158,1.364,0.89,us,us6000rpa2,2026-02-20T16:07:31.040Z,"54 km SSE of Champerico, Guatemala",earthquake,8.9,9.11,0.071,19,reviewed,us,us
2025-11-19T21:09:30.458Z,13.7451,-90.3911,94.68,4.3,mb,55,160,3.034,0.65,us,us6000rp8c,2026-02-20T16:07:30.040Z,"32 km SW of Pasaco, Guatemala",earthquake,9.24,4.667,0.08,44,reviewed,us,us
2025-11-06T12:14:49.951Z,14.0308,-91.8454,41.85,4.7,mb,106,179,1.143,0.85,us,us6000rlv6,2026-01-29T22:05:24.040Z,"29 km SSE of Champerico, Guatemala",earthquake,10.34,10.862,0.059,88,reviewed,us,us
2025-10-25T16:56:22.283Z,14.4467,-91.1473,98.851,4.2,mb,100,177,1.433,0.76,us,us6000rjgk,2026-01-15T22:46:53.040Z,"2 km NNE of Patulul, Guatemala",earthquake,9.06,9.079,0.054,102,reviewed,us,us
2025-10-22T18:58:28.256Z,14.3348,-91.8126,85.517,4.7,mb,112,40,1.961,0.92,us,us6000riqw,2026-01-15T22:46:48.040Z,"11 km ENE of Champerico, Guatemala",earthquake,8.99,5.342,0.033,279,reviewed,us,us
2025-10-21T23:06:08.963Z,14.4479,-90.4307,177.934,4.7,mb,35,171,0.832,0.65,us,us6000rijz,2026-01-09T15:38:44.040Z,"2 km SSE of Fraijanes, Guatemala",earthquake,7.55,7.663,0.045,147,reviewed,us,us
2025-10-14T00:47:40.463Z,13.9504,-91.2257,62.751,4,mb,33,192,1.281,0.67,us,us6000rlf5,2026-01-01T23:11:18.040Z,"23 km SW of La Gomera, Guatemala",earthquake,7.56,11.403,0.111,22,reviewed,us,us
2025-10-08T11:58:06.263Z,13.8974,-92.0185,36.506,4.6,mb,73,142,0.796,0.54,us,us6000rfl9,2026-01-01T23:11:05.040Z,"45 km SSW of Champerico, Guatemala",earthquake,7.46,9.493,0.035,249,reviewed,us,us
2025-10-08T10:16:18.201Z,13.7787,-92.0833,10,5,mww,200,133,0.929,0.97,us,us6000rfkv,2026-01-01T23:11:04.040Z,"59 km SSW of Champerico, Guatemala",earthquake,5.61,1.893,0.071,19,reviewed,us,us
2025-09-19T21:37:13.219Z,14.1788,-91.6176,71.989,4.2,mb,29,217,0.383,1.39,us,us6000rgdb,2025-12-06T16:00:13.040Z,"30 km WSW of Tiquisate, Guatemala",earthquake,7.6,5.412,0.107,24,reviewed,us,us
2025-08-29T10:30:39.700Z,13.5691,-90.893,35,4.1,mb,83,167,1.031,0.68,us,us7000qruk,2025-11-19T21:59:43.040Z,"40 km S of Puerto San José, Guatemala",earthquake,8.77,1.973,0.061,73,reviewed,us,us
2025-08-25T06:54:51.918Z,14.0785,-91.3783,86.886,4.6,mb,78,94,0.509,0.79,us,us6000r3l9,2025-11-12T16:25:41.040Z,"15 km SSW of Nueva Concepción, Guatemala",earthquake,7.63,6.925,0.044,151,reviewed,us,us
2025-08-22T23:13:33.005Z,14.0437,-89.8349,6.145,4.2,mb,16,128,0.151,1.08,us,us6000r380,2025-11-12T16:25:37.040Z,"10 km WSW of Jerez, Guatemala",earthquake,2.31,7.138,0.263,4,reviewed,us,us
2025-08-22T03:31:16.469Z,14.0249,-89.8234,10,4.2,mb,20,126,0.129,0.75,us,us6000r2yy,2025-11-12T16:25:36.040Z,"9 km NW of Atiquizaya, El Salvador",earthquake,3.67,1.967,0.176,9,reviewed,us,us
2025-08-20T18:33:19.169Z,13.5543,-91.0207,35,4.2,mb,45,201,1.096,0.68,us,us7000qwc0,2025-11-12T16:25:46.040Z,"46 km SSW of Puerto San José, Guatemala",earthquake,8.01,1.563,0.094,32,reviewed,us,us
2025-08-19T08:05:39.440Z,14.3815,-90.5566,188.205,4.6,mb,53,141,0.16,1.02,us,us6000r20h,2025-11-04T16:43:59.040Z,"9 km ESE of San Vicente Pacaya, Guatemala",earthquake,8.13,7.398,0.038,206,reviewed,us,us
2025-08-18T05:58:55.863Z,14.1924,-91.0356,97.322,4.3,mb,99,129,0.621,0.76,us,us6000r1u2,2025-11-04T16:43:54.040Z,"10 km WSW of La Democracia, Guatemala",earthquake,6.63,5.166,0.037,209,reviewed,us,us
2025-08-10T21:49:44.867Z,13.5155,-92.4205,10,4.5,mb,44,177,1.334,0.88,us,us6000qzpn,2025-10-25T13:40:39.040Z,"102 km SSW of Champerico, Guatemala",earthquake,7.71,1.958,0.041,178,reviewed,us,us
2025-08-10T20:37:49.849Z,13.5682,-92.4025,10,4.7,mb,59,164,1.283,0.83,us,us6000qzpg,2025-10-25T13:40:38.040Z,"96 km SSW of Champerico, Guatemala",earthquake,7.69,1.925,0.031,305,reviewed,us,us
2025-08-10T14:31:58.255Z,13.6674,-92.347,10,4.6,mb,41,181,1.173,0.97,us,us6000qzn0,2025-10-25T13:40:38.040Z,"83 km SW of Champerico, Guatemala",earthquake,8.81,1.955,0.04,188,reviewed,us,us
2025-08-06T02:32:52.121Z,14.0755,-89.8354,10,4.4,mwr,34,123,0.181,1.07,us,us6000qyg0,2025-10-25T13:40:27.040Z,"7 km S of Zapotitlán, Guatemala",earthquake,5.03,1.916,0.083,14,reviewed,us,us
2025-07-31T00:32:49.503Z,13.9924,-89.8803,10,4,mb,23,147,0.132,0.77,us,us6000qwsc,2025-10-17T22:51:42.040Z,"8 km NNW of Ahuachapán, El Salvador",earthquake,2.93,1.934,0.15,12,reviewed,us,us
2025-07-30T02:09:52.363Z,14.0602,-89.8196,10,4.3,mb,22,120,0.162,0.65,us,us6000qw80,2025-10-17T02:34:25.040Z,"8 km WSW of Jerez, Guatemala",earthquake,3.56,1.982,0.169,10,reviewed,us,us
2025-07-29T23:05:21.056Z,14.0537,-89.8537,10,5.2,mww,99,60,0.167,0.65,us,us6000qw5x,2025-10-11T20:57:35.040Z,"9 km SE of Comapa, Guatemala",earthquake,4.46,1.777,0.059,28,reviewed,us,us
2025-07-29T22:56:49.383Z,14.1402,-89.8738,10,4.3,mb,58,125,0.254,1,us,us6000qw5u,2025-10-11T20:57:35.040Z,"5 km W of Zapotitlán, Guatemala",earthquake,8.86,1.975,0.083,41,reviewed,us,us
2025-07-29T21:57:54.501Z,14.0569,-89.8169,10,4.4,mb,48,119,0.158,0.47,us,us6000qw5e,2025-10-11T20:57:34.040Z,"8 km WSW of Jerez, Guatemala",earthquake,4.41,1.977,0.088,37,reviewed,us,us
2025-07-29T21:53:44.393Z,14.0829,-89.8038,10,4.2,mb,34,113,0.181,0.85,us,us6000qw5g,2025-10-11T20:57:35.040Z,"5 km W of Jerez, Guatemala",earthquake,7.04,1.963,0.121,19,reviewed,us,us
2025-07-29T21:42:26.973Z,14.0639,-89.9381,10,4.8,mb,62,60,0.222,0.39,us,us6000qw5c,2025-10-11T20:57:34.040Z,"5 km SSW of Comapa, Guatemala",earthquake,4.3,1.818,0.045,155,reviewed,us,us
2025-07-29T21:25:23.916Z,14.0663,-89.8711,10,5.7,mww,126,38,0.186,0.81,us,us6000qw59,2025-10-11T20:57:34.040Z,"6 km SE of Comapa, Guatemala",earthquake,7.3,0.967,0.044,50,reviewed,us,us
2025-07-29T21:21:47.885Z,14.0993,-89.791,11.913,5.6,mww,110,61,0.196,0.55,us,us6000qw58,2025-10-11T20:57:34.040Z,"4 km WNW of Jerez, Guatemala",earthquake,7.38,3.615,0.078,16,reviewed,us,us
2025-07-24T01:50:40.564Z,15.1364,-91.9166,169.648,4.3,mb,45,142,0.67,0.93,us,us6000quj4,2025-10-11T20:57:05.040Z,"3 km SSE of Ixchiguán, Guatemala",earthquake,8.32,6.963,0.104,26,reviewed,us,us
2025-07-13T04:03:46.618Z,14.4978,-90.6886,6.024,3.5,ml,10,150,0.188,0.76,us,us7000qccs,2025-09-20T22:26:56.040Z,"2 km E of Santa María de Jesús, Guatemala",earthquake,2.51,5.514,0.085,18,reviewed,us,us
2025-07-10T14:38:29.261Z,14.0764,-90.2605,150.201,4.8,mww,55,88,0.498,1.1,us,us7000qbuf,2025-11-28T20:42:15.377Z,"1 km SE of San Juan Tecuaco, Guatemala",earthquake,7.29,5.203,0.071,19,reviewed,us,us
2025-07-10T08:29:35.006Z,14.5484,-90.6664,6.714,4,mb,16,144,0.164,0.58,us,us7000qbrr,2025-11-28T20:12:00.243Z,"0 km E of Magdalena Milpas Altas, Guatemala",earthquake,4.05,3.79,0.212,6,reviewed,us,us
2025-07-10T04:26:44.745Z,14.45,-90.6657,10,3.5,ml,8,155,0.182,0.96,us,us7000qbr4,2025-09-20T22:26:56.040Z,"4 km SW of Amatitlán, Guatemala",earthquake,2.31,1.988,0.081,20,reviewed,us,us
2025-07-09T06:32:47.191Z,14.4667,-90.68,10,3.4,ml,9,153,0.188,0.37,us,us7000qbir,2025-09-20T22:26:57.040Z,"4 km SE of Santa María de Jesús, Guatemala",earthquake,2.71,1.953,0.081,20,reviewed,us,us
2025-07-09T06:13:17.610Z,14.4468,-90.6549,10,3.7,ml,6,164,0.174,0.94,us,us7000qbk9,2025-09-20T22:26:56.040Z,"4 km SSW of Amatitlán, Guatemala",earthquake,3.53,1.95,0.091,16,reviewed,us,us
2025-07-09T00:06:34.582Z,14.4255,-90.6812,10,3.9,ml,12,158,0.207,0.34,us,us7000qbgu,2025-09-20T22:26:54.040Z,"2 km NE of Palín, Guatemala",earthquake,2.21,1.972,0.077,22,reviewed,us,us
2025-07-08T23:45:35.308Z,14.448,-90.6942,10,3.5,ml,9,156,0.208,0.71,us,us7000qbgn,2025-09-12T16:23:12.040Z,"4 km N of Palín, Guatemala",earthquake,3.02,1.975,0.081,20,reviewed,us,us
2025-07-08T22:39:41.685Z,14.5403,-90.7044,7.442,4.2,mb,28,128,0.2,0.47,us,us7000qdhx,2025-09-12T16:23:12.040Z,"3 km WSW of Magdalena Milpas Altas, Guatemala",earthquake,5.31,6.004,0.128,17,reviewed,us,us
2025-07-08T21:54:18.996Z,14.4503,-90.7496,5.39,4.8,mb,59,97,0.257,0.52,us,us7000qbfw,2025-09-12T16:23:12.040Z,"6 km SW of Santa María de Jesús, Guatemala",earthquake,5.46,5.045,0.05,125,reviewed,us,us
2025-07-08T21:53:07.605Z,14.4488,-90.7809,7.961,4,ml,10,159,0.286,1.09,us,us6000qyda,2025-09-12T16:23:12.040Z,"4 km SSE of Alotenango, Guatemala",earthquake,2.75,6.371,0.085,18,reviewed,us,us
2025-07-08T21:49:23.991Z,14.3891,-90.7527,10,4,mb,13,158,0.285,0.66,us,us6000qyd8,2025-09-12T16:23:12.040Z,"6 km WSW of Palín, Guatemala",earthquake,2.35,1.982,0.367,2,reviewed,us,us
2025-07-08T21:41:31.063Z,14.4503,-90.6483,10,5.7,mww,124,39,0.167,0.55,us,us7000qbfv,2026-01-09T08:08:12.006Z,"3 km SSW of Amatitlán, Guatemala",earthquake,5.44,1.778,0.056,31,reviewed,us,us
2025-07-08T21:11:30.114Z,14.4566,-90.6756,10,4.8,mww,55,69,0.188,0.57,us,us7000qbfm,2025-09-12T16:23:12.040Z,"4 km WSW of Amatitlán, Guatemala",earthquake,4.37,1.57,0.073,18,reviewed,us,us
2025-07-01T12:58:53.270Z,14.7633,-92.4118,66.774,4.4,mb,35,135,0.852,0.5,us,us7000q9z2,2025-09-04T20:40:03.040Z,"3 km N of El Encanto, Mexico",earthquake,5.62,7.714,0.138,15,reviewed,us,us
2025-06-28T19:35:22.701Z,13.7159,-90.8717,66.31,5,mww,63,80,0.888,0.99,us,us7000q9e7,2025-09-04T20:40:01.040Z,"24 km SSW of Puerto San José, Guatemala",earthquake,6.19,5.363,0.05,38,reviewed,us,us
2025-06-22T17:56:44.987Z,13.5675,-91.2791,35,4.3,mb,36,130,1.023,1.12,us,us6000qlty,2025-09-02T21:23:41.040Z,"61 km SSW of La Gomera, Guatemala",earthquake,4.49,1.916,0.061,76,reviewed,us,us
2025-06-20T10:01:23.207Z,14.075,-91.3428,76.758,4.6,mwr,147,164,0.525,0.55,us,us6000qlei,2025-09-02T21:23:39.040Z,"14 km SSW of Nueva Concepción, Guatemala",earthquake,3.27,5.839,0.08,15,reviewed,us,us
2025-06-16T08:56:38.927Z,14.5854,-91.5632,127.024,4,mb,52,128,0.026,0.56,us,us6000qkjv,2025-08-22T20:26:02.040Z,"2 km ENE of San Andrés Villa Seca, Guatemala",earthquake,8.27,10.675,0.076,47,reviewed,us,us
2025-06-06T00:07:10.735Z,15.0734,-91.2919,192.348,4.5,mb,64,83,0.571,1.08,us,us6000qibj,2025-08-20T16:08:56.040Z,"6 km NE of Santa María Chiquimula, Guatemala",earthquake,5.85,5.225,0.044,152,reviewed,us,us
2025-05-30T23:31:39.966Z,14.6797,-92.4688,66.077,4,mb,35,177,0.891,0.81,us,us6000qh03,2025-08-16T21:54:11.040Z,"6 km SW of Puerto Madero, Mexico",earthquake,8.37,9.214,0.115,20,reviewed,us,us
2025-05-27T22:53:05.538Z,13.6053,-89.9185,73.771,4.4,mb,37,167,0.324,0.94,us,us6000qgai,2025-08-13T15:14:25.040Z,"9 km W of Acajutla, El Salvador",earthquake,6.55,5.271,0.051,113,reviewed,us,us
2025-05-27T07:11:31.888Z,13.6429,-91.3666,35,4.5,mb,185,154,0.93,1.17,us,us7000q1ql,2025-08-13T15:14:33.040Z,"59 km SW of La Gomera, Guatemala",earthquake,9.07,1.942,0.027,393,reviewed,us,us
2025-05-26T12:15:02.192Z,13.6658,-91.2943,35,4.2,mb,98,181,0.925,1,us,us7000q1j2,2025-08-13T15:14:33.040Z,"52 km SSW of La Gomera, Guatemala",earthquake,8.16,1.979,0.052,102,reviewed,us,us
2025-05-19T13:56:22.317Z,13.5341,-91.6326,32.216,4.1,mb,30,240,1.022,0.78,us,us6000qhn4,2025-07-25T17:06:14.040Z,"81 km SSW of Nueva Concepción, Guatemala",earthquake,9.5,9.299,0.107,24,reviewed,us,us
2025-05-12T14:34:02.183Z,13.8229,-90.9285,69.462,4.5,mb,90,107,0.819,0.64,us,us7000pytk,2025-07-24T21:30:15.040Z,"16 km SW of Puerto San José, Guatemala",earthquake,7.9,6.789,0.047,134,reviewed,us,us
2025-05-07T06:42:40.175Z,13.9576,-92.3821,39.858,4.1,mb,32,184,0.999,0.96,us,us6000qi8u,2025-07-24T21:30:10.040Z,"62 km SW of Champerico, Guatemala",earthquake,2.29,11.396,0.117,20,reviewed,us,us
2025-04-19T08:43:51.140Z,13.7442,-91.8565,29.174,4.3,mb,110,181,0.861,0.8,us,us6000q772,2025-06-27T00:34:31.040Z,"61 km S of Champerico, Guatemala",earthquake,8.03,8.596,0.05,115,reviewed,us,us
2025-03-19T02:47:45.667Z,13.7206,-89.0896,149.611,4.9,mb,164,121,0.148,1.05,us,us6000pzpd,2025-05-29T17:36:23.040Z,"2 km NE of Ilopango, El Salvador",earthquake,6.4,5.463,0.049,132,reviewed,us,us
2025-03-15T21:00:24.682Z,13.9004,-92.1936,30.168,4.3,mb,34,210,0.901,1.14,us,us6000pz2y,2025-05-17T19:19:58.040Z,"53 km SW of Champerico, Guatemala",earthquake,8.22,9.363,0.101,28,reviewed,us,us
2025-03-14T15:05:39.851Z,14.7073,-92.0953,92.459,4.4,mb,46,131,0.429,1,us,us6000pyuq,2025-05-17T19:19:58.040Z,"5 km NE of Ciudad Tecún Umán, Guatemala",earthquake,5.3,4.883,0.045,141,reviewed,us,us
2025-03-01T04:01:08.428Z,13.6626,-91.867,37.388,4.4,mb,49,160,0.941,0.95,us,us6000pw7t,2025-05-08T19:24:43.040Z,"69 km S of Champerico, Guatemala",earthquake,7.77,8.908,0.042,161,reviewed,us,us
2025-03-01T02:28:32.108Z,13.5727,-91.9089,10,4.3,mb,44,191,1.039,1.39,us,us6000pw7c,2025-05-08T19:24:43.040Z,"79 km S of Champerico, Guatemala",earthquake,7.84,1.974,0.081,43,reviewed,us,us
2025-02-26T21:12:41.833Z,13.633,-90.6563,78.855,4.2,mb,17,199,0.893,1,us,us6000pvpg,2025-05-08T19:24:41.040Z,"33 km S of Iztapa, Guatemala",earthquake,5.71,11.309,0.199,7,reviewed,us,us
2025-02-17T19:56:26.490Z,13.7688,-90.7139,81.997,4.4,mb,50,155,0.787,1.11,us,us7000pebq,2025-05-02T16:26:21.040Z,"18 km S of Iztapa, Guatemala",earthquake,6.86,6.228,0.07,58,reviewed,us,us
2025-02-16T20:47:26.890Z,13.8119,-92.3969,10,4.9,mww,81,142,1.103,1.06,us,us7000pe58,2025-05-02T16:26:20.040Z,"74 km SW of Champerico, Guatemala",earthquake,5.63,1.907,0.068,21,reviewed,us,us
2025-02-10T08:11:20.239Z,13.8792,-90.6251,99.064,4.5,mb,176,149,0.66,0.71,us,us7000pclr,2025-04-26T14:47:06.040Z,"10 km SE of Iztapa, Guatemala",earthquake,4.52,5.408,0.028,371,reviewed,us,us
2025-02-06T02:33:26.624Z,13.8165,-91.4697,61.664,4.4,mb,87,214,0.744,0.95,us,us7000pbqa,2025-04-26T14:47:02.040Z,"46 km SSW of Nueva Concepción, Guatemala",earthquake,6.17,7.449,0.055,96,reviewed,us,us
2025-02-05T22:39:36.534Z,13.8048,-91.6655,47.481,4,mb,21,208,0.758,0.9,us,us7000pbp2,2025-04-26T14:47:02.040Z,"58 km SW of Nueva Concepción, Guatemala",earthquake,7.26,14.63,0.15,12,reviewed,us,us
2025-02-05T13:56:11.324Z,13.7812,-91.7001,48.698,4.2,mb,69,183,0.786,0.73,us,us7000pbjy,2025-04-26T14:47:02.040Z,"61 km SSE of Champerico, Guatemala",earthquake,6.54,9.694,0.076,48,reviewed,us,us
2025-02-05T07:22:10.653Z,13.7969,-91.5946,58.424,4.1,mb,43,182,0.759,0.83,us,us7000pbfs,2025-04-26T14:47:02.040Z,"54 km SW of Nueva Concepción, Guatemala",earthquake,7.76,3.187,0.087,36,reviewed,us,us
2025-02-05T07:01:18.108Z,13.9242,-91.5982,58.159,5.6,mww,110,62,0.633,0.89,us,us7000pbfb,2025-04-26T14:47:02.040Z,"44 km SW of Nueva Concepción, Guatemala",earthquake,5.24,4.131,0.037,71,reviewed,us,us
2025-01-23T01:56:55.712Z,14.4711,-90.5525,188.477,4.8,mb,161,109,0.08,0.91,us,us6000plr3,2025-04-08T22:00:58.040Z,"2 km WSW of Villa Canales, Guatemala",earthquake,8.68,6.482,0.034,260,reviewed,us,us
2025-01-22T06:01:44.938Z,15.2096,-88.7614,10,4.2,mb,31,58,1.498,0.93,us,us7000pac3,2025-04-08T22:01:03.040Z,"6 km NW of Concepción de la Barranca, Honduras",earthquake,3.48,1.938,0.152,12,reviewed,us,us
2025-01-11T03:33:38.566Z,15.8447,-92.3541,199.678,4.9,mb,60,105,0.482,0.91,us,us6000pjd4,2025-03-20T20:55:05.040Z,"8 km W of Pablo L. Sidar, Mexico",earthquake,6.58,4.463,0.041,186,reviewed,us,us
2025-01-09T16:31:45.323Z,13.599,-89.7339,95,5.8,mww,169,37,0.304,1.05,us,us6000pixh,2025-03-20T20:54:55.040Z,"10 km E of Acajutla, El Salvador",earthquake,6.07,1.88,0.034,85,reviewed,us,us
2024-12-31T00:16:48.789Z,13.8871,-92.0177,35,3.8,mb,19,215,0.804,0.51,us,us6000pgkl,2025-03-11T13:12:27.040Z,"46 km SSW of Champerico, Guatemala",earthquake,4.77,1.994,0.207,6,reviewed,us,us
2024-12-18T18:55:13.680Z,13.6582,-92.4902,10,4.2,mb,27,204,1.274,0.65,us,us6000phhb,2025-02-27T17:30:48.040Z,"94 km SW of Champerico, Guatemala",earthquake,3.95,1.968,0.2,7,reviewed,us,us
2024-12-17T04:22:27.200Z,14.5407,-91.8501,78.353,4,mb,15,174,0.285,0.65,us,us7000nzgc,2025-02-27T17:30:51.040Z,"9 km S of Génova, Guatemala",earthquake,6.49,3.99,0.365,2,reviewed,us,us
2024-12-12T10:26:48.858Z,15.2083,-89.9801,10,4.3,mb,36,55,0.668,0.93,us,us7000ny4a,2025-02-18T20:02:56.040Z,"17 km ESE of Tucurú, Guatemala",earthquake,5.31,1.976,0.104,26,reviewed,us,us
2024-12-11T11:07:38.400Z,14.3561,-92.203,48.478,4.3,mb,81,210,0.658,0.94,us,us7000nxtz,2025-02-18T20:02:55.040Z,"17 km S of Ocós, Guatemala",earthquake,5.66,9.605,0.061,77,reviewed,us,us
2024-12-03T04:33:23.480Z,14.5996,-92.4747,71.367,4.2,mb,49,163,0.564,1.04,us,us7000nvk2,2025-02-15T18:29:07.040Z,"14 km SSW of Puerto Madero, Mexico",earthquake,5.72,5.929,0.121,19,reviewed,us,us
2024-12-02T23:06:59.736Z,13.8111,-91.1881,53.909,4,mb,34,179,0.826,0.48,us,us7000nvj8,2025-02-15T18:29:04.040Z,"33 km SSW of La Gomera, Guatemala",earthquake,5.68,11.37,0.119,19,reviewed,us,us
2024-11-30T10:53:22.363Z,13.7792,-91.9269,34.182,4.1,mb,35,164,0.855,0.71,us,us7000nv45,2025-02-02T00:54:03.040Z,"56 km S of Champerico, Guatemala",earthquake,7.45,7.952,0.088,35,reviewed,us,us
2024-11-19T14:56:40.701Z,14.5488,-90.7382,179.148,4.7,mb,88,148,0.233,0.8,us,us7000nsm9,2025-01-30T17:00:35.040Z,"1 km SSW of Antigua Guatemala, Guatemala",earthquake,7.19,5.846,0.049,129,reviewed,us,us
2024-11-19T10:22:20.156Z,15.3049,-92.0939,170.023,4,mb,35,70,0.136,0.49,us,us7000nwd5,2025-01-30T17:00:36.040Z,"3 km W of Tectitán, Guatemala",earthquake,6.21,3.976,0.15,12,reviewed,us,us
2024-11-10T11:56:33.499Z,13.7555,-92.0678,25.556,4,mb,28,201,0.941,1.29,us,us7000nqzv,2025-01-24T19:51:29.040Z,"61 km SSW of Champerico, Guatemala",earthquake,7.19,11.33,0.156,11,reviewed,us,us
2024-11-08T18:16:00.138Z,13.8087,-91.9041,34.93,4.2,mb,69,158,1.339,0.77,us,us7000nqqj,2025-01-24T19:51:24.040Z,"53 km S of Champerico, Guatemala",earthquake,6.34,7.73,0.071,60,reviewed,us,us
2024-11-07T12:47:19.827Z,13.5796,-90.6367,51.916,4.3,mb,40,171,0.892,1.08,us,us7000nqe2,2025-01-24T19:51:20.040Z,"39 km S of Iztapa, Guatemala",earthquake,6.9,11.901,0.085,39,reviewed,us,us
2024-11-04T05:37:55.632Z,13.8133,-90.8041,92.253,4.3,mwr,163,173,0.774,0.53,us,us7000npt3,2025-01-24T19:51:12.040Z,"12 km S of Puerto San José, Guatemala",earthquake,6.55,5.59,0.083,14,reviewed,us,us
2024-10-28T05:28:12.413Z,13.6677,-92.3457,10,4.2,mb,56,162,1.445,0.61,us,us7000nnkw,2025-01-16T18:44:09.040Z,"83 km SW of Champerico, Guatemala",earthquake,6.78,1.967,0.089,35,reviewed,us,us
2024-10-14T13:10:23.453Z,14.1203,-91.2932,106.196,4.3,mwr,93,211,0.506,0.88,us,us6000nykg,2024-12-26T23:03:38.040Z,"8 km S of Nueva Concepción, Guatemala",earthquake,7.21,5.665,0.093,11,reviewed,us,us
2024-10-14T13:08:12.282Z,13.738,-89.0315,187.105,4.4,mb,85,113,0.095,0.59,us,us6000nykd,2024-12-26T23:03:33.040Z,"6 km SSW of Tecoluca, El Salvador",earthquake,7.49,5.018,0.055,96,reviewed,us,us
2024-10-11T18:28:38.171Z,14.4052,-91.2103,109.107,4,mb,24,168,0.701,0.43,us,us6000ny5a,2024-12-23T15:46:54.040Z,"3 km SSE of Santa Bárbara, Guatemala",earthquake,6.13,8.301,0.173,9,reviewed,us,us
2024-10-11T13:27:52.231Z,15.3045,-90.8712,4.782,4.2,mwr,41,120,0.701,0.69,us,us6000ny2n,2024-12-23T15:46:51.040Z,"4 km S of Uspantán, Guatemala",earthquake,4.35,5.12,0.075,17,reviewed,us,us
2024-10-09T09:20:21.979Z,13.815,-91.1308,70.561,4.3,mb,64,203,0.848,0.71,us,us6000nxhj,2024-12-23T15:46:15.040Z,"30 km SSW of La Gomera, Guatemala",earthquake,6.72,7.689,0.068,62,reviewed,us,us
2024-10-03T01:54:42.809Z,13.6571,-91.7403,35,4,mb,49,215,0.915,1.37,us,us7000nmml,2024-12-14T14:51:13.040Z,"72 km SSE of Champerico, Guatemala",earthquake,7.19,1.987,0.085,37,reviewed,us,us
2024-09-23T14:37:49.603Z,13.5755,-90.873,23.312,4.1,mb,24,229,1.018,0.58,us,us6000ntv4,2024-12-06T19:30:12.040Z,"39 km S of Puerto San José, Guatemala",earthquake,7.4,13.35,0.127,17,reviewed,us,us
2024-09-16T22:43:06.688Z,14.5575,-91.4472,133.649,4,mb,36,158,0.92,0.56,us,us7000nec9,2024-11-23T23:27:21.040Z,"2 km NE of San Bernardino, Guatemala",earthquake,7.95,10.29,0.116,20,reviewed,us,us
2024-09-05T02:11:24.734Z,13.507,-89.776,62.699,4.2,mb,22,173,0.35,0.92,us,us6000npsa,2024-11-15T16:19:55.040Z,"11 km SSE of Acajutla, El Salvador",earthquake,6.35,6.941,0.216,6,reviewed,us,us
2024-08-27T05:38:46.983Z,14.3415,-92.1555,63.584,4.4,mwr,80,148,1.533,0.83,us,us6000nn0t,2024-11-09T21:18:11.040Z,"19 km SSE of Ocós, Guatemala",earthquake,7.35,6.747,0.073,18,reviewed,us,us
2024-08-26T07:05:04.796Z,14.2873,-90.4663,10,4.1,mb,25,177,0.245,0.62,us,us7000n9gb,2024-11-09T21:19:14.040Z,"6 km N of Pueblo Nuevo Viñas, Guatemala",earthquake,4.81,1.921,0.145,13,reviewed,us,us
2024-08-22T03:57:10.617Z,14.1864,-91.2925,98.807,4.3,mb,139,173,0.843,0.83,us,us7000n8pd,2024-11-02T21:28:44.040Z,"1 km SSE of Nueva Concepción, Guatemala",earthquake,8.86,8.526,0.047,130,reviewed,us,us
2024-08-07T15:26:56.760Z,17.3969,-91.3073,10,4.2,mb,29,56,1.364,0.88,us,us6000nn98,2024-10-24T17:58:19.040Z,"14 km SE of Tenosique, Mexico",earthquake,2.65,1.902,0.104,26,reviewed,us,us
2024-07-26T23:15:30.576Z,13.5168,-88.4422,174.629,4.5,mb,107,102,0.125,0.63,us,us6000ng9n,2026-03-26T17:31:56.949Z,"4 km NE of Santiago de María, El Salvador",earthquake,9.47,5.74,0.06,80,reviewed,us,us
2024-07-26T01:56:54.831Z,14.0773,-90.6646,144.281,4.2,mb,29,119,0.48,1.02,us,us6000ng14,2024-10-08T21:49:12.005Z,"16 km NNE of Iztapa, Guatemala",earthquake,9.1,6.559,0.086,38,reviewed,us,us
2024-07-22T04:30:44.148Z,13.5067,-91.2277,40.054,4.1,mb,36,183,1.095,0.66,us,us7000n0s0,2024-10-08T21:49:16.005Z,"63 km SW of Puerto San José, Guatemala",earthquake,4.11,10.577,0.064,66,reviewed,us,us
2024-07-21T02:53:48.910Z,14.6445,-89.9316,272,6.2,mww,138,29,0.56,1.04,us,us7000n0ka,2024-10-08T16:17:55.257Z,"6 km E of Jalapa, Guatemala",earthquake,7.64,1.867,0.025,155,reviewed,us,us
2024-06-24T04:32:26.085Z,14.2817,-90.5722,146.047,4.3,mb,32,161,0.259,0.83,us,us7000mu7v,2024-09-04T21:57:39.040Z,"9 km NE of Guanagazapa, Guatemala",earthquake,9.49,8.563,0.069,59,reviewed,us,us
2024-06-22T22:29:05.464Z,14.5645,-92.4399,48.785,4,mb,59,114,0.381,0.8,us,us7000mu0n,2024-08-30T18:17:06.040Z,"17 km S of Puerto Madero, Mexico",earthquake,5.12,10.76,0.092,32,reviewed,us,us
2024-06-22T00:38:03.188Z,14.2734,-91.6358,69.656,4.5,mb,93,87,0.295,0.67,us,us7000mtvs,2024-08-30T18:17:07.040Z,"27 km SSW of San Lorenzo, Guatemala",earthquake,8.31,4.775,0.051,114,reviewed,us,us
2024-06-12T02:55:06.200Z,14.8286,-90.4539,14.709,4.9,mww,46,67,0.298,0.91,us,us7000mrv6,2025-07-08T22:54:49.016Z,"5 km N of San Pedro Ayampuc, Guatemala",earthquake,2.35,4.448,0.069,20,reviewed,us,us
2024-06-06T03:58:13.562Z,13.6795,-92.0424,10,4,mb,55,164,0.994,1.09,us,us7000mqm1,2024-08-16T21:59:22.040Z,"69 km SSW of Champerico, Guatemala",earthquake,3.22,1.966,0.086,36,reviewed,us,us
2024-05-12T11:39:12.718Z,14.4264,-92.4617,61.91,6.4,mww,267,30,0.515,1.05,us,us6000my20,2024-10-08T21:11:23.868Z,"28 km WSW of Brisas Barra de Suchiate, Mexico",earthquake,3.41,3.065,0.029,111,reviewed,us,us
2024-05-09T01:07:42.241Z,13.8613,-91.034,67.936,4.3,mb,72,213,0.845,1,us,us6000mxc2,2024-07-20T22:20:03.040Z,"24 km WSW of Puerto San José, Guatemala",earthquake,7.66,9.246,0.062,74,reviewed,us,us
2024-05-07T01:15:47.428Z,13.7955,-92.2561,10,4.2,mb,23,200,1.018,0.74,us,us6000myim,2024-07-20T22:20:01.040Z,"66 km SW of Champerico, Guatemala",earthquake,3.35,1.979,0.187,8,reviewed,us,us
2024-04-22T02:12:43.775Z,13.9924,-91.5168,50.602,4.1,mb,49,178,0.566,0.87,us,us7000mdrg,2024-07-02T22:12:54.040Z,"32 km SW of Nueva Concepción, Guatemala",earthquake,5.91,4.699,0.089,34,reviewed,us,us
2024-04-17T09:09:17.583Z,15.2698,-91.5214,221.682,4.1,mb,26,106,0.706,0.55,us,us7000mcm9,2024-06-25T21:02:54.040Z,"3 km NW of Malacatancito, Guatemala",earthquake,9.68,8.153,0.139,14,reviewed,us,us
2024-04-16T19:36:32.824Z,13.9966,-91.2373,72.154,4.4,mb,52,108,0.64,0.95,us,us7000mci1,2024-06-25T21:02:51.040Z,"21 km WSW of La Gomera, Guatemala",earthquake,5.19,2.928,0.056,92,reviewed,us,us
2024-04-14T19:14:58.353Z,13.9423,-91.1667,80.948,4.7,mwr,69,136,0.721,0.64,us,us7000mc2f,2024-06-17T02:15:35.040Z,"19 km SW of La Gomera, Guatemala",earthquake,6.08,6.232,0.078,16,reviewed,us,us
2024-04-09T05:11:30.711Z,13.8619,-92.288,35,4,mb,34,139,0.992,1.3,us,us7000mcw0,2024-06-17T02:14:55.040Z,"62 km SW of Champerico, Guatemala",earthquake,4.85,1.804,0.149,12,reviewed,us,us
2024-04-07T17:49:32.447Z,13.8143,-88.9836,193.139,5,mb,78,87,0.11,0.78,us,us7000man5,2024-06-12T21:51:56.040Z,"2 km S of Tenancingo, El Salvador",earthquake,8.54,5.097,0.026,477,reviewed,us,us
2024-04-03T23:06:54.663Z,14.0171,-90.2252,137.054,4.4,mb,53,153,0.447,0.75,us,us7000m9rf,2024-06-12T21:51:53.040Z,"4 km NNW of Pasaco, Guatemala",earthquake,9.32,6.673,0.081,44,reviewed,us,us
2024-04-03T03:48:24.256Z,13.7042,-89.9807,94.602,4.4,mb,48,152,0.277,0.58,us,us7000m9ik,2024-06-12T21:51:52.040Z,"15 km WSW of Guaymango, El Salvador",earthquake,6.74,5.183,0.059,83,reviewed,us,us
2024-03-19T05:52:01.393Z,13.6172,-90.9711,74.655,4.1,mb,21,217,1.019,1.15,us,us6000mkir,2024-05-27T14:19:22.040Z,"37 km SSW of Puerto San José, Guatemala",earthquake,8.19,9.649,0.127,17,reviewed,us,us
2024-03-08T06:04:13.070Z,13.8015,-91.7634,35,4.2,mb,47,215,0.78,0.54,us,us6000miv3,2024-05-15T17:35:02.040Z,"56 km SSE of Champerico, Guatemala",earthquake,4.98,2.012,0.077,47,reviewed,us,us
2024-03-08T06:03:44.493Z,13.6334,-91.9644,26.057,4.1,mb,60,186,1.002,0.92,us,us7000m42p,2024-05-15T17:35:02.040Z,"73 km S of Champerico, Guatemala",earthquake,8.58,9.26,0.077,46,reviewed,us,us
2024-03-03T16:46:38.549Z,15.5998,-92.4391,181.465,4.1,mb,24,106,0.477,0.59,us,us7000m9cb,2024-05-10T21:26:02.040Z,"13 km WNW of Siltepec, Mexico",earthquake,5.41,4.98,0.158,11,reviewed,us,us
2024-03-03T16:28:14.662Z,13.5452,-91.2468,46.266,4.2,mb,21,200,1.221,1.25,us,us6000mghg,2024-05-10T21:25:59.040Z,"62 km SW of Puerto San José, Guatemala",earthquake,8.64,14.573,0.099,30,reviewed,us,us
2024-03-03T03:20:29.792Z,13.8651,-89.7981,94.214,4.3,mb,40,133,0.041,0.98,us,us6000mge6,2024-05-10T21:25:58.040Z,"5 km E of Concepción de Ataco, El Salvador",earthquake,8.82,4.254,0.069,60,reviewed,us,us
2024-02-25T22:14:44.429Z,14.0869,-91.8134,67.116,4.1,mb,39,203,1.35,0.93,us,us7000m1js,2024-05-02T15:50:14.040Z,"25 km SSE of Champerico, Guatemala",earthquake,8.17,9.655,0.099,28,reviewed,us,us
2024-02-21T11:01:07.955Z,14.5272,-90.2632,241.887,4.7,mb,125,103,0.227,0.67,us,us7000m0iw,2024-05-02T15:50:12.040Z,"8 km W of Mataquescuintla, Guatemala",earthquake,8.63,5.927,0.046,143,reviewed,us,us
2024-02-19T10:04:14.264Z,13.7875,-91.4835,48.361,4.3,mb,25,181,0.771,0.7,us,us7000m13q,2024-05-02T15:50:13.040Z,"49 km SSW of Nueva Concepción, Guatemala",earthquake,6.32,8.646,0.2,7,reviewed,us,us
2024-02-12T03:10:04.693Z,13.9241,-90.5005,110.892,4.1,mb,68,168,0.604,0.71,us,us7000lyj3,2024-04-24T14:42:00.040Z,"16 km SSW of Taxisco, Guatemala",earthquake,7.72,5.588,0.069,58,reviewed,us,us
2024-02-05T14:21:24.652Z,13.6963,-89.7436,64.767,4.2,mb,36,164,0.206,0.68,us,us7000ly0i,2024-04-20T19:33:04.040Z,"2 km SSW of San Antonio del Monte, El Salvador",earthquake,8.07,4.336,0.098,29,reviewed,us,us
2024-01-29T21:38:33.921Z,13.5419,-88.6575,183.251,4.5,mb,81,82,0.321,0.5,us,us7000luun,2024-04-13T19:27:05.040Z,"13 km NNW of San Agustín, El Salvador",earthquake,8.59,5.8,0.067,65,reviewed,us,us
2024-01-27T05:52:48.419Z,14.0636,-90.6159,90,6.1,mww,134,57,0.479,0.84,us,us7000luai,2024-09-15T05:04:21.428Z,"15 km W of Taxisco, Guatemala",earthquake,7.28,1.935,0.033,87,reviewed,us,us
2024-01-22T22:05:08.235Z,13.7626,-92.0903,34.469,4.5,mb,115,105,1.151,1.15,us,us7000lt1k,2024-03-30T22:32:31.040Z,"61 km SSW of Champerico, Guatemala",earthquake,5.43,3.13,0.057,90,reviewed,us,us
2024-01-22T21:54:36.632Z,13.7916,-92.0689,21.626,4.3,mb,26,228,1.126,0.66,us,us7000lu3c,2024-03-30T22:34:01.040Z,"58 km SSW of Champerico, Guatemala",earthquake,2.63,7.688,0.147,13,reviewed,us,us
2024-01-22T21:52:54.093Z,13.8003,-92.0793,35.251,4.6,mb,107,114,1.115,0.96,us,us7000lt1e,2024-03-30T22:32:30.040Z,"57 km SSW of Champerico, Guatemala",earthquake,2.54,6.695,0.06,83,reviewed,us,us
2024-01-22T05:45:13.906Z,15.7657,-88.742,10,4,mb,27,64,1.973,0.29,us,us6000m5cx,2024-03-30T22:32:18.040Z,"6 km S of Lívingston, Guatemala",earthquake,4.94,1.964,0.134,15,reviewed,us,us
2024-01-21T07:12:21.720Z,14.1429,-91.9055,59.805,4,mb,24,193,1.418,0.34,us,us6000m57k,2024-03-29T17:37:55.040Z,"16 km S of Champerico, Guatemala",earthquake,8.29,12.54,0.144,13,reviewed,us,us
2024-01-20T22:21:13.306Z,14.7311,-92.3963,92.068,4.3,mb,24,175,0.217,0.53,us,us7000lu08,2024-03-29T17:37:57.040Z,"1 km E of El Encanto, Mexico",earthquake,4.2,5.694,0.237,5,reviewed,us,us
2024-01-15T14:33:45.538Z,13.5843,-91.4894,29.793,4.2,mb,52,146,1.347,0.59,us,us6000m3sj,2024-03-29T17:37:51.040Z,"71 km SSW of Nueva Concepción, Guatemala",earthquake,8.35,7.181,0.081,42,reviewed,us,us
2024-01-14T21:14:49.186Z,13.6209,-91.2772,64.575,4.3,mb,68,94,1.18,0.76,us,us6000m3n4,2024-03-16T19:00:40.040Z,"56 km SSW of La Gomera, Guatemala",earthquake,8.08,6.678,0.073,53,reviewed,us,us
2024-01-14T16:31:25.224Z,13.8374,-92.1197,35,4.2,mb,32,178,1.349,0.81,us,us6000m4ru,2024-03-16T18:59:05.040Z,"55 km SSW of Champerico, Guatemala",earthquake,3.81,1.946,0.124,18,reviewed,us,us
2024-01-13T05:25:33.592Z,13.8885,-90.9374,62.163,4.2,mb,23,182,0.769,0.67,us,us6000m3g6,2024-03-16T19:00:33.040Z,"13 km WSW of Puerto San José, Guatemala",earthquake,8.54,10.196,0.16,11,reviewed,us,us
2024-01-09T00:37:18.165Z,13.7496,-92.3151,28.678,4.1,mb,29,188,1.152,1.15,us,us6000m48x,2024-03-16T18:59:50.040Z,"74 km SW of Champerico, Guatemala",earthquake,5.91,7.757,0.198,7,reviewed,us,us
2024-01-07T20:48:05.886Z,14.1237,-89.9055,199.38,4.2,mb,29,164,0.252,0.58,us,us6000m41y,2024-03-09T21:40:56.040Z,"1 km NE of Comapa, Guatemala",earthquake,10.07,6.66,0.124,18,reviewed,us,us
2023-12-29T12:33:33.662Z,14.2517,-91.4038,83.572,4.1,mb,49,176,1.614,0.5,us,us6000m2qf,2024-03-02T21:39:37.040Z,"5 km SW of Tiquisate, Guatemala",earthquake,9.88,11.185,0.087,36,reviewed,us,us
2023-12-14T17:55:01.836Z,13.988,-91.3759,78.238,5.4,mww,205,91,1.552,0.83,us,us7000lj39,2024-02-17T22:43:09.040Z,"24 km SSW of Nueva Concepción, Guatemala",earthquake,3.38,4.279,0.057,30,reviewed,us,us
2023-12-12T21:07:08.497Z,14.6225,-91.6098,115.425,4.6,mb,133,132,1.726,0.62,us,us7000lii1,2024-02-17T22:43:07.040Z,"1 km W of San Felipe, Guatemala",earthquake,9.26,6.397,0.048,130,reviewed,us,us
2023-12-02T00:59:16.643Z,15.1695,-91.6718,185.813,4.2,mb,32,114,1.193,0.59,us,us7000lgyl,2024-02-06T21:54:00.040Z,"6 km SW of Sipacapa, Guatemala",earthquake,8.65,5.506,0.118,20,reviewed,us,us
2023-11-11T21:07:15.359Z,15.8416,-89.1655,10,4.3,mb,42,81,2.018,0.68,us,us7000lae0,2024-01-13T23:11:39.040Z,"38 km NNE of El Estor, Guatemala",earthquake,6.84,1.956,0.086,38,reviewed,us,us
2023-11-09T08:23:42.787Z,14.4511,-91.3596,11.188,4.4,mb,63,182,1.626,0.57,us,us7000l9sw,2024-01-13T23:10:49.040Z,"6 km E of San José El Ídolo, Guatemala",earthquake,10.98,6.409,0.067,63,reviewed,us,us
2023-11-06T06:50:06.692Z,13.6769,-90.4388,83.004,4.1,mb,45,193,0.678,0.42,us,us7000l943,2024-01-13T23:10:11.040Z,"40 km SE of Iztapa, Guatemala",earthquake,9.75,6.345,0.09,35,reviewed,us,us
2023-11-05T18:56:08.102Z,14.15,-91.2104,93.012,4.4,mb,110,98,1.78,0.77,us,us7000l91w,2024-01-13T23:10:07.040Z,"11 km ESE of Nueva Concepción, Guatemala",earthquake,7.73,4.634,0.042,165,reviewed,us,us
2023-11-04T14:03:24.877Z,14.0528,-91.5399,60.967,4.2,mb,32,178,1.715,1.11,us,us7000l8vc,2024-01-10T06:01:57.040Z,"30 km WSW of Nueva Concepción, Guatemala",earthquake,9.47,12.464,0.08,43,reviewed,us,us
2023-11-03T16:34:46.014Z,13.6633,-90.6989,55.881,4.4,mb,28,177,0.924,0.77,us,us7000l8mz,2024-01-27T06:11:24.010Z,"29 km S of Iztapa, Guatemala",earthquake,5.54,9.14,0.064,70,reviewed,us,us
2023-11-01T21:52:16.903Z,13.5497,-90.7696,50.606,5.3,mww,209,54,1.288,0.71,us,us7000l875,2024-01-10T06:01:36.040Z,"42 km S of Puerto San José, Guatemala",earthquake,6.96,3.921,0.057,30,reviewed,us,us
2023-10-27T13:23:59.032Z,14.7448,-92.0963,103.182,4,mb,43,126,0.23,0.74,us,us7000l835,2024-01-04T04:22:25.040Z,"7 km WNW of Pajapita, Guatemala",earthquake,6.34,4.295,0.093,31,reviewed,us,us
2023-10-21T05:11:26.100Z,13.5154,-91.0642,53.465,4.4,mb,66,214,1.306,0.65,us,us6000lh3e,2023-12-26T21:24:51.040Z,"52 km SSW of Puerto San José, Guatemala",earthquake,10.85,11.267,0.065,68,reviewed,us,us
2023-10-13T23:21:46.065Z,13.6634,-91.9249,10,4.3,mb,26,205,2.098,0.48,us,us6000lfg2,2023-12-16T22:13:08.040Z,"69 km S of Champerico, Guatemala",earthquake,7.33,1.953,0.138,15,reviewed,us,us
2023-10-08T03:39:54.718Z,13.8993,-90.3988,97.871,4.4,mb,62,103,0.601,0.81,us,us6000ldy4,2023-12-16T22:13:05.040Z,"19 km S of Guazacapán, Guatemala",earthquake,7.16,4.442,0.046,138,reviewed,us,us
2023-09-25T06:57:45.859Z,13.8654,-91.9861,35,4.6,mb,136,166,1.071,0.51,us,us7000kxy5,2023-12-09T22:00:45.040Z,"48 km S of Champerico, Guatemala",earthquake,6.7,1.934,0.032,284,reviewed,us,us
2023-09-24T09:21:41.091Z,13.7845,-90.6794,90.465,4.2,mb,55,150,0.882,0.52,us,us7000kxt1,2023-12-09T22:00:44.040Z,"16 km S of Iztapa, Guatemala",earthquake,7.35,8.246,0.057,85,reviewed,us,us
2023-09-18T08:38:13.221Z,14.0922,-92.3444,35,4.2,mb,146,133,0.814,0.5,us,us7000kwf2,2023-12-02T23:01:07.040Z,"49 km SSW of Ocós, Guatemala",earthquake,4.62,1.922,0.047,129,reviewed,us,us
2023-08-28T22:18:55.025Z,14.3713,-92.1968,60.367,4.2,mb,64,159,0.537,0.76,us,us7000krp9,2023-11-04T21:35:43.040Z,"15 km S of Ocós, Guatemala",earthquake,6.03,6.817,0.076,48,reviewed,us,us
2023-08-14T11:09:47.265Z,14.2591,-91.7394,73.912,4.2,mb,50,155,1.934,0.48,us,us6000kzu8,2023-10-27T21:39:01.040Z,"19 km ESE of Champerico, Guatemala",earthquake,9.05,10.898,0.062,71,reviewed,us,us
2023-08-13T06:22:03.852Z,14.3381,-89.7713,236.904,4.8,mb,108,129,0.433,0.56,us,us6000kzng,2023-10-27T21:39:00.040Z,"6 km W of Asunción Mita, Guatemala",earthquake,9.66,6.539,0.028,391,reviewed,us,us
2023-08-08T00:04:16.474Z,14.0458,-92.2697,35,4.1,mb,41,181,0.857,0.66,us,us6000kyjc,2023-10-17T22:01:27.040Z,"47 km SW of Champerico, Guatemala",earthquake,3.4,1.976,0.112,22,reviewed,us,us
2023-08-03T05:46:36.264Z,13.7326,-90.3357,80.139,4.2,mb,59,150,0.566,0.41,us,us6000kxgi,2023-10-07T21:38:57.040Z,"30 km SSW of Pasaco, Guatemala",earthquake,8.59,6.337,0.057,85,reviewed,us,us
2023-07-25T03:42:19.364Z,14.0117,-92.0828,52.665,4.5,mb,171,95,2.258,0.86,us,us7000ki5i,2023-09-30T21:36:40.040Z,"36 km SSW of Champerico, Guatemala",earthquake,7.05,5.875,0.029,366,reviewed,us,us
2023-07-24T14:22:05.563Z,16.041,-91.3174,12.128,4.1,mb,44,93,0.823,0.79,us,us6000kxau,2023-09-30T21:36:35.040Z,"10 km S of Santo Domingo de las Palmas, Mexico",earthquake,3.8,5.322,0.092,32,reviewed,us,us
2023-07-23T18:23:08.997Z,16.0371,-91.2293,10,4.7,mb,226,57,0.905,0.87,us,us7000khuf,2023-09-30T21:36:39.040Z,"13 km SSE of Maravilla Tenejapa, Mexico",earthquake,4.54,1.813,0.031,312,reviewed,us,us
2023-07-14T20:17:13.542Z,14.0728,-89.7397,195.629,4.3,mb,94,57,0.174,0.82,us,us7000khdz,2023-09-16T19:16:25.040Z,"2 km SSE of Jerez, Guatemala",earthquake,7.28,4.334,0.063,76,reviewed,us,us
2023-06-29T14:03:03.091Z,13.7451,-90.5829,81.122,4.3,mb,31,198,0.796,0.93,us,us6000knvr,2023-09-08T14:18:27.040Z,"24 km SSE of Iztapa, Guatemala",earthquake,4.89,7.981,0.073,53,reviewed,us,us
2023-06-24T01:46:08.814Z,14.5558,-90.6806,188.338,4.3,mb,30,124,1.089,0.52,us,us6000kpvr,2023-08-26T20:54:21.040Z,"1 km NW of Magdalena Milpas Altas, Guatemala",earthquake,10.61,7.301,0.08,45,reviewed,us,us
2023-06-23T10:15:10.558Z,14.0533,-90.9124,98.675,4.3,mb,127,151,1.11,0.46,us,us7000kaig,2023-08-26T20:54:27.040Z,"15 km ESE of La Gomera, Guatemala",earthquake,8.37,7.227,0.039,187,reviewed,us,us
2023-06-20T12:22:20.110Z,13.791,-92.2761,28.106,4.4,mb,25,162,2.427,0.95,us,us6000knnd,2023-08-26T20:54:13.040Z,"68 km SW of Champerico, Guatemala",earthquake,6.62,6.847,0.155,12,reviewed,us,us
2023-06-01T10:02:08.943Z,14.6587,-90.6804,211.792,4.6,mb,71,113,1.152,0.99,us,us7000k5gi,2023-08-05T22:07:44.040Z,"Guatemala",earthquake,6.18,6.371,0.045,148,reviewed,us,us
2023-05-30T23:30:58.078Z,13.6198,-91.5107,42.496,4.2,mb,48,181,1.705,0.77,us,us7000k54j,2024-01-18T20:02:24.359Z,"68 km SSW of Nueva Concepci?n, Guatemala",earthquake,4.5,9.679,0.083,40,reviewed,us,us
2023-05-21T03:28:56.706Z,14.711,-92.3372,87.294,4,mb,27,176,0.208,0.84,us,us6000kdjt,2023-07-29T22:00:24.040Z,"1 km SW of Tinajas 1ra. Sección, Mexico",earthquake,5.88,4.139,0.139,14,reviewed,us,us
2023-05-18T22:55:45.997Z,13.7811,-91.4682,35,4.2,mb,45,184,1.644,0.65,us,us6000kczi,2024-01-18T19:57:29.562Z,"49 km SSW of Nueva Concepci?n, Guatemala",earthquake,7.53,1.963,0.082,41,reviewed,us,us
2023-05-17T23:01:59.919Z,15.1066,-90.8052,252,6.4,mww,349,37,1.556,0.86,us,us6000kcnb,2024-06-12T03:06:12.807Z,"8 km SE of Canillá, Guatemala",earthquake,6.92,1.674,0.024,174,reviewed,us,us
2023-05-06T04:56:24.543Z,15.882,-92.4035,177.839,5,mww,65,94,0.473,0.95,us,us6000k9yt,2023-07-15T22:10:05.040Z,"11 km WSW of Nueva América, Mexico",earthquake,5.42,5.392,0.048,41,reviewed,us,us
2023-04-28T08:39:37.787Z,13.9242,-90.9972,65.363,4.3,mb,56,161,1.182,0.58,us,us7000jwl4,2023-07-11T01:45:25.040Z,"18 km SSE of La Gomera, Guatemala",earthquake,10.06,8.232,0.067,64,reviewed,us,us
2023-04-20T15:00:00.526Z,13.7375,-91.3652,57.34,4.8,mb,174,78,1.549,0.69,us,us6000k5ss,2023-07-03T02:46:58.040Z,"50 km SW of La Gomera, Guatemala",earthquake,8.58,5.634,0.027,425,reviewed,us,us
2023-04-14T17:06:19.464Z,14.2282,-92.2331,46.851,4.4,mb,124,182,2.403,0.56,us,us6000k4if,2023-06-17T21:36:54.040Z,"near the coast of Chiapas, Mexico",earthquake,14.21,10.383,0.048,125,reviewed,us,us
2023-04-11T19:04:58.151Z,14.3905,-90.4617,177.891,4.4,mb,71,83,0.82,0.76,us,us6000k5b7,2023-06-17T21:37:00.040Z,"8 km SSW of Fraijanes, Guatemala",earthquake,9.15,5.839,0.073,58,reviewed,us,us
2023-04-09T03:18:00.923Z,14.1303,-91.6438,87.642,4.3,mb,43,136,1.823,1.18,us,us6000k2yb,2023-06-17T21:36:39.040Z,"Guatemala",earthquake,9.93,8.293,0.065,67,reviewed,us,us
2023-04-09T03:14:57.889Z,13.8911,-90.6071,85.331,4.4,mb,63,88,0.803,0.98,us,us6000k2y8,2023-06-17T21:36:39.040Z,"11 km ESE of Iztapa, Guatemala",earthquake,5.47,5.77,0.038,199,reviewed,us,us
2023-04-05T19:06:54.900Z,15.1393,-91.1083,263.055,4.4,mb,109,95,2.537,0.67,us,us6000k27e,2023-06-13T03:12:48.040Z,"6 km SSW of San Bartolomé Jocotenango, Guatemala",earthquake,8.89,6.672,0.056,97,reviewed,us,us
2023-03-27T16:31:20.543Z,14.095,-90.9261,102.524,4.3,mb,103,128,0.601,0.7,us,us7000jn1g,2023-06-03T22:06:27.040Z,"13 km E of La Gomera, Guatemala",earthquake,7.77,5.576,0.061,76,reviewed,us,us
2023-03-27T12:04:32.332Z,13.5962,-88.5516,175.403,4.4,mb,66,110,0.256,0.55,us,us7000jmzt,2023-06-03T22:06:27.040Z,"10 km N of Berlín, El Salvador",earthquake,8.9,6.631,0.04,179,reviewed,us,us
2023-03-24T14:01:21.950Z,13.7137,-90.4943,59.852,4.2,mb,35,198,0.718,0.77,us,us7000jmfv,2023-05-26T21:54:16.040Z,"near the coast of Guatemala",earthquake,8.15,11.301,0.11,23,reviewed,us,us
2023-03-18T19:27:01.852Z,13.6897,-88.563,184.005,4.3,mb,33,116,0.32,0.97,us,us7000jl4v,2023-05-20T23:20:38.040Z,"21 km SSE of Sensuntepeque, El Salvador",earthquake,8.8,4.984,0.142,14,reviewed,us,us
2023-03-14T10:35:46.288Z,14.4412,-91.5121,116.622,4.2,mb,62,150,1.707,0.74,us,us7000jjsx,2023-05-20T23:20:23.040Z,"Guatemala",earthquake,4.74,8.947,0.071,55,reviewed,us,us
2023-03-12T04:39:10.799Z,13.732,-90.6426,68.839,4.6,mb,57,99,0.808,0.81,us,us7000jjah,2023-05-20T23:20:17.040Z,"23 km SSE of Iztapa, Guatemala",earthquake,6.33,5.319,0.031,319,reviewed,us,us
2023-03-11T22:56:47.776Z,13.5981,-90.6883,60.818,4.4,mb,99,125,0.933,0.62,us,us7000jj84,2023-05-15T02:49:06.040Z,"37 km S of Iztapa, Guatemala",earthquake,5.46,5.571,0.039,188,reviewed,us,us
2023-03-10T13:11:41.535Z,14.098,-91.4625,58.456,4.2,mb,77,157,1.03,0.67,us,us7000jist,2023-05-15T02:49:26.040Z,"20 km WSW of Nueva Concepción, Guatemala",earthquake,7.36,12.578,0.062,72,reviewed,us,us
2023-02-28T19:44:35.386Z,13.6009,-90.7301,69.345,5.2,mww,209,74,0.953,0.77,us,us7000jgbl,2023-05-08T01:59:58.040Z,"36 km S of Iztapa, Guatemala",earthquake,6.18,4.455,0.043,52,reviewed,us,us
2023-02-27T09:53:36.712Z,14.2126,-91.9996,69.013,4.3,mb,56,103,0.737,1.32,us,us6000jrwq,2023-05-08T01:59:42.040Z,"12 km SW of Champerico, Guatemala",earthquake,5.57,4.29,0.067,64,reviewed,us,us
2023-02-26T13:07:09.602Z,13.8138,-92.1974,28.119,4.2,mb,30,184,1.089,0.59,us,us7000jhnr,2023-05-08T01:59:32.040Z,"61 km SSW of Champerico, Guatemala",earthquake,3.19,8.753,0.095,31,reviewed,us,us
2023-02-23T22:11:57.250Z,13.6893,-91.5235,35,4.2,mb,53,127,1.301,0.59,us,us6000jr4l,2023-04-29T21:57:31.040Z,"61 km SSW of Nueva Concepción, Guatemala",earthquake,8.62,1.926,0.071,56,reviewed,us,us
2023-02-15T22:58:17.772Z,13.5026,-90.0975,66.86,4.3,mb,59,170,0.503,0.83,us,us6000jp95,2023-04-22T21:33:11.040Z,"30 km WSW of Acajutla, El Salvador",earthquake,6.43,5.226,0.091,34,reviewed,us,us
2023-02-02T17:42:18.946Z,14.0205,-91.4021,74.172,4.7,mb,130,89,1.013,0.56,us,us6000jl0g,2023-04-13T21:53:19.040Z,"22 km SSW of Nueva Concepción, Guatemala",earthquake,5.64,5.062,0.03,331,reviewed,us,us
2023-02-01T23:10:56.567Z,14.0522,-89.9163,12.668,4.4,mb,68,140,0.199,0.66,us,us6000jkv9,2023-04-13T21:53:17.040Z,"6 km S of Comapa, Guatemala",earthquake,6.32,4.502,0.076,50,reviewed,us,us
2023-01-29T03:19:37.782Z,15.3662,-91.7543,205.98,4.3,mb,24,146,0.982,0.79,us,us6000jmx4,2023-04-13T21:53:32.040Z,"3 km SW of San Gaspar Ixchil, Guatemala",earthquake,8.34,7.554,0.142,14,reviewed,us,us
2023-01-22T22:08:56.492Z,14.1103,-91.3508,76.109,4,mb,17,220,0.927,0.29,us,us7000j6a4,2023-04-11T18:51:53.040Z,"11 km SSW of Nueva Concepción, Guatemala",earthquake,3.55,15.194,0.3,3,reviewed,us,us
2023-01-21T20:36:03.215Z,13.6541,-90.508,70.498,4.5,mb,17,161,0.749,0.46,us,us6000jjqy,2023-03-31T19:43:52.040Z,"37 km SE of Iztapa, Guatemala",earthquake,4.65,9.065,0.205,7,reviewed,us,us
2023-01-19T18:26:17.407Z,13.9676,-89.8728,9.693,4.1,mb,24,185,0.111,0.81,us,us7000j5kw,2023-03-31T19:45:32.040Z,"5 km NNW of Ahuachapán, El Salvador",earthquake,5.08,7.132,0.151,12,reviewed,us,us
2023-01-18T02:20:02.867Z,14.3601,-91.2682,121.397,4.2,mb,78,124,0.766,0.6,us,us7000j543,2023-03-31T19:45:02.040Z,"6 km SE of Río Bravo, Guatemala",earthquake,7.65,6.754,0.073,52,reviewed,us,us
2023-01-16T11:43:18.483Z,14.055,-89.8418,10,4,mb,20,148,0.163,0.38,us,us7000j4ny,2023-03-31T19:44:37.040Z,"9 km S of Zapotitlán, Guatemala",earthquake,2.77,1.895,0.173,9,reviewed,us,us
2023-01-16T04:47:12.256Z,14.0805,-89.8596,7.997,5,mww,143,127,0.193,0.62,us,us7000j4mi,2023-03-31T19:44:33.040Z,"6 km ESE of Comapa, Guatemala",earthquake,4.52,4.2,0.052,35,reviewed,us,us
2023-01-16T01:54:02.874Z,14.0685,-89.8253,10.534,4.4,mwr,78,93,0.17,0.67,us,us7000j4ly,2023-03-31T19:44:31.040Z,"7 km S of Zapotitlán, Guatemala",earthquake,6.46,4.962,0.069,20,reviewed,us,us
2023-01-15T23:07:53.815Z,14.0226,-89.7977,10,5.2,mww,105,68,0.121,0.81,us,us7000j4ld,2023-03-31T19:44:30.040Z,"7 km NW of Atiquizaya, El Salvador",earthquake,6.56,1.799,0.078,16,reviewed,us,us
2023-01-01T19:37:15.835Z,15.7411,-92.2028,199.949,4.6,mb,95,67,0.541,0.73,us,us7000j1gs,2024-01-18T19:07:59.757Z,"1 km S of Nueva Libertad, Mexico",earthquake,6.37,4.897,0.039,195,reviewed,us,us
2022-12-22T05:16:52.462Z,14.0287,-91.2495,88.517,4.1,mb,37,176,0.884,0.32,us,us6000jb0h,2023-02-28T23:06:42.040Z,"19 km SSE of Nueva Concepción, Guatemala",earthquake,8.19,10.374,0.103,27,reviewed,us,us
2022-12-15T05:17:02.034Z,13.7847,-91.8237,35,4.1,mb,25,207,1.485,0.53,us,us6000j9ci,2023-02-18T22:04:11.040Z,"57 km S of Champerico, Guatemala",earthquake,7.47,1.974,0.174,12,reviewed,us,us
2022-12-11T15:03:11.145Z,14.1437,-89.8707,189.564,5,mww,92,123,0.256,0.74,us,us6000j8lw,2023-02-18T22:04:04.040Z,"4 km W of Zapotitlán, Guatemala",earthquake,8.4,4.056,0.054,33,reviewed,us,us
2022-12-05T00:43:45.127Z,14.1119,-92.0912,35,4,mb,36,175,0.809,0.69,us,us6000j6xy,2023-02-11T23:03:07.040Z,"27 km SW of Champerico, Guatemala",earthquake,2.9,1.982,0.172,9,reviewed,us,us
2022-11-23T02:39:53.129Z,13.7202,-90.5766,64.242,4.1,mb,47,168,0.795,0.5,us,us7000irpw,2023-01-30T06:01:05.040Z,"27 km SSE of Iztapa, Guatemala",earthquake,5.53,10.747,0.09,34,reviewed,us,us
2022-11-22T16:01:22.780Z,15.4679,-91.9434,212.765,4.3,mb,33,66,0.353,0.42,us,us7000irj7,2023-01-30T06:00:58.040Z,"6 km N of Cuilco, Guatemala",earthquake,6.76,4.93,0.161,11,reviewed,us,us
2022-11-21T20:23:17.521Z,13.9612,-90.6214,84.257,4.3,mb,30,133,0.58,0.81,us,us7000irdu,2023-01-30T06:00:39.040Z,"near the coast of Guatemala",earthquake,8.07,7.236,0.097,30,reviewed,us,us
2022-11-17T17:43:05.131Z,13.5409,-91.862,10,4.7,mb,84,94,1.414,0.91,us,us7000iqig,2023-01-28T19:58:23.040Z,"83 km S of Champerico, Guatemala",earthquake,5.13,1.672,0.05,121,reviewed,us,us
2022-11-12T04:39:46.329Z,14.1024,-90.94,93.543,5.8,mww,117,60,0.605,0.95,us,us7000ip7p,2023-01-28T19:58:08.040Z,"12 km E of La Gomera, Guatemala",earthquake,5.44,2.956,0.031,103,reviewed,us,us
2022-11-07T11:42:44.107Z,13.7033,-89.0171,170.489,4.3,mb,31,133,0.078,0.58,us,us7000in21,2023-01-21T19:27:12.040Z,"9 km W of Cojutepeque, El Salvador",earthquake,7.85,4.806,0.137,15,reviewed,us,us
2022-11-02T23:37:22.568Z,14.1686,-92.1784,61.553,4.8,mb,131,94,0.74,0.88,us,us7000im2r,2023-01-12T23:11:06.040Z,"31 km WSW of Champerico, Guatemala",earthquake,5.71,4.79,0.054,104,reviewed,us,us
2022-10-30T18:40:46.310Z,13.6346,-90.6549,51.165,4.2,mb,25,173,0.891,0.63,us,us7000ilcv,2023-01-12T23:10:41.040Z,"33 km S of Iztapa, Guatemala",earthquake,8.18,14.495,0.092,33,reviewed,us,us
2022-10-30T15:09:16.616Z,13.5575,-90.6983,61.414,4.5,mb,103,197,0.956,0.57,us,us7000ilc4,2023-01-12T23:10:39.040Z,"near the coast of Guatemala",earthquake,8.45,5.494,0.042,164,reviewed,us,us
2022-10-28T10:39:15.297Z,13.553,-92.1245,10,4.1,mb,51,189,1.822,0.52,us,us7000ikwn,2023-01-03T15:23:23.040Z,"85 km SSW of Champerico, Guatemala",earthquake,6.67,1.944,0.09,34,reviewed,us,us
2022-10-14T08:56:27.272Z,17.3761,-92.3789,7.618,4,mb,59,46,0.927,1.07,us,us6000iv52,2022-12-17T22:54:23.040Z,"4 km N of Mariscal Subikuski, Mexico",earthquake,4.66,5.623,0.105,24,reviewed,us,us
2022-10-06T12:01:59.447Z,16.7529,-91.2759,22.913,4.2,mb,45,66,0.886,0.82,us,us6000irgi,2022-12-10T22:53:25.040Z,"Mexico-Guatemala border region",earthquake,3.71,8.375,0.088,36,reviewed,us,us
2022-09-30T12:56:31.653Z,15.7625,-88.4429,10,4.1,mb,25,64,2.093,0.4,us,us6000ipmk,2022-12-03T22:02:48.040Z,"16 km ENE of Puerto Barrios, Guatemala",earthquake,6.56,1.964,0.151,12,reviewed,us,us
2022-09-30T12:05:36.855Z,15.7829,-88.4044,10,4.1,mb,26,106,2.121,0.55,us,us6000ipm2,2022-12-03T22:02:48.040Z,"19 km NW of Potrerillos, Honduras",earthquake,6.89,1.991,0.14,14,reviewed,us,us
2022-09-29T04:32:42.781Z,13.5579,-91.0525,35,4.3,mb,37,157,1.283,0.97,us,us6000ip6l,2022-12-03T22:02:38.040Z,"47 km SSW of Puerto San José, Guatemala",earthquake,6.66,1.899,0.053,100,reviewed,us,us
2022-09-25T21:30:21.709Z,15.852,-88.4046,10,5.1,mwr,245,17,2.093,0.75,us,us7000iazy,2022-12-03T22:03:24.040Z,"24 km NE of Puerto Barrios, Guatemala",earthquake,2,1.735,0.052,36,reviewed,us,us
2022-09-25T21:28:15.796Z,15.7713,-88.327,10,4.4,mb,88,24,1.986,0.8,us,us7000iazx,2022-12-03T22:03:24.040Z,"15 km N of Potrerillos, Honduras",earthquake,5.48,1.829,0.053,106,reviewed,us,us
2022-09-22T14:15:44.148Z,13.682,-91.7963,29.354,4.4,mb,34,190,1.301,0.65,us,us7000ia6n,2022-11-26T20:57:53.040Z,"68 km S of Champerico, Guatemala",earthquake,6.53,6.781,0.068,62,reviewed,us,us
2022-09-19T10:29:30.187Z,14.267,-92.0618,58.528,4.2,mb,57,131,0.667,1.13,us,us7000i98u,2022-11-26T20:57:41.040Z,"16 km W of Champerico, Guatemala",earthquake,6.4,6.529,0.054,97,reviewed,us,us
2022-09-09T09:38:40.422Z,13.5388,-89.6859,73.709,4.3,mb,89,190,0.257,0.56,us,us6000iidl,2022-11-15T19:05:51.040Z,"16 km ESE of Acajutla, El Salvador",earthquake,9.94,7.269,0.043,154,reviewed,us,us
2022-09-01T04:03:13.894Z,13.8733,-91.9335,35,4.7,mb,65,97,1.538,0.93,us,us7000i47f,2022-11-06T04:36:35.040Z,"46 km S of Champerico, Guatemala",earthquake,6.53,1.668,0.026,463,reviewed,us,us
2022-08-31T09:25:41.882Z,14.1292,-91.0529,88.665,4.2,mb,38,210,0.671,0.63,us,us7000i3yi,2022-11-06T04:37:00.040Z,"Guatemala",earthquake,8.16,8.977,0.1,28,reviewed,us,us
2022-08-30T03:55:41.670Z,13.57,-91.1724,35,4.4,mb,49,108,1.159,0.52,us,us7000i3lb,2022-11-06T04:37:44.040Z,"54 km SW of Puerto San José, Guatemala",earthquake,7.45,1.92,0.037,207,reviewed,us,us
2022-08-26T18:00:23.975Z,13.5926,-90.8863,59.217,4.4,mb,114,86,1.007,0.76,us,us7000i2r9,2022-11-01T15:14:22.040Z,"37 km S of Puerto San José, Guatemala",earthquake,6.71,5.284,0.038,205,reviewed,us,us
2022-08-19T18:43:09.751Z,14.0628,-90.6871,110.577,4.2,mb,71,161,0.501,0.74,us,us6000ic7f,2022-10-28T02:27:11.040Z,"14 km N of Iztapa, Guatemala",earthquake,4.34,6.314,0.072,56,reviewed,us,us
2022-08-06T15:07:21.469Z,14.6144,-90.7039,203.389,4.1,mb,20,88,0.216,0.4,us,us6000i8nf,2022-10-21T23:18:30.040Z,"2 km WNW of San Bartolomé Milpas Altas, Guatemala",earthquake,8.14,6.697,0.234,5,reviewed,us,us
2022-08-03T06:53:24.702Z,13.7696,-89.1286,10.3,4,mb,35,114,0.194,0.93,us,us6000i7pb,2022-10-12T14:50:10.040Z,"1 km SW of Tonacatepeque, El Salvador",earthquake,8.82,6.847,0.111,22,reviewed,us,us
2022-07-31T08:00:14.851Z,13.9792,-92.3494,35,4.1,mb,50,176,1.877,0.75,us,us6000i6xk,2024-01-18T16:41:59.516Z,"58 km SW of Champerico, Guatemala",earthquake,7.22,1.995,0.074,50,reviewed,us,us
2022-07-29T13:41:25.859Z,13.627,-88.5283,178.619,4.3,mb,50,109,0.254,0.72,us,us6000i6gd,2022-10-01T22:09:29.040Z,"14 km N of Berlín, El Salvador",earthquake,6.24,5.552,0.066,65,reviewed,us,us
2022-07-20T03:42:28.264Z,13.8433,-92.0054,35,4.6,mb,84,114,1.088,0.96,us,us7000hs0v,2022-09-27T16:57:08.040Z,"50 km SSW of Champerico, Guatemala",earthquake,5.47,1.857,0.029,353,reviewed,us,us
2022-07-17T16:53:21.832Z,13.9849,-89.7953,9.802,4.2,mb,51,138,0.084,1.2,us,us6000i3a8,2022-09-27T16:56:57.040Z,"4 km W of Atiquizaya, El Salvador",earthquake,8.91,6.219,0.08,43,reviewed,us,us
2022-07-16T15:27:53.808Z,13.8077,-91.0495,74.027,4,mb,28,200,0.897,1.11,us,us6000i31z,2022-09-27T16:56:53.040Z,"27 km WSW of Puerto San José, Guatemala",earthquake,8.08,10.604,0.133,15,reviewed,us,us
2022-07-15T08:41:41.337Z,13.9366,-89.8426,10,4.4,mb,47,171,0.069,0.72,us,us6000i2mb,2022-09-24T21:25:34.040Z,"1 km N of Ahuachapán, El Salvador",earthquake,6,2,0.107,25,reviewed,us,us
2022-07-08T16:15:55.931Z,14.6186,-91.381,153.233,4.2,mb,26,164,0.859,0.68,us,us6000i0yk,2022-09-13T06:25:29.040Z,"3 km ESE of Santo Tomás La Unión, Guatemala",earthquake,9.31,7.264,0.136,15,reviewed,us,us
2022-07-01T01:56:49.126Z,14.0164,-91.417,73.82,4.1,mb,32,179,1.027,0.67,us,us6000hz0d,2022-09-03T21:03:24.040Z,"23 km SSW of Nueva Concepción, Guatemala",earthquake,4.7,10,0.127,17,reviewed,us,us
2022-06-29T17:02:21.750Z,13.9407,-91.3709,66.92,4.4,mb,123,127,1.03,1.03,us,us6000hyih,2022-09-03T21:03:17.040Z,"29 km SSW of Nueva Concepción, Guatemala",earthquake,7.7,7.8,0.047,130,reviewed,us,us
2022-06-26T07:05:00.894Z,14.6387,-90.8296,195.69,4.6,mb,131,142,0.338,0.58,us,us7000hkby,2022-09-03T21:03:40.040Z,"2 km NE of San Andrés Itzapa, Guatemala",earthquake,8.7,7.2,0.046,138,reviewed,us,us
2022-06-17T02:09:41.140Z,14.6076,-92.2246,74.19,4,mb,27,179,0.301,0.76,us,us7000hi0r,2022-08-21T00:18:06.040Z,"3 km WNW of La Libertad, Mexico",earthquake,6.5,3.9,0.156,11,reviewed,us,us
2022-06-10T08:18:34.209Z,14.0607,-91.3384,81.64,4.9,mwr,150,136,0.939,1,us,us7000hger,2022-08-13T21:51:50.040Z,"15 km SSW of Nueva Concepción, Guatemala",earthquake,6.9,6.4,0.075,17,reviewed,us,us
2022-06-03T20:58:50.942Z,14.1546,-91.4091,87.85,4.7,mwr,124,121,0.959,0.92,us,us7000hery,2022-08-06T22:13:27.040Z,"12 km WSW of Nueva Concepción, Guatemala",earthquake,5.3,4.9,0.08,15,reviewed,us,us
2022-05-23T04:17:55.003Z,13.5799,-88.6672,189.4,4.2,mb,43,139,0.293,0.82,us,us6000hn7d,2022-08-02T19:50:42.040Z,"15 km ESE of San Vicente, El Salvador",earthquake,9.1,5.8,0.076,48,reviewed,us,us
2022-05-18T00:47:41.285Z,16.6889,-91.287,10,4.4,mb,147,44,0.839,1.05,us,us6000hlwq,2022-07-24T02:39:42.040Z,"14 km SSW of Nueva Palestina, Mexico",earthquake,3.7,1.8,0.043,156,reviewed,us,us
2022-05-09T13:11:54.800Z,13.995,-91.4593,54.67,4.3,mb,23,206,1.074,0.43,us,us7000h83s,2022-07-22T18:31:08.040Z,"28 km SW of Nueva Concepción, Guatemala",earthquake,8.4,4.7,0.189,12,reviewed,us,us
2022-05-09T13:00:24.868Z,14.0074,-91.4465,68.33,4.6,mb,68,137,1.373,0.76,us,us7000h83m,2022-07-22T18:31:08.040Z,"26 km SW of Nueva Concepción, Guatemala",earthquake,7.6,5.9,0.044,156,reviewed,us,us
2022-05-07T01:17:54.939Z,14.1054,-91.2785,84.11,4.7,mb,86,136,1.191,1.22,us,us7000h7p6,2022-07-22T18:31:04.040Z,"10 km SSE of Nueva Concepción, Guatemala",earthquake,5.9,5.1,0.027,418,reviewed,us,us
2022-05-05T22:18:53.249Z,14.8721,-92.3665,106.09,4.1,mb,34,210,0.104,0.9,us,us6000hklr,2024-01-18T16:35:03.647Z,"5 km W of Raymundo Enr?quez, Mexico",earthquake,8.8,4.7,0.127,17,reviewed,us,us
2022-05-01T08:53:48.750Z,14.0328,-91.4027,68.24,4.2,mb,29,183,1.58,0.45,us,us7000h66f,2022-07-09T21:39:45.040Z,"21 km SSW of Nueva Concepción, Guatemala",earthquake,9.8,7.5,0.136,15,reviewed,us,us
2022-04-20T15:14:22.332Z,13.5984,-90.6325,51.21,4.4,mb,,175,0.881,0.9,us,us7000h6gq,2022-06-26T01:20:06.040Z,"37 km SSE of Iztapa, Guatemala",earthquake,8.6,7.9,0.087,38,reviewed,us,us
2022-04-13T22:56:34.369Z,14.0325,-92.0088,41.02,4.2,mb,,176,0.904,0.98,us,us7000h1zz,2022-08-06T06:22:41.614Z,"near the coast of Chiapas, Mexico",earthquake,6.3,8.3,0.076,49,reviewed,us,us
2022-04-13T03:12:59.039Z,13.5577,-89.9163,77.43,4.3,mb,,181,0.367,0.64,us,us7000h1m0,2022-06-20T22:08:01.040Z,"10 km WSW of Acajutla, El Salvador",earthquake,10.1,5.1,0.2,7,reviewed,us,us
2022-04-10T12:00:46.704Z,14.9456,-91.5109,169.01,4.4,mb,,131,1.459,0.73,us,us7000h12n,2022-06-20T22:07:42.040Z,"4 km NE of San Francisco la Unión, Guatemala",earthquake,6.5,6.8,0.058,87,reviewed,us,us
2022-03-30T16:00:58.820Z,13.9532,-91.936,22.76,5.3,mww,,94,1.449,0.98,us,us7000gyfc,2022-06-04T20:42:24.040Z,"37 km S of Champerico, Guatemala",earthquake,7.1,3.1,0.044,50,reviewed,us,us
2022-03-23T04:08:23.512Z,16.5448,-90.8375,10,4.3,mb,,92,1.274,0.44,us,us6000h6vc,2022-05-28T18:35:26.040Z,"19 km W of Benemérito de las Américas, Mexico",earthquake,3.4,1.9,0.062,74,reviewed,us,us
2022-03-23T00:23:49.972Z,13.8074,-91.4614,35,4.3,mb,,135,1.636,0.99,us,us6000h6uk,2022-05-28T18:35:26.040Z,"46 km SSW of Nueva Concepción, Guatemala",earthquake,7.3,2,0.067,63,reviewed,us,us
2022-03-21T21:01:56.028Z,15.0617,-92.2951,97.1,4.2,mb,,118,1.096,0.89,us,us7000gxa9,2022-05-28T18:35:38.040Z,"8 km E of Chamulapita, Mexico",earthquake,7,4.1,0.112,22,reviewed,us,us
2022-03-21T11:32:07.031Z,15.1847,-91.6407,173.5,4.8,mb,,153,1.19,0.7,us,us6000h6dj,2022-05-28T18:35:22.040Z,"3 km SSW of Sipacapa, Guatemala",earthquake,12.1,8.3,0.031,328,reviewed,us,us
2022-03-20T07:43:07.527Z,14.0769,-92.1314,35,4.1,mb,,172,1.929,0.63,us,us6000h65l,2022-05-28T18:35:20.040Z,"33 km SW of Champerico, Guatemala",earthquake,6.8,2,0.065,65,reviewed,us,us
2022-03-12T16:39:27.492Z,14.1523,-91.2153,78.85,4.2,mb,,105,1.415,1.12,us,us6000h41d,2022-05-27T14:55:20.040Z,"Guatemala",earthquake,8.7,7.6,0.084,39,reviewed,us,us
2022-03-10T22:42:12.388Z,13.8562,-91.6965,35,4,mb,,164,1.861,1.13,us,us6000h3p0,2022-05-14T21:52:30.040Z,"53 km SSE of Champerico, Guatemala",earthquake,7.6,2,0.138,14,reviewed,us,us
2022-03-08T21:53:58.007Z,14.2082,-91.2935,82.21,4.1,mb,,151,1.5,0.9,us,us6000h35x,2022-05-14T21:52:24.040Z,"1 km NE of Nueva Concepción, Guatemala",earthquake,7.8,6.8,0.078,45,reviewed,us,us
2022-03-03T18:24:36.238Z,13.8408,-91.0853,65.84,4.2,mb,,178,1.269,0.95,us,us6000h1uj,2022-05-07T21:32:49.040Z,"26 km S of La Gomera, Guatemala",earthquake,6.8,9.1,0.07,57,reviewed,us,us
2022-02-23T22:33:42.134Z,14.1293,-91.2823,86.85,4.2,mb,,176,1.475,0.88,us,us6000gzn7,2022-05-04T13:40:10.040Z,"8 km SSE of Nueva Concepción, Guatemala",earthquake,8.4,9.4,0.115,21,reviewed,us,us
2022-02-16T07:56:32.843Z,14.0719,-91.4184,70.34,4.1,mb,,152,1.599,0.79,us,us7000gla3,2022-04-30T14:18:18.040Z,"19 km SW of Nueva Concepción, Guatemala",earthquake,6.7,7.8,0.097,29,reviewed,us,us
2022-02-16T07:50:14.394Z,14.1463,-91.4233,73.24,4.5,mb,,136,0.921,0.96,us,us7000gla0,2022-04-30T14:18:18.040Z,"14 km WSW of Nueva Concepción, Guatemala",earthquake,5.5,5.8,0.05,118,reviewed,us,us
2022-02-16T07:12:22.847Z,14.1476,-91.3982,60,6.2,mww,,32,1.129,1.11,us,us7000gl8w,2022-11-12T05:29:59.830Z,"12 km WSW of Nueva Concepción, Guatemala",earthquake,6.5,1.8,0.033,86,reviewed,us,us
2022-02-14T23:04:04.333Z,13.633,-89.8561,110.83,4.3,mb,,184,0.277,0.71,us,us7000gkwy,2022-04-30T14:18:13.040Z,"5 km NW of Acajutla, El Salvador",earthquake,11.3,4.5,0.071,56,reviewed,us,us
2022-02-13T04:43:34.127Z,13.9622,-91.807,34.92,4.8,mb,,97,1.039,1.08,us,us7000gkfd,2022-08-06T10:49:40.237Z,"38 km SSE of Champerico, Guatemala",earthquake,6,4.6,0.024,518,reviewed,us,us
2022-02-06T03:51:17.967Z,13.8159,-92.3328,10,4.6,mb,,162,1.087,1.09,us,us7000gicq,2022-04-19T17:38:42.040Z,"69 km SW of Champerico, Guatemala",earthquake,4.5,1.9,0.032,288,reviewed,us,us
2022-02-02T22:17:21.048Z,13.8344,-92.3852,28.45,4.4,mb,,169,1.073,0.8,us,us7000gj4f,2022-04-15T17:57:26.040Z,"72 km SW of Champerico, Guatemala",earthquake,5,5.2,0.123,19,reviewed,us,us
2022-02-02T22:13:42.061Z,13.919,-92.3862,30.14,4.8,mb,,91,0.989,1.04,us,us7000ghg0,2022-04-15T17:57:14.040Z,"Near the coast of Guatemala",earthquake,6,4.4,0.042,175,reviewed,us,us
2022-01-31T07:25:25.402Z,15.2966,-91.8746,214.62,4,mb,,82,0.308,0.56,us,us7000ghqq,2022-04-15T17:57:16.040Z,"7 km NNW of Concepción Tutuapa, Guatemala",earthquake,7,6.9,0.096,29,reviewed,us,us
2022-01-29T19:07:22.373Z,14.7785,-92.4241,74.96,4.3,mb,,162,0.2,0.8,us,us7000ghqp,2022-04-15T17:57:16.040Z,"5 km NNW of El Encanto, Mexico",earthquake,5.3,3.3,0.218,6,reviewed,us,us
2022-01-27T14:02:03.748Z,13.8088,-92.3854,10,4.3,mb,,93,2.47,1.03,us,us7000ghdk,2022-04-09T20:19:10.040Z,"74 km SW of Champerico, Guatemala",earthquake,4,1.9,0.064,69,reviewed,us,us
2022-01-26T06:08:45.006Z,13.8009,-90.6932,72.19,4.3,mb,,167,0.892,1.37,us,us7000gf7b,2022-04-09T20:19:06.040Z,"14 km S of Iztapa, Guatemala",earthquake,7.9,6.7,0.054,96,reviewed,us,us
2022-01-21T16:05:42.895Z,14.2782,-90.149,188.03,4.4,mb,,82,0.517,0.74,us,us7000gfwa,2022-04-01T17:40:37.040Z,"2 km WNW of San José Acatempa, Guatemala",earthquake,8.4,5.6,0.112,23,reviewed,us,us
2022-01-13T07:40:08.590Z,13.6028,-91.3014,35,4.2,mb,,179,1.508,0.58,us,us7000gbk5,2022-03-19T22:07:57.040Z,"59 km SSW of La Gomera, Guatemala",earthquake,6.6,2,0.088,36,reviewed,us,us
2022-01-01T09:35:01.615Z,14.8283,-92.0444,103.82,4.4,mb,,142,0.385,0.72,us,us7000g8av,2022-03-12T22:18:59.040Z,"4 km SE of Catarina, Guatemala",earthquake,6.3,6.4,0.032,289,reviewed,us,us
2021-12-26T16:06:26.236Z,14.307,-91.2326,54.61,4.5,mb,,192,1.465,0.39,us,us6000gfgl,2022-03-05T23:10:42.040Z,"13 km SE of Río Bravo, Guatemala",earthquake,9.8,17.9,0.205,9,reviewed,us,us
2021-12-21T02:21:21.374Z,14.16,-92.3992,35,4.4,mb,,204,0.754,0.74,us,us6000ge22,2022-03-01T16:38:41.040Z,"44 km SSW of Ocós, Guatemala",earthquake,9,2,0.08,45,reviewed,us,us
2021-12-20T03:58:40.614Z,13.7674,-92.4743,10,4.5,mb,,189,1.151,0.91,us,us6000gdqy,2022-03-01T16:38:07.040Z,"84 km SW of Champerico, Guatemala",earthquake,6.5,1.9,0.059,85,reviewed,us,us
2021-12-18T17:48:42.958Z,13.9967,-92.0757,35,4.5,mb,,130,0.924,0.9,us,us6000gdfl,2022-03-01T16:37:35.040Z,"37 km SSW of Champerico, Guatemala",earthquake,5.1,1.9,0.038,216,reviewed,us,us
2021-12-16T04:48:11.409Z,14.6959,-92.3822,78.75,4.2,mb,,127,0.239,0.95,us,us6000gcnv,2022-02-24T21:01:34.040Z,"4 km SE of El Encanto, Mexico",earthquake,6.3,7.9,0.086,38,reviewed,us,us
2021-12-14T21:22:15.873Z,14.2868,-90.612,191.23,4.5,mb,,175,0.727,0.78,us,us6000gd5f,2022-02-24T21:02:20.040Z,"7 km NNE of Guanagazapa, Guatemala",earthquake,9.1,6.8,0.08,46,reviewed,us,us
2021-12-13T07:03:07.238Z,15.5707,-92.0281,167,5.7,mww,,82,0.714,0.55,us,us6000gbt6,2025-12-22T22:22:24.263Z,"3 km SSE of El Pacayal, Mexico",earthquake,7.5,1.9,0.054,33,reviewed,us,us
2021-12-01T15:20:46.042Z,16.8941,-91.3364,10,4.3,mb,,107,0.979,1.39,us,us6000ga13,2022-02-05T23:04:04.040Z,"4 km SE of Cintalapa, Mexico",earthquake,3.5,1.9,0.103,27,reviewed,us,us
2021-11-22T11:58:53.865Z,14.1579,-92.2535,17.16,4,mb,,185,0.745,0.47,us,us7000fw6i,2022-01-29T22:55:21.040Z,"39 km S of Ocós, Guatemala",earthquake,5.8,8.9,0.084,38,reviewed,us,us
2021-11-18T17:26:54.589Z,13.6851,-90.7413,62.56,4.7,mb,,80,1.256,0.82,us,us7000fv63,2022-01-22T20:52:04.040Z,"27 km S of Iztapa, Guatemala",earthquake,2.9,6,0.032,299,reviewed,us,us
2021-11-18T17:23:51.920Z,13.5725,-90.8027,61.44,4.5,mb,,88,1.318,1.19,us,us7000fv60,2022-08-06T19:16:06.238Z,"39 km S of Puerto San José, Guatemala",earthquake,7.9,5.9,0.039,197,reviewed,us,us
2021-11-18T17:00:25.964Z,14.1682,-90.1632,149.67,5,mb,,141,0.861,1.18,us,us7000fwhj,2022-01-22T20:52:11.040Z,"6 km SSE of Oratorio, Guatemala",earthquake,8.9,6.1,0.116,47,reviewed,us,us
2021-11-18T16:56:56.794Z,13.5668,-90.7812,27.62,5.8,mww,,63,1.298,1.35,us,us7000fv5p,2025-12-22T22:20:28.185Z,"40 km S of Puerto San José, Guatemala",earthquake,7.7,3,0.04,60,reviewed,us,us
2021-11-17T19:01:49.746Z,13.8748,-90.0032,98.56,4.9,mb,,114,1.682,1.03,us,us7000fuwd,2025-12-30T18:15:10.807Z,"3 km NNE of San Francisco Menéndez, El Salvador",earthquake,7.8,5.4,0.033,286,reviewed,us,us
2021-11-11T03:39:29.105Z,14.1299,-92.2709,33.05,4.5,mb,,180,0.773,0.82,us,us7000ft4m,2022-01-15T20:51:47.040Z,"42 km WSW of Champerico, Guatemala",earthquake,6.4,6.1,0.036,222,reviewed,us,us
2021-11-08T12:39:53.243Z,13.5179,-90.7538,35,4.1,mb,,194,1.276,0.58,us,us7000ftk6,2022-01-15T20:51:51.040Z,"45 km S of Puerto San José, Guatemala",earthquake,4.1,2,0.135,15,reviewed,us,us
2021-11-06T05:04:16.900Z,13.5375,-89.9507,60.57,4.3,mb,,189,0.501,0.86,us,us7000frxa,2022-01-15T20:51:35.040Z,"14 km WSW of Acajutla, El Salvador",earthquake,9.8,9.3,0.16,11,reviewed,us,us
2021-10-13T14:21:48.777Z,13.8224,-90.6391,98.94,4.5,mb,,207,0.838,0.6,us,us6000fu7u,2021-12-18T19:59:02.040Z,"14 km SSE of Iztapa, Guatemala",earthquake,9.2,7.7,0.049,125,reviewed,us,us
2021-10-12T00:48:49.184Z,14.7414,-92.425,75.64,4.1,mb,,173,0.226,0.86,us,us6000ftvk,2021-12-18T19:58:56.040Z,"1 km NW of El Encanto, Mexico",earthquake,3.2,5.8,0.092,32,reviewed,us,us
2021-10-09T09:33:12.512Z,15.7081,-92.2686,188.62,4.6,mb,,90,0.519,0.63,us,us6000ft8y,2021-12-18T19:58:42.040Z,"1 km WSW of Lázaro Cárdenas, Mexico",earthquake,5.6,4.7,0.043,160,reviewed,us,us
2021-09-19T22:08:53.355Z,14.2802,-91.294,59.3,5,mb,,130,1.516,0.62,us,us7000fcr5,2025-12-22T22:15:19.050Z,"Guatemala",earthquake,6.7,8.5,0.116,24,reviewed,us,us
2021-09-10T08:58:14.098Z,13.6976,-90.6397,53.53,4,mb,,119,0.859,0.5,us,us7000f9xy,2021-11-23T15:08:56.040Z,"27 km SSE of Iztapa, Guatemala",earthquake,8.5,6.8,0.196,7,reviewed,us,us
2021-08-26T18:23:55.581Z,14.0851,-91.7166,72.11,4.3,mb,,214,2.221,1.04,us,us7000f7j0,2021-11-02T14:56:47.040Z,"31 km SE of Champerico, Guatemala",earthquake,10.7,11.8,0.109,24,reviewed,us,us
2021-08-25T21:04:19.627Z,15.476,-88.3355,7.78,5.2,mww,,41,1.745,0.74,us,us7000f3w2,2025-12-22T22:24:34.490Z,"11 km NNE of Pinalejo, Honduras",earthquake,4.7,3,0.042,54,reviewed,us,us
2021-08-24T09:33:53.599Z,13.5036,-91.8731,10,4.1,mb,,170,2.362,0.76,us,us7000f2yp,2021-11-02T14:54:54.040Z,"87 km S of Champerico, Guatemala",earthquake,10.1,2,0.091,33,reviewed,us,us
2021-08-23T13:23:49.592Z,13.6739,-92.0535,10,4.4,mb,,109,1.445,1.11,us,us6000fa12,2021-11-02T14:54:41.040Z,"70 km SSW of Champerico, Guatemala",earthquake,7.2,1.9,0.047,132,reviewed,us,us
2021-08-20T23:16:33.790Z,14.0465,-91.6637,75.46,4,mb,,152,1.501,0.61,us,us7000f6be,2021-11-02T14:55:40.040Z,"38 km SE of Champerico, Guatemala",earthquake,8.3,11.1,0.07,55,reviewed,us,us
2021-08-20T01:26:33.383Z,14.8055,-92.373,72.61,4.2,mb,,170,0.145,1.11,us,us6000f8kf,2021-11-02T14:53:29.040Z,"6 km WNW of Congregación Reforma, Mexico",earthquake,6.2,4.3,0.058,85,reviewed,us,us
2021-08-13T19:52:23.429Z,14.2,-91.1855,108.24,4.1,mb,,170,1.771,0.82,us,us6000f5um,2021-10-29T14:46:08.040Z,"12 km E of Nueva Concepción, Guatemala",earthquake,7.4,16.3,0.302,3,reviewed,us,us
2021-07-30T11:59:00.822Z,13.5076,-91.2252,35,4.3,mb,,149,1.733,0.91,us,us6000f0l2,2021-10-14T01:03:42.040Z,"63 km SW of Puerto San José, Guatemala",earthquake,8.2,2,0.064,69,reviewed,us,us
2021-07-25T05:21:32.129Z,15.9776,-92.2645,205.9,5,mww,,95,0.326,0.42,us,us6000eyux,2025-12-22T22:12:10.859Z,"Mexico-Guatemala border region",earthquake,8.1,6.1,0.058,29,reviewed,us,us
2021-07-18T04:33:00.314Z,15.7532,-91.3386,10,4.6,mb,,137,0.93,1.31,us,us7000en2v,2021-09-25T21:08:03.040Z,"6 km SSW of Barillas, Guatemala",earthquake,4.6,1.9,0.031,315,reviewed,us,us
2021-07-15T00:29:04.295Z,13.8234,-91.2213,70.02,4,mb,,180,1.73,0.96,us,us7000em1i,2021-09-17T22:50:36.040Z,"33 km SSW of La Gomera, Guatemala",earthquake,9.7,15.8,0.1,27,reviewed,us,us
2021-07-13T08:29:05.305Z,14.2021,-92.1368,46.24,4.6,mb,,123,0.712,1.3,us,us7000elgr,2021-09-17T22:50:07.040Z,"26 km WSW of Champerico, Guatemala",earthquake,5.2,7.6,0.027,420,reviewed,us,us
2021-07-12T05:13:10.780Z,14.0159,-92.1876,38.81,4.1,mb,,146,0.889,0.62,us,us6000euj7,2021-09-17T22:49:47.040Z,"42 km SW of Champerico, Guatemala",earthquake,6.6,9.7,0.06,78,reviewed,us,us
2021-07-06T06:15:10.353Z,13.7366,-91.1872,64.38,4.2,mb,,180,2.186,0.9,us,us7000ej19,2021-09-10T20:08:01.040Z,"40 km SSW of La Gomera, Guatemala",earthquake,8.8,7,0.043,149,reviewed,us,us
2021-06-29T15:21:10.276Z,15.9094,-92.2512,233.18,4.4,mb,,77,0.386,0.89,us,us6000equk,2021-09-09T22:05:53.040Z,"6 km ESE of Nueva América, Mexico",earthquake,8.2,6.8,0.077,50,reviewed,us,us
2021-06-28T07:40:40.432Z,13.8887,-92.2926,28.24,4.3,mb,,126,1.013,0.6,us,us6000eqfu,2021-09-09T22:05:34.040Z,"60 km SW of Champerico, Guatemala",earthquake,4.9,6.5,0.066,66,reviewed,us,us
2021-06-25T02:44:34.373Z,13.5413,-91.9886,10,4.6,mb,,185,1.384,1.36,us,us6000epk0,2021-09-09T22:04:46.040Z,"83 km S of Champerico, Guatemala",earthquake,4.4,1.9,0.036,235,reviewed,us,us
2021-06-25T00:49:07.695Z,13.9003,-91.7011,35,4.2,mb,,220,1.365,0.61,us,us6000er26,2021-09-09T22:06:03.040Z,"49 km SSE of Champerico, Guatemala",earthquake,12.2,13.6,0.086,38,reviewed,us,us
2021-06-24T20:02:21.461Z,13.868,-91.5891,35,4.6,mb,,174,2.581,0.9,us,us6000epg5,2021-08-27T18:58:56.040Z,"48 km SW of Nueva Concepción, Guatemala",earthquake,10.3,2,0.038,213,reviewed,us,us
2021-06-19T18:57:16.196Z,16.0504,-92.4142,216.12,5.4,mww,,61,0.352,1.08,us,us7000eegn,2025-12-22T19:02:46.399Z,"11 km NE of Rizo de Oro, Mexico",earthquake,6.1,4.5,0.036,75,reviewed,us,us
2021-06-14T02:18:45.582Z,13.677,-90.4279,67.22,4,mb,,183,0.951,0.9,us,us7000ecuc,2021-08-26T21:59:17.040Z,"40 km SW of Pasaco, Guatemala",earthquake,8.9,8.7,0.086,36,reviewed,us,us
2021-06-13T23:08:13.433Z,14.1724,-91.4242,64,4.2,mb,,149,1.986,1.24,us,us7000ectp,2021-08-26T21:59:16.040Z,"13 km WSW of Nueva Concepción, Guatemala",earthquake,7.1,10.3,0.113,23,reviewed,us,us
2021-06-13T02:58:15.452Z,14.0489,-91.4442,57.65,5.4,mww,,125,1.166,1.39,us,us7000eckp,2025-12-22T19:06:38.131Z,"22 km SW of Nueva Concepción, Guatemala",earthquake,7,4.5,0.044,49,reviewed,us,us
2021-06-12T13:17:12.613Z,13.5945,-90.3732,69.17,4.3,mb,,193,0.9,0.61,us,us7000ecfg,2021-08-26T21:59:11.040Z,"46 km SSW of Pasaco, Guatemala",earthquake,9.8,12.2,0.085,39,reviewed,us,us
2021-06-12T02:45:39.114Z,14.0917,-91.6523,70.53,4,mb,,165,2.183,1.05,us,us7000ec9l,2021-08-26T21:59:07.040Z,"35 km SE of Champerico, Guatemala",earthquake,9.1,3.7,0.079,43,reviewed,us,us
2021-06-10T20:18:04.188Z,14.0039,-91.5956,70.6,4.2,mb,,192,2.114,1.16,us,us7000ebv3,2021-08-24T21:33:24.040Z,"38 km SW of Nueva Concepción, Guatemala",earthquake,8.6,11.1,0.108,24,reviewed,us,us
2021-06-07T07:10:25.843Z,13.9608,-90.4362,112.09,4.3,mb,,144,1.006,0.52,us,us7000eams,2021-08-24T21:34:38.040Z,"12 km SSE of Taxisco, Guatemala",earthquake,7.2,6.9,0.053,102,reviewed,us,us
2021-06-07T03:00:17.956Z,14.012,-91.3455,78.92,4.1,mb,,178,1.876,0.81,us,us7000eall,2021-08-24T21:34:40.040Z,"21 km SSW of Nueva Concepción, Guatemala",earthquake,9.2,12.2,0.094,31,reviewed,us,us
2021-05-18T02:43:49.635Z,14.1365,-92.3741,40.51,4.1,mb,,176,0.763,0.89,us,us7000e3za,2021-07-24T21:07:47.040Z,"45 km SSW of Ocós, Guatemala",earthquake,2.3,13.6,0.069,57,reviewed,us,us
2021-05-17T15:08:56.093Z,14.4714,-91.4686,97.48,4.2,mb,,157,0.225,0.94,us,us7000e3u0,2021-07-24T21:07:39.040Z,"1 km ESE of Santo Domingo Suchitepéquez, Guatemala",earthquake,8.4,2.9,0.078,45,reviewed,us,us
2021-05-10T10:13:42.890Z,14.1027,-91.9065,54.23,4.3,mb,,97,0.466,1.24,us,us7000e1s2,2021-07-23T18:08:28.040Z,"21 km S of Champerico, Guatemala",earthquake,6,7.1,0.067,63,reviewed,us,us
2021-05-02T05:54:19.203Z,14.0764,-91.7408,52.4,4.6,mb,,157,0.447,0.64,us,us7000dzf3,2025-12-22T18:57:44.631Z,"30 km SE of Champerico, Guatemala",earthquake,7.3,7,0.03,321,reviewed,us,us
2021-05-02T04:31:33.371Z,13.9749,-91.7793,51.64,4.2,mb,,158,0.552,1.15,us,us7000dzei,2021-07-10T20:14:56.040Z,"38 km SSE of Champerico, Guatemala",earthquake,6.2,7.8,0.051,107,reviewed,us,us
2021-04-25T14:48:04.054Z,14.1249,-91.2411,42.97,4.2,mb,,187,0.592,0.18,us,us6000e4nv,2021-07-07T18:34:59.040Z,"10 km SE of Nueva Concepción, Guatemala",earthquake,6.3,25.3,0.263,4,reviewed,us,us
2021-04-25T01:48:28.534Z,13.8106,-91.6396,55.99,4.3,mb,,215,0.711,0.82,us,us6000e4i8,2021-07-07T18:34:43.040Z,"56 km SW of Nueva Concepción, Guatemala",earthquake,8.7,10.8,0.06,79,reviewed,us,us
2021-04-24T13:36:50.461Z,13.5543,-89.6822,105.02,4.2,mb,,157,0.247,0.99,us,us6000e4db,2021-07-07T18:34:29.040Z,"16 km ESE of Acajutla, El Salvador",earthquake,7.7,5.4,0.152,12,reviewed,us,us
2021-04-13T11:57:05.865Z,13.9833,-91.2552,63.06,4.1,mb,,157,0.686,0.61,us,us6000e171,2021-06-19T21:25:23.040Z,"24 km WSW of La Gomera, Guatemala",earthquake,6.8,3.1,0.055,91,reviewed,us,us
2021-04-11T18:19:16.466Z,14.9659,-92.4933,98.97,4.5,mb,,161,0.888,1.02,us,us6000e0vj,2021-06-19T21:25:08.040Z,"near the coast of Chiapas, Mexico",earthquake,6.9,6.6,0.074,54,reviewed,us,us
2021-04-06T11:33:13.770Z,13.6051,-90.6648,44.66,4.1,mb,,108,1.183,0.56,us,us6000dze9,2021-06-12T21:37:46.040Z,"36 km S of Iztapa, Guatemala",earthquake,4.2,12.3,0.076,48,reviewed,us,us
2021-03-29T14:38:22.269Z,15.2756,-91.7762,205.36,4.4,mb,,116,0.267,0.87,us,us6000dxe5,2021-06-08T17:59:04.040Z,"Mexico-Guatemala border region",earthquake,8.5,4.4,0.161,11,reviewed,us,us
2021-03-29T13:42:56.629Z,16.0938,-91.5472,10,4.5,mb,,102,0.596,0.42,us,us6000dzn6,2021-06-08T18:00:02.040Z,"12 km WSW of Nuevo San Juan Chamula, Mexico",earthquake,3.3,1.9,0.181,9,reviewed,us,us
2021-03-29T01:49:08.471Z,14.3227,-89.7413,226.19,4.6,mb,,95,0.453,1.1,us,us6000dx9w,2021-06-08T17:59:00.040Z,"3 km WSW of Asunción Mita, Guatemala",earthquake,8,5.8,0.035,242,reviewed,us,us
2021-03-24T00:40:07.633Z,13.9845,-92.4788,35,4.9,mb,,169,0.93,1,us,us6000dvxk,2025-12-22T18:55:03.936Z,"65 km SSW of Ocós, Guatemala",earthquake,6.1,2,0.029,360,reviewed,us,us
2021-03-18T01:55:17.402Z,15.5211,-91.886,190.63,4.8,mb,,63,0.421,0.9,us,us7000dkfy,2021-05-26T22:08:46.040Z,"1 km WNW of La Libertad, Guatemala",earthquake,6.4,4.8,0.032,293,reviewed,us,us
2021-02-27T10:43:49.732Z,14.1006,-92.3591,25.52,4.3,mb,,170,0.769,1.06,us,us7000de51,2021-05-13T22:36:26.040Z,"48 km SSW of Ocós, Guatemala",earthquake,5.8,8.1,0.046,132,reviewed,us,us
2021-02-27T10:27:38.623Z,14.1445,-92.3994,22.4,4.6,mb,,170,0.769,0.89,us,us7000de4x,2021-05-13T22:36:25.040Z,"46 km SSW of Ocós, Guatemala",earthquake,6,5.8,0.031,310,reviewed,us,us
2021-02-14T09:20:54.773Z,13.6899,-91.3627,55.03,4.9,mb,,158,0.89,0.68,us,us6000dhkh,2021-04-23T21:04:33.040Z,"54 km SW of La Gomera, Guatemala",earthquake,7.3,4.8,0.084,46,reviewed,us,us
2021-02-11T23:14:59.556Z,14.3911,-91.5024,64.2,4.3,mb,,166,0.228,1.25,us,us6000dgtq,2022-08-09T02:48:49.298Z,"9 km SSW of Santo Domingo Suchitepéquez, Guatemala",earthquake,8.8,7,0.068,62,reviewed,us,us
2021-02-09T13:08:20.649Z,14.2927,-91.3988,62.43,4.1,mb,,125,0.368,0.98,us,us6000dfy6,2021-04-22T21:52:02.040Z,"4 km WNW of Tiquisate, Guatemala",earthquake,8,6.3,0.092,32,reviewed,us,us
2021-02-06T07:41:55.588Z,13.6663,-90.6822,43.15,4.3,mb,,172,1.301,0.97,us,us6000df35,2021-04-22T21:50:38.040Z,"29 km S of Iztapa, Guatemala",earthquake,8,8,0.133,16,reviewed,us,us
2021-02-02T03:17:28.295Z,14.679,-92.3227,75.86,4.4,mb,,163,0.234,0.87,us,us6000ddsw,2021-04-16T19:02:58.040Z,"4 km S of Tinajas 1ra. Sección, Mexico",earthquake,6.3,4.3,0.049,120,reviewed,us,us
2021-02-01T20:53:19.898Z,13.6975,-90.7714,83.66,4.6,mb,,178,1.216,0.51,us,us6000ddrb,2021-04-16T19:02:53.040Z,"26 km SSE of Puerto San José, Guatemala",earthquake,4.2,8.5,0.141,15,reviewed,us,us
2021-01-28T10:38:44.260Z,13.9193,-91.9945,33.4,4.9,mb,,99,0.668,1.19,us,us6000dcme,2025-12-22T18:49:03.653Z,"42 km SSW of Champerico, Guatemala",earthquake,4.6,4.3,0.031,316,reviewed,us,us
2021-01-22T22:52:14.248Z,13.7912,-92.058,39.31,4.3,mb,,161,0.809,0.83,us,us7000d2kf,2021-04-13T17:05:24.040Z,"57 km SSW of Champerico, Guatemala",earthquake,5.7,8.6,0.051,109,reviewed,us,us
2021-01-15T23:41:18.653Z,14.2526,-91.3607,61.18,3.9,mb,,192,0.421,1,us,us7000d0ix,2021-03-27T21:04:43.040Z,"3 km S of Tiquisate, Guatemala",earthquake,5.8,12.7,0.082,39,reviewed,us,us
2021-01-15T21:32:56.390Z,14.0134,-92.1432,24.3,4.9,mb,,155,0.668,1.23,us,us7000d0gm,2025-12-22T19:06:26.278Z,"39 km SW of Champerico, Guatemala",earthquake,4.7,4,0.029,369,reviewed,us,us
2021-01-15T16:18:06.893Z,13.8421,-92.184,10,4.5,mb,,174,0.827,0.98,us,us7000d2fv,2021-03-27T21:06:04.040Z,"57 km SSW of Champerico, Guatemala",earthquake,4.1,1.9,0.131,17,reviewed,us,us
2021-01-15T16:10:52.240Z,13.9469,-92.1506,21,5.8,mww,,86,0.724,1.26,us,us7000d0d0,2025-12-22T19:06:27.492Z,"46 km SW of Champerico, Guatemala",earthquake,6,1.8,0.045,47,reviewed,us,us
2021-01-15T04:43:11.406Z,13.5944,-92.0045,10,4.3,mb,,227,0.972,1.18,us,us7000d2fd,2021-03-27T21:06:02.040Z,"77 km S of Champerico, Guatemala",earthquake,3.2,1.9,0.122,20,reviewed,us,us
2021-01-15T04:20:50.218Z,13.5164,-91.936,10,4.4,mb,,183,1.029,1.1,us,us7000d07c,2021-03-27T21:04:29.040Z,"86 km S of Champerico, Guatemala",earthquake,4.7,1.9,0.063,74,reviewed,us,us
2021-01-03T03:25:47.340Z,14.2762,-92.0056,62.61,4.3,mb,,171,0.389,1.14,us,us6000d54b,2021-03-13T22:58:52.040Z,"10 km W of Champerico, Guatemala",earthquake,5.1,4.3,0.061,75,reviewed,us,us
2021-01-02T00:42:17.918Z,13.667,-91.2274,35,4.3,mb,,92,0.965,1.16,us,us6000d4wa,2021-03-13T22:58:36.040Z,"49 km SSW of La Gomera, Guatemala",earthquake,8.3,1.7,0.05,114,reviewed,us,us
2021-01-01T22:49:01.341Z,13.5123,-90.6981,50.29,4.4,mb,,125,1.395,0.71,us,us6000d4vr,2021-03-13T22:58:36.040Z,"46 km S of Iztapa, Guatemala",earthquake,8.6,4.6,0.046,139,reviewed,us,us
2020-12-28T22:45:14.246Z,13.8207,-92.0447,10,4.4,mb,,200,0.777,0.92,us,us6000d3tw,2022-08-09T02:08:43.425Z,"54 km SSW of Champerico, Guatemala",earthquake,6.9,1.9,0.05,113,reviewed,us,us
2020-12-21T16:28:50.241Z,13.8253,-92.3632,7.38,4.4,mb,,245,0.95,0.76,us,us6000d5fe,2021-02-27T23:24:33.040Z,"71 km SW of Champerico, Guatemala",earthquake,6.6,5.7,0.103,27,reviewed,us,us
2020-12-05T19:30:32.528Z,15.6389,-90.0179,2.09,4.3,mb,,62,0.764,0.67,us,us7000cnh0,2021-02-12T22:39:29.040Z,"9 km NW of Lanquín, Guatemala",earthquake,3.7,5.9,0.084,40,reviewed,us,us
2020-11-17T03:50:27.590Z,13.7806,-92.0178,10,4.2,mb,,186,0.803,0.81,us,us7000cfyz,2021-01-27T17:30:06.040Z,"57 km SSW of Champerico, Guatemala",earthquake,4.8,1.8,0.072,54,reviewed,us,us
2020-11-12T03:21:45.155Z,14.2305,-91.8961,52.43,4.7,mwr,,67,0.351,0.83,us,us7000cdmk,2021-01-27T17:28:44.040Z,"7 km SSE of Champerico, Guatemala",earthquake,6.2,1.9,0.078,16,reviewed,us,us
2020-11-10T16:40:58.917Z,13.6587,-91.2701,36.38,4.8,mb,,120,0.954,0.72,us,us7000cehf,2021-01-23T22:25:47.040Z,"52 km SSW of La Gomera, Guatemala",earthquake,7.3,7.9,0.161,15,reviewed,us,us
2020-11-08T01:23:25.659Z,13.8038,-91.2895,53.44,4.5,mb,,96,0.817,1.27,us,us7000cbz0,2021-01-23T22:25:35.040Z,"near the coast of Guatemala",earthquake,4.7,6.3,0.045,146,reviewed,us,us
2020-10-23T18:21:18.961Z,14.1517,-91.2007,73.42,4.2,mb,,154,0.605,0.77,us,us6000cc8q,2021-01-09T20:05:22.040Z,"11 km ESE of Nueva Concepción, Guatemala",earthquake,6.9,7.4,0.06,87,reviewed,us,us
2020-10-22T07:55:15.206Z,13.6017,-88.1045,236.17,4.3,mb,,107,0.925,0.69,us,us6000cb7w,2021-01-09T20:05:18.040Z,"9 km W of Jocoro, El Salvador",earthquake,7.7,5.8,0.05,115,reviewed,us,us
2020-10-21T20:51:18.849Z,14.0796,-92.3091,41.88,4.5,mb,,211,0.741,0.72,us,us6000cb02,2021-01-09T20:05:17.040Z,"48 km WSW of Champerico, Guatemala",earthquake,11.1,13.8,0.063,73,reviewed,us,us
2020-10-20T21:37:19.527Z,13.6892,-90.6203,41.89,4.5,mb,,91,1.332,0.84,us,us6000cad1,2020-12-29T23:08:06.040Z,"28 km SSE of Iztapa, Guatemala",earthquake,12.6,5.5,0.075,52,reviewed,us,us
2020-10-15T21:40:56.563Z,15.3061,-89.041,10,4,mwr,,71,0.953,0.75,us,us6000c8lx,2020-12-29T23:07:25.040Z,"8 km NE of Los Amates, Guatemala",earthquake,2.3,2,0.063,24,reviewed,us,us
2020-10-14T10:17:04.661Z,15.6038,-88.7618,10,4.1,mb,,65,1.33,0.76,us,us6000c87u,2020-12-29T23:07:20.040Z,"16 km NNE of Morales, Guatemala",earthquake,6.1,1.8,0.099,28,reviewed,us,us
2020-10-14T06:56:15.033Z,13.8961,-92.3294,34.5,4.5,mb,,118,0.876,1.41,us,us6000c86y,2020-12-29T23:07:20.040Z,"62 km SW of Champerico, Guatemala",earthquake,4.2,4.9,0.034,259,reviewed,us,us
2020-10-14T00:40:02.070Z,15.4921,-88.8688,10,4.3,mb,,87,1.186,1,us,us6000c856,2022-08-09T00:57:00.929Z,"3 km NW of Morales, Guatemala",earthquake,12.2,1.9,0.084,40,reviewed,us,us
2020-10-12T06:06:55.814Z,14.5717,-91.7423,100.9,5.1,mww,,131,0.065,0.95,us,us6000c7q4,2025-12-22T18:43:40.273Z,"3 km SSW of El Asintal, Guatemala",earthquake,4.4,3.9,0.043,53,reviewed,us,us
2020-10-10T00:59:08.879Z,13.6273,-90.1327,62.13,4.3,mb,,150,1.072,0.97,us,us6000c76r,2020-12-19T17:22:42.040Z,"27 km SSW of San Francisco Menéndez, El Salvador",earthquake,5.6,13.5,0.113,22,reviewed,us,us
2020-10-09T06:27:50.354Z,14.9052,-91.9157,109.22,4.5,mb,,120,0.337,0.51,us,us6000c6z8,2020-12-19T17:22:41.040Z,"2 km S of San Rafael Pie de la Cuesta, Guatemala",earthquake,6.3,4.9,0.096,32,reviewed,us,us
2020-09-27T09:40:56.522Z,14.2028,-90.7908,109.83,5.3,mww,,124,1.305,0.81,us,us6000c1w6,2025-12-22T19:05:31.543Z,"6 km E of Masagua, Guatemala",earthquake,7,6.7,0.034,82,reviewed,us,us
2020-09-22T22:56:31.099Z,14.2293,-92.323,62.19,4.8,mb,,184,0.675,0.96,us,us6000bzvq,2020-11-28T21:32:05.040Z,"34 km SSW of Ocós, Guatemala",earthquake,4.1,6.6,0.059,88,reviewed,us,us
2020-09-19T22:23:07.478Z,13.6888,-89.3847,10,3.2,ml,,192,0.706,0.1,us,us7000bqdw,2020-11-28T21:31:55.040Z,"11 km W of Santa Tecla, El Salvador",earthquake,5.2,2,0.091,16,reviewed,us,us
2020-09-17T01:13:59.399Z,15.2631,-92.4356,95.58,5.2,mww,,30,0.243,1.05,us,us7000bp7s,2025-12-22T17:58:46.553Z,"7 km SW of Belisario Domínguez, Mexico",earthquake,5.8,3.3,0.04,61,reviewed,us,us
2020-09-14T14:29:28.426Z,14.4089,-91.1015,137.36,4.6,mb,,120,0.586,0.87,us,us7000bn11,2020-11-21T20:10:41.040Z,"6 km ESE of Patulul, Guatemala",earthquake,2.6,4.9,0.059,87,reviewed,us,us
2020-09-09T11:59:36.864Z,15.3316,-91.6945,181.32,4.5,mb,,99,0.185,0.75,us,us7000bn35,2020-11-21T20:10:42.040Z,"6 km WNW of Santa Bárbara, Guatemala",earthquake,9.1,5.1,0.242,5,reviewed,us,us
2020-08-18T10:01:35.465Z,14.2893,-91.0294,96.37,4.8,mb,,135,1.621,1,us,us6000bggm,2025-12-22T18:40:40.704Z,"5 km S of Santa Lucía Cotzumalguapa, Guatemala",earthquake,7.9,5.2,0.029,373,reviewed,us,us
2020-07-09T03:52:13.171Z,13.9337,-91.8895,35,4,mb,,159,0.617,0.97,us,us7000akjj,2020-09-19T20:57:59.040Z,"39 km S of Champerico, Guatemala",earthquake,6.5,2,0.071,54,reviewed,us,us
2020-06-26T07:41:03.733Z,13.7185,-88.866,173.86,4.2,mb,,150,0.829,0.57,us,us7000abye,2020-09-05T17:35:22.040Z,"3 km WSW of San Sebastián, El Salvador",earthquake,9.2,6.5,0.098,29,reviewed,us,us
2020-06-22T12:02:17.627Z,14.7727,-92.3348,83.4,4,mb,,121,0.15,0.94,us,us6000agg3,2020-08-30T00:01:03.040Z,"2 km WSW of Congregación Reforma, Mexico",earthquake,6.8,4.1,0.062,70,reviewed,us,us
2020-06-20T00:57:50.467Z,14.843,-92.2611,102.68,4.4,mb,,125,0.064,0.94,us,us7000aj8u,2020-08-30T00:01:28.040Z,"1 km S of Los Palacios, Mexico",earthquake,6.1,3.7,0.18,9,reviewed,us,us
2020-06-13T08:54:39.016Z,13.868,-91.6635,42.09,4.4,mb,,177,0.653,0.76,us,us6000ab77,2020-08-22T19:14:49.040Z,"53 km SW of Nueva Concepción, Guatemala",earthquake,8.1,11.5,0.105,26,reviewed,us,us
2020-06-05T19:20:54.282Z,15.7507,-90.9834,10,4.1,mb,,61,0.659,1.19,us,us6000a6tp,2020-08-18T17:58:54.040Z,"12 km ESE of San Luis Ixcán, Guatemala",earthquake,2.9,1.9,0.081,47,reviewed,us,us
2020-06-02T18:38:37.637Z,14.3659,-90.7538,186.03,4.4,mb,,151,0.693,1.01,us,us6000a8pm,2020-08-15T20:20:06.040Z,"7 km SW of Palín, Guatemala",earthquake,6.9,6.2,0.087,38,reviewed,us,us
2020-05-31T11:47:25.665Z,13.7731,-92.322,10,4,mb,,176,0.963,0.8,us,us6000a35i,2020-08-15T20:19:57.040Z,"72 km SW of Champerico, Guatemala",earthquake,7,2,0.134,15,reviewed,us,us
2020-05-29T10:04:16.548Z,13.6518,-91.4223,35,4.7,mb,,139,0.907,0.86,us,us6000a1m2,2025-12-22T18:35:06.399Z,"62 km SW of La Gomera, Guatemala",earthquake,7.2,2,0.029,375,reviewed,us,us
2020-05-24T05:53:05.578Z,14.7219,-92.4554,75.63,4.2,mb,,143,0.26,0.8,us,us70009pc1,2020-08-08T18:17:54.040Z,"3 km W of Puerto Madero, Mexico",earthquake,6.4,5.8,0.061,74,reviewed,us,us
2020-05-22T07:15:15.022Z,14.6203,-92.3848,58.45,4.1,mb,,165,0.308,0.69,us,us6000a3zw,2020-08-08T18:17:36.040Z,"11 km SSE of Puerto Madero, Mexico",earthquake,6.5,7.1,0.233,5,reviewed,us,us
2020-05-20T07:49:54.631Z,14.1859,-91.358,75.13,4.1,mb,,202,0.469,1.33,us,us70009lfm,2020-08-08T18:17:41.040Z,"6 km WSW of Nueva Concepción, Guatemala",earthquake,7.4,8.7,0.084,38,reviewed,us,us
2020-05-02T19:30:03.842Z,13.5743,-91.2971,44.31,4.1,mb,,178,1.02,0.97,us,us700098yj,2020-07-18T21:57:13.040Z,"62 km SSW of La Gomera, Guatemala",earthquake,7.7,6.9,0.117,20,reviewed,us,us
2020-04-23T06:58:15.853Z,13.7108,-91.3005,35,4.1,mb,,158,0.894,0.87,us,us60009ae3,2020-07-11T22:18:54.040Z,"48 km SSW of La Gomera, Guatemala",earthquake,3.7,2,0.068,58,reviewed,us,us
2020-04-22T21:15:48.230Z,15.4375,-92.0688,179.19,4.3,mb,,71,0.263,0.41,us,us700099nk,2020-07-11T22:19:29.040Z,"5 km E of Amatenango de la Frontera, Mexico",earthquake,4.1,4.7,0.168,10,reviewed,us,us
2020-04-19T08:18:31.919Z,14.4079,-90.4682,10,4.2,mb,,135,1.073,0.7,us,us70008ztt,2020-07-09T14:31:29.040Z,"7 km SSW of Fraijanes, Guatemala",earthquake,3.5,2,0.08,44,reviewed,us,us
2020-04-08T20:04:46.651Z,13.5467,-92.1053,10,4.5,mb,,166,1.05,1.19,us,us70008rx6,2020-06-30T14:02:47.040Z,"85 km SSW of Champerico, Guatemala",earthquake,4.8,1.9,0.047,132,reviewed,us,us
2020-04-01T18:40:43.506Z,14.7115,-92.1324,101.18,4.2,mb,,179,0.233,0.98,us,us700099nn,2020-06-21T00:54:34.040Z,"3 km NNE of Ciudad Tecún Umán, Guatemala",earthquake,4,4.1,0.215,6,reviewed,us,us
2020-03-29T20:26:02.806Z,13.5869,-91.4015,35,4.7,mb,,196,0.974,1.33,us,us70008iee,2020-06-13T18:44:43.040Z,"66 km SW of La Gomera, Guatemala",earthquake,8,2,0.034,267,reviewed,us,us
2020-03-27T09:36:51.795Z,13.9798,-91.3084,63.47,4.4,mb,,151,0.658,1.25,us,us70008h70,2020-06-13T18:44:51.040Z,"24 km S of Nueva Concepción, Guatemala",earthquake,6.7,6.3,0.039,193,reviewed,us,us
2020-03-15T09:34:52.470Z,14.8859,-91.1962,162.24,4.4,mb,,94,0.521,0.95,us,us60008fzz,2020-05-30T22:17:10.040Z,"8 km S of Patzité, Guatemala",earthquake,6.7,9.9,0.135,16,reviewed,us,us
2020-03-09T07:19:30.803Z,13.8654,-91.5735,35,4.3,mb,,115,0.665,0.97,us,us60008ccq,2020-05-23T22:03:20.040Z,"47 km SW of Nueva Concepción, Guatemala",earthquake,6,1.9,0.039,189,reviewed,us,us
2020-03-09T06:13:27.750Z,13.8414,-91.7797,35,4.3,mb,,180,0.684,0.56,us,us60008f4a,2020-05-23T22:03:20.040Z,"52 km SSE of Champerico, Guatemala",earthquake,7.2,2,0.168,10,reviewed,us,us
2020-03-05T21:18:16.357Z,13.9232,-91.2882,44.49,4,mb,,175,0.716,0.72,us,us60008d87,2020-05-23T22:03:20.040Z,"30 km S of Nueva Concepción, Guatemala",earthquake,6.5,16.1,0.231,5,reviewed,us,us
2020-02-27T01:59:04.391Z,13.5293,-91.0504,35,4.3,mb,,182,1.17,0.92,us,us60008521,2020-05-19T22:13:59.040Z,"50 km SSW of Puerto San José, Guatemala",earthquake,6.4,2,0.073,52,reviewed,us,us
2020-02-25T00:13:31.842Z,13.577,-91.5529,35,4.7,mwr,,136,0.952,0.86,us,us70007w6u,2020-05-09T21:41:16.040Z,"74 km SSW of Nueva Concepción, Guatemala",earthquake,7,2,0.075,17,reviewed,us,us
2020-02-03T13:02:51.688Z,14.1166,-91.2983,89.89,4.2,mb,,176,0.558,0.6,us,us60007ndp,2020-04-18T22:10:20.040Z,"9 km S of Nueva Concepción, Guatemala",earthquake,6.7,6.3,0.099,28,reviewed,us,us
2020-02-03T03:32:05.636Z,13.6736,-91.9721,23.7,4.4,mb,,161,0.887,0.76,us,us60007n3r,2020-04-18T22:10:18.040Z,"68 km S of Champerico, Guatemala",earthquake,7.3,6.8,0.058,86,reviewed,us,us
2020-02-02T17:59:17.217Z,13.7784,-91.903,64.74,4.1,mb,,128,0.768,1.02,us,us60007muj,2020-04-18T22:10:17.040Z,"56 km S of Champerico, Guatemala",earthquake,5.4,9.2,0.088,35,reviewed,us,us
2020-02-01T08:37:05.061Z,13.56,-91.3053,35,4.1,mb,,153,1.03,0.87,us,us60007m1n,2020-04-18T22:10:08.040Z,"63 km SSW of La Gomera, Guatemala",earthquake,8.2,2,0.158,11,reviewed,us,us
2020-01-29T07:14:55.437Z,14.4057,-89.9472,247.91,4.1,mb,,112,0.568,0.94,us,us60007ivt,2020-04-18T22:09:51.040Z,"11 km WNW of El Progreso, Guatemala",earthquake,8.5,5.8,0.099,28,reviewed,us,us
2020-01-16T10:29:36.472Z,15.6764,-90.1505,10,3.4,mb,,106,1.262,0.27,us,us700071a9,2020-04-08T19:40:14.040Z,"21 km SE of Chisec, Guatemala",earthquake,4,2,0.282,3,reviewed,us,us
2020-01-11T02:16:50.793Z,13.6003,-91.2661,35,4.9,mb,,79,1.008,1.36,us,us70006y2u,2020-04-02T21:28:13.040Z,"58 km SSW of La Gomera, Guatemala",earthquake,6.5,1.9,0.027,437,reviewed,us,us
2020-01-02T01:21:59.261Z,13.9689,-92.2266,35,4.5,mb,,149,0.755,0.91,us,us70006tdt,2020-03-21T17:13:32.040Z,"49 km SW of Champerico, Guatemala",earthquake,7,1.9,0.043,159,reviewed,us,us
2019-12-31T08:37:23.319Z,13.6723,-91.2748,43.1,4.3,mb,,187,0.94,1.28,us,us70006suk,2022-08-08T17:48:08.654Z,"51 km SSW of La Gomera, Guatemala",earthquake,7.3,9.6,0.056,91,reviewed,us,us
2019-12-24T22:41:32.739Z,13.7238,-91.4175,35,4.3,mb,,162,0.84,0.98,us,us70006qrm,2020-03-14T22:25:07.040Z,"54 km SSW of Nueva Concepción, Guatemala",earthquake,4.6,2,0.058,85,reviewed,us,us
2019-12-23T23:09:46.039Z,14.3585,-92.0378,58.13,4.5,mb,,175,0.371,1.08,us,us70006qce,2020-03-07T17:47:54.040Z,"15 km WNW of Champerico, Guatemala",earthquake,5.8,3.3,0.044,147,reviewed,us,us
2019-12-23T02:51:05.833Z,13.8626,-90.0161,102.73,4,mb,,121,0.829,0.68,us,us70006q18,2020-03-07T17:47:49.040Z,"2 km N of San Francisco Menéndez, El Salvador",earthquake,5.7,7.5,0.089,34,reviewed,us,us
2019-12-21T18:06:28.462Z,17.0964,-91.3102,90.16,4.1,mb,,82,1.392,1.15,us,us70006x1d,2020-03-07T17:48:03.040Z,"7 km N of Nuevo Francisco León, Mexico",earthquake,6,8.2,0.105,26,reviewed,us,us
2019-12-21T02:06:00.329Z,13.7226,-91.3966,35,4.5,mb,,184,0.848,1.38,us,us70006pb2,2020-03-07T17:47:39.040Z,"53 km S of Nueva Concepción, Guatemala",earthquake,6.8,2,0.065,68,reviewed,us,us
2019-12-20T03:08:52.430Z,15.4263,-91.8267,204.56,4.5,mb,,128,0.33,0.86,us,us70006nwm,2020-03-07T17:47:36.040Z,"6 km W of Ixtahuacán, Guatemala",earthquake,7.9,5.5,0.083,43,reviewed,us,us
2019-12-19T14:41:54.884Z,13.6368,-91.2958,25.19,4.8,mb,,154,0.963,1.25,us,us70006nhs,2020-03-07T17:47:35.040Z,"55 km SSW of La Gomera, Guatemala",earthquake,8.1,5.5,0.032,309,reviewed,us,us
2019-12-19T12:39:11.130Z,13.6727,-91.2935,35,5.1,mb,,103,0.932,1.36,us,us70006ngc,2020-03-07T17:47:34.040Z,"52 km SSW of La Gomera, Guatemala",earthquake,6.5,1.9,0.057,101,reviewed,us,us
2019-12-19T12:35:31.287Z,13.7354,-91.2255,21,5.9,mww,,58,0.907,1.41,us,us70006ng5,2025-12-22T18:23:54.797Z,"42 km SSW of La Gomera, Guatemala",earthquake,7.3,1.6,0.034,85,reviewed,us,us
2019-12-05T15:11:45.251Z,13.9515,-91.931,40.55,4.6,mb,,130,0.614,1,us,us60006mf1,2020-02-29T19:52:56.040Z,"37 km S of Champerico, Guatemala",earthquake,6.4,7,0.034,263,reviewed,us,us
2019-12-01T23:37:43.922Z,14.1349,-90.3879,147.51,4.4,mb,,149,1.03,0.85,us,us70006f32,2020-02-19T18:58:29.040Z,"5 km N of Chiquimulilla, Guatemala",earthquake,5.2,7.6,0.064,70,reviewed,us,us
2019-11-30T17:59:16.055Z,13.9843,-91.9658,39.47,4.7,mwr,,131,0.597,0.98,us,us70006etm,2020-02-19T18:58:24.040Z,"near the coast of Guatemala",earthquake,6.6,6,0.083,14,reviewed,us,us
2019-11-30T07:44:21.562Z,13.8429,-91.893,19,5.7,mww,,157,0.704,1.17,us,us70006eqm,2025-12-22T18:22:39.275Z,"49 km S of Champerico, Guatemala",earthquake,7.4,1.9,0.054,33,reviewed,us,us
2019-11-29T12:56:20.585Z,13.7352,-89.3216,130.34,4.1,mb,,156,0.66,0.8,us,us60006pf2,2020-02-19T18:57:57.040Z,"7 km NW of Santa Tecla, El Salvador",earthquake,7.9,7.7,0.088,38,reviewed,us,us
2019-11-22T22:32:49.454Z,13.7591,-89.0377,10,3.9,ml,,151,0.709,0.64,us,us70006cjw,2020-02-14T22:02:19.040Z,"4 km SW of Tecoluca, El Salvador",earthquake,5.3,2,0.085,18,reviewed,us,us
2019-11-21T19:01:47.866Z,13.5661,-91.0786,35,4.5,mb,,123,1.125,1.21,us,us70006b84,2020-02-14T22:02:10.040Z,"48 km SW of Puerto San José, Guatemala",earthquake,6.3,1.9,0.059,83,reviewed,us,us
2019-11-18T11:21:53.811Z,13.6471,-89.2683,10,3.5,ml,,200,0.752,0.22,us,us700069mp,2022-08-08T16:54:30.046Z,"0 km WSW of Nuevo Cuscatlán, El Salvador",earthquake,6,2,0.091,16,reviewed,us,us
2019-11-17T04:19:40.767Z,13.6906,-89.376,10,3.4,ml,,229,0.704,0.34,us,us7000692m,2020-02-07T20:21:54.040Z,"10 km W of Santa Tecla, El Salvador",earthquake,6.7,2,0.097,14,reviewed,us,us
2019-11-13T16:28:52.886Z,13.6755,-90.9373,45,5.5,mww,,48,1.119,1.29,us,us60006b3s,2025-12-22T18:21:28.896Z,"30 km SSW of Puerto San José, Guatemala",earthquake,6.5,1.8,0.065,23,reviewed,us,us
2019-11-12T13:57:41.561Z,13.74,-89.1921,10,3.8,mb,,154,0.675,0.87,us,us60006aww,2020-02-07T20:20:23.040Z,"1 km ENE of Ayutuxtepeque, El Salvador",earthquake,4.5,1.8,0.51,1,reviewed,us,us
2019-11-09T08:32:52.323Z,14.5086,-90.2743,200,5.5,mww,,101,0.891,1.01,us,us600069n1,2025-12-22T17:56:08.623Z,"9 km WSW of Mataquescuintla, Guatemala",earthquake,7.7,1.9,0.038,65,reviewed,us,us
2019-11-01T20:25:21.722Z,15.8191,-89.891,38.68,4,mb,,74,1.091,0.89,us,us7000624r,2020-01-18T20:00:53.040Z,"29 km NNW of Cahabón, Guatemala",earthquake,2.8,17.4,0.106,25,reviewed,us,us
2019-10-31T03:25:49.574Z,14.4554,-92.0974,64.8,4,mb,,165,0.395,0.9,us,us600068i2,2020-01-18T20:00:31.040Z,"11 km ESE of Ocós, Guatemala",earthquake,6.2,4.5,0.299,3,reviewed,us,us
2019-10-24T03:54:19.823Z,15.599,-91.9519,214.14,5,mww,,42,0.457,0.86,us,us6000622u,2025-12-22T17:56:01.525Z,"8 km ESE of Potrerillo, Mexico",earthquake,6.4,3.5,0.051,37,reviewed,us,us
2019-10-19T18:33:54.316Z,14.168,-90.0591,174.35,4.3,mb,,102,0.715,0.62,us,us70005w1e,2020-01-03T16:09:36.040Z,"6 km WNW of Jalpatagua, Guatemala",earthquake,7.3,7.5,0.076,52,reviewed,us,us
2019-10-12T07:57:29.859Z,13.8665,-91.3676,53.24,4.3,mb,,152,0.727,1.23,us,us70005vkr,2019-12-28T20:46:21.040Z,"37 km S of Nueva Concepción, Guatemala",earthquake,4.1,15.3,0.189,8,reviewed,us,us
2019-10-07T04:39:32.081Z,14.4197,-92.0714,65.41,4.2,mb,,173,0.379,1.19,us,us70005ria,2019-12-27T15:51:03.040Z,"16 km SE of Ocós, Guatemala",earthquake,6.2,5.3,0.089,35,reviewed,us,us
2019-10-01T02:45:35.479Z,14.0473,-91.3567,49.54,4.3,mb,,68,0.576,0.47,us,us70005p6p,2019-12-27T15:49:33.040Z,"17 km SSW of Nueva Concepción, Guatemala",earthquake,7.1,2.1,0.053,99,reviewed,us,us
2019-09-24T08:59:39.917Z,13.8669,-92.4871,10,4.3,mb,,136,1.008,0.9,us,us60005mnq,2019-12-20T19:02:03.040Z,"77 km SSW of Ocós, Guatemala",earthquake,3.7,1.9,0.075,50,reviewed,us,us
2019-09-17T19:11:42.323Z,14.4531,-91.963,74.47,4.6,mwr,,162,0.269,0.96,us,us70005hl7,2022-08-08T16:03:32.145Z,"18 km NNW of Champerico, Guatemala",earthquake,7.6,6.5,0.086,13,reviewed,us,us
2019-09-15T12:10:00.108Z,13.7989,-91.3231,47.82,4.1,mb,,176,0.806,0.75,us,us70005gn9,2019-12-05T18:31:07.040Z,"42 km SW of La Gomera, Guatemala",earthquake,8.1,13.5,0.123,19,reviewed,us,us
2019-09-15T07:41:39.385Z,13.7542,-91.3668,35,4.1,mb,,176,0.829,0.83,us,us70005gm7,2019-12-05T18:31:07.040Z,"49 km SW of La Gomera, Guatemala",earthquake,8.1,2,0.069,58,reviewed,us,us
2019-09-15T06:59:17.238Z,13.6518,-91.4585,35,5.2,mww,,132,0.897,0.83,us,us70005glk,2025-12-22T18:16:50.859Z,"63 km SSW of Nueva Concepción, Guatemala",earthquake,4,1.8,0.068,21,reviewed,us,us
2019-09-12T01:33:31.619Z,15.2936,-92.1112,155.98,4.1,mb,,64,0.117,0.77,us,us70005s5i,2019-12-05T18:31:13.040Z,"5 km WSW of Tectitán, Guatemala",earthquake,5.5,6.5,0.151,12,reviewed,us,us
2019-09-10T23:54:56.710Z,14.1685,-92.2555,35,4.8,mb,,93,0.648,1.1,us,us70005eji,2025-12-22T18:16:29.775Z,"38 km S of Ocós, Guatemala",earthquake,5.9,1.9,0.026,448,reviewed,us,us
2019-08-29T18:29:01.169Z,14.3074,-92.0114,58.36,4.2,mb,,171,0.375,0.93,us,us700059tu,2019-11-15T17:20:14.040Z,"near the coast of Chiapas, Mexico",earthquake,7.4,7.7,0.07,57,reviewed,us,us
2019-08-26T09:44:34.963Z,13.536,-92.3469,10,4.4,mb,,196,1.168,1.33,us,us70005889,2019-11-08T22:13:48.040Z,"96 km SSW of Champerico, Guatemala",earthquake,7.4,2,0.061,79,reviewed,us,us
2019-08-23T17:43:13.868Z,13.8664,-91.6629,47.42,4.2,mb,,152,0.655,1.04,us,us700059q7,2019-11-08T22:13:53.040Z,"53 km SW of Nueva Concepción, Guatemala",earthquake,6.4,9.3,0.068,60,reviewed,us,us
2019-07-22T01:08:56.185Z,15.6945,-91.0462,10,4.5,mb,,69,0.577,0.7,us,us70004qaj,2019-10-04T16:37:35.040Z,"11 km SSE of San Luis Ixcán, Guatemala",earthquake,5.5,1.9,0.041,175,reviewed,us,us
2019-07-20T02:14:01.295Z,13.6315,-91.4445,35,4.2,mb,,199,0.92,1.35,us,us60004vzk,2019-10-04T16:37:24.040Z,"64 km SSW of Nueva Concepción, Guatemala",earthquake,2.9,2,0.083,40,reviewed,us,us
2019-07-20T02:10:46.344Z,13.816,-91.3467,35,4.6,mb,,172,0.781,1.34,us,us70004pha,2019-10-04T16:37:24.040Z,"42 km S of Nueva Concepción, Guatemala",earthquake,7.7,2,0.033,268,reviewed,us,us
2019-07-18T16:24:24.419Z,14.7687,-92.2878,82.96,4.9,mww,,72,0.139,1.02,us,us70004n85,2025-12-22T18:13:36.775Z,"3 km ESE of Congregación Reforma, Mexico",earthquake,4.5,3.3,0.056,31,reviewed,us,us
2019-07-14T01:57:16.256Z,15.7229,-91.0273,10,4.8,mww,,56,0.609,1.25,us,us70004jvb,2019-09-28T20:01:20.040Z,"10 km SE of San Luis Ixcán, Guatemala",earthquake,4.3,1.9,0.059,28,reviewed,us,us
2019-07-13T01:40:22.013Z,13.5788,-91.052,35,4.5,mb,,174,1.128,1.3,us,us70004jfh,2019-09-28T20:01:17.040Z,"45 km SSW of Puerto San José, Guatemala",earthquake,7.3,2,0.036,232,reviewed,us,us
2019-07-13T01:36:09.745Z,13.6501,-90.9716,35,4.6,mb,,131,1.117,1.18,us,us70004jfe,2019-09-28T20:01:17.040Z,"34 km SSW of Puerto San José, Guatemala",earthquake,8,2,0.033,276,reviewed,us,us
2019-07-11T11:28:13.060Z,14.658,-92.0248,66.58,4,mb,,174,0.345,0.88,us,us70004hzs,2019-09-28T20:01:11.040Z,"7 km S of Pajapita, Guatemala",earthquake,8.5,5.9,0.139,14,reviewed,us,us
2019-07-10T00:07:17.121Z,14.0802,-91.162,62.24,4.3,mb,,110,0.679,1.24,us,us70004gfu,2022-08-08T14:49:57.824Z,"11 km W of La Gomera, Guatemala",earthquake,7.6,7,0.053,100,reviewed,us,us
2019-07-05T00:20:02.428Z,14.3583,-90.429,176.7,4.3,mb,,148,1.036,0.59,us,us70004kq8,2019-09-26T14:31:05.040Z,"7 km WSW of Santa Cruz Naranjo, Guatemala",earthquake,9.6,8.5,0.077,48,reviewed,us,us
2019-07-03T10:13:26.831Z,15.6556,-90.9873,10,4.2,mb,,80,0.599,0.63,us,us70004970,2019-09-26T14:30:05.040Z,"18 km SE of San Luis Ixcán, Guatemala",earthquake,8,2,0.084,39,reviewed,us,us
2019-07-03T00:55:09.799Z,15.5701,-90.9159,10,4.5,mb,,88,0.618,0.81,us,us7000491e,2019-09-26T14:30:03.040Z,"15 km NE of Chajul, Guatemala",earthquake,9.1,2,0.045,149,reviewed,us,us
2019-07-02T19:41:13.418Z,15.8089,-92.1716,233.67,4.3,mb,,79,0.471,0.85,us,us70004i9x,2019-09-26T14:31:04.040Z,"4 km NE of Nueva Independencia, Mexico",earthquake,2.9,7.2,0.107,26,reviewed,us,us
2019-06-28T02:07:42.713Z,13.565,-91.9167,35,4.1,mb,,231,0.977,1.24,us,us700046df,2019-09-14T16:08:15.040Z,"80 km S of Champerico, Guatemala",earthquake,3.4,2,0.071,54,reviewed,us,us
2019-06-24T12:34:23.292Z,14.2788,-92.4224,57.65,4.2,mb,,214,0.746,0.68,us,us6000457p,2019-09-11T15:19:42.040Z,"35 km SW of Brisas Barra de Suchiate, Mexico",earthquake,9,11.5,0.092,33,reviewed,us,us
2019-06-13T03:31:12.130Z,14.4642,-90.3759,208.04,4.7,mb,,125,0.985,0.7,us,us6000408k,2019-09-06T14:25:01.040Z,"7 km E of Fraijanes, Guatemala",earthquake,7.1,6.9,0.056,99,reviewed,us,us
2019-05-25T22:00:02.073Z,13.5543,-89.4489,90.38,4,mb,,164,0.843,0.79,us,us70003ttc,2019-08-13T14:30:51.040Z,"15 km WNW of La Libertad, El Salvador",earthquake,6.1,10.6,0.134,15,reviewed,us,us
2019-05-22T04:13:28.605Z,14.0378,-91.3177,63.03,4.5,mb,,177,0.606,0.74,us,us60003qhe,2019-08-13T14:30:29.040Z,"18 km S of Nueva Concepción, Guatemala",earthquake,8.5,9.1,0.057,91,reviewed,us,us
2019-05-02T21:48:04.407Z,13.5433,-91,35,4.3,mb,,182,1.185,1.41,us,us70003g08,2019-07-25T18:54:10.040Z,"46 km SSW of Puerto San José, Guatemala",earthquake,7.8,2,0.07,57,reviewed,us,us
2019-04-30T14:13:02.473Z,14.7309,-91.0066,232.52,4.3,mb,,110,0.697,0.38,us,us70003iwd,2019-07-25T18:54:02.040Z,"3 km SSW of Tecpán Guatemala, Guatemala",earthquake,9.2,7.1,0.069,59,reviewed,us,us
2019-04-29T11:48:15.551Z,15.4126,-91.7271,203.98,4.3,mb,,111,0.236,0.56,us,us70003igb,2019-07-13T18:42:58.040Z,"1 km WNW of Colotenango, Guatemala",earthquake,7,5.4,0.154,12,reviewed,us,us
2019-04-19T19:43:01.690Z,14.103,-92.3268,35,4.8,mb,,134,0.742,1,us,us700039as,2025-12-22T18:08:08.612Z,"47 km SSW of Ocós, Guatemala",earthquake,5.5,1.9,0.032,297,reviewed,us,us
2019-04-16T04:04:50.240Z,14.4449,-90.7312,79.12,4.5,mb,,150,0.936,0.58,us,us700036ss,2019-06-26T20:54:41.040Z,"5 km NW of Palín, Guatemala",earthquake,5.8,9.2,0.15,13,reviewed,us,us
2019-04-14T03:32:32.506Z,13.6993,-90.0088,102.29,4.3,mb,,172,0.937,1.15,us,us700035nx,2019-06-20T19:03:33.040Z,"15 km S of San Francisco Menéndez, El Salvador",earthquake,3.6,7.8,0.084,40,reviewed,us,us
2019-04-05T23:53:55.870Z,14.5298,-89.1297,10,4.4,mb,,104,0.207,0.97,us,us2000kb2t,2019-06-18T15:50:29.040Z,"10 km NNE of Sinuapa, Honduras",earthquake,4.8,2,0.109,24,reviewed,us,us
2019-04-04T22:56:14.520Z,13.8112,-91.7266,35,4.4,mb,,159,0.709,1.06,us,us2000kaji,2019-06-18T15:50:22.040Z,"56 km SSE of Champerico, Guatemala",earthquake,8.4,2,0.065,69,reviewed,us,us
2019-04-01T01:32:20.496Z,14.4915,-90.6463,10,3.3,ml,,155,1.016,0.9,us,us2000k89l,2019-06-08T20:51:29.040Z,"1 km NW of Amatitlán, Guatemala",earthquake,5.4,2,0.091,16,reviewed,us,us
2019-03-31T12:55:10.234Z,14.5269,-90.7314,10,3.9,ml,,153,0.933,1.13,us,us2000k85l,2019-06-08T20:51:28.040Z,"3 km E of Ciudad Vieja, Guatemala",earthquake,4.6,2,0.077,22,reviewed,us,us
2019-03-28T22:27:22.645Z,14.4838,-90.653,10,2.8,ml,,179,1.009,0.63,us,us2000k6um,2019-06-08T20:51:21.040Z,"2 km WNW of Amatitlán, Guatemala",earthquake,5.6,2,0.115,10,reviewed,us,us
2019-03-27T23:44:58.723Z,14.4804,-90.6812,10,3,ml,,179,0.982,0.19,us,us2000k6sg,2019-06-08T20:51:21.040Z,"Guatemala",earthquake,5.2,1.9,0.115,10,reviewed,us,us
2019-03-27T22:59:12.603Z,14.4476,-90.7597,10.76,3.2,ml,,179,0.909,0.93,us,us2000k6ry,2019-06-08T20:51:20.040Z,"6 km SE of Alotenango, Guatemala",earthquake,3.8,12.9,0.097,14,reviewed,us,us
2019-03-27T22:46:27.641Z,14.4519,-90.6914,6.48,4.1,mb,,145,0.974,1.05,us,us2000k67m,2019-06-08T20:51:18.040Z,"5 km SSE of Santa María de Jesús, Guatemala",earthquake,4.7,6.4,0.213,6,reviewed,us,us
2019-03-26T13:38:07.870Z,14.1624,-92.3299,30.66,3.7,mb,,186,0.713,0.62,us,us2000k996,2019-06-08T20:51:08.040Z,"41 km SSW of Ocós, Guatemala",earthquake,7.1,6,0.251,4,reviewed,us,us
2019-03-14T10:05:25.050Z,15.4869,-92.1619,197.84,4.6,mb,,83,0.584,1.17,us,us1000jff2,2019-06-01T21:24:06.040Z,"3 km N of Bejucal de Ocampo, Mexico",earthquake,4.8,5.7,0.054,103,reviewed,us,us
2019-03-08T11:07:22.172Z,13.9132,-91.2311,44.9,4.1,mb,,143,0.756,0.85,us,us1000jcbs,2019-05-24T21:21:16.040Z,"26 km SW of La Gomera, Guatemala",earthquake,7.3,9.6,0.07,55,reviewed,us,us
2019-03-08T02:07:55.704Z,13.7522,-91.3213,10,4.3,mb,,173,0.849,1.11,us,us1000jc80,2019-05-24T21:21:16.040Z,"46 km SW of La Gomera, Guatemala",earthquake,4.7,2,0.063,72,reviewed,us,us
2019-03-04T17:29:50.120Z,13.7812,-92.3922,23.9,4.6,mb,,181,1.001,1.23,us,us2000k98t,2019-05-14T18:36:34.040Z,"76 km SW of Champerico, Guatemala",earthquake,7.7,8.9,0.141,15,reviewed,us,us
2019-03-01T02:01:28.610Z,13.6651,-88.4866,200.8,4.5,mb,,166,1.118,0.83,us,us1000j93r,2019-05-14T18:36:14.040Z,"14 km WSW of Sesori, El Salvador",earthquake,9.8,9,0.083,42,reviewed,us,us
2019-02-27T13:53:23.040Z,15.3486,-91.7524,195.41,4.5,mb,,56,0.243,0.77,us,us2000jpji,2019-05-14T18:36:33.040Z,"5 km SSW of San Gaspar Ixchil, Guatemala",earthquake,7.9,3.2,0.108,25,reviewed,us,us
2019-02-22T15:57:16.700Z,14.4708,-92.0958,72.76,4,mb,,169,0.392,1.08,us,us1000jag5,2019-05-11T17:40:25.040Z,"11 km ESE of Ocós, Guatemala",earthquake,7.3,7.2,0.196,7,reviewed,us,us
2019-02-05T16:15:34.060Z,15.6582,-92.4565,164.18,4.9,mb,,108,0.692,0.89,us,us2000jdnt,2025-12-22T18:02:44.974Z,"12 km E of Nueva Independencia, Mexico",earthquake,4.4,4.5,0.034,278,reviewed,us,us
2019-02-02T09:14:30.990Z,14.7811,-92.4038,79.84,4.2,mb,,155,0.183,0.85,us,us2000jcbs,2019-04-18T19:09:12.040Z,"5 km N of El Encanto, Mexico",earthquake,7.3,6.9,0.058,84,reviewed,us,us
2019-02-01T16:14:12.329Z,14.6802,-92.4527,66,6.7,mww,,43,0.289,1.36,us,us2000jbub,2025-12-22T18:55:26.669Z,"5 km SW of Puerto Madero, Mexico",earthquake,5.7,1.8,0.065,23,reviewed,us,us
2019-01-29T02:54:41.530Z,13.8437,-91.3099,35,4.2,mb,,154,0.773,0.82,us,us2000j9xs,2019-04-18T19:09:23.040Z,"38 km SW of La Gomera, Guatemala",earthquake,5.8,2,0.072,54,reviewed,us,us
2019-01-05T17:08:31.460Z,14.9017,-91.4809,148.06,4.5,mb,,83,0.414,0.73,us,us2000j0ig,2019-03-08T17:50:16.040Z,"0 km SE of San Andrés Xecul, Guatemala",earthquake,5.1,4.8,0.046,140,reviewed,us,us
2019-01-04T02:30:35.180Z,13.6471,-90.7553,35,4,mb,,178,1.261,1.39,us,us2000j06y,2019-03-08T17:50:15.040Z,"31 km SSE of Puerto San José, Guatemala",earthquake,6,2,0.183,8,reviewed,us,us
2019-01-01T17:17:08.780Z,14.4508,-91.5356,108.39,4.1,mb,,163,0.17,0.76,us,us2000j5tu,2019-03-08T17:50:21.040Z,"4 km SSW of San Lorenzo, Guatemala",earthquake,9.3,8.6,0.095,32,reviewed,us,us
2018-12-28T00:49:37.280Z,13.5005,-89.8858,76.5,4.3,mb,,157,1.028,0.95,us,us2000iygt,2019-03-05T17:46:36.040Z,"12 km SSW of Acajutla, El Salvador",earthquake,5,9.9,0.072,54,reviewed,us,us
2018-12-25T04:46:06.570Z,14.484,-90.4992,204.2,4.4,mb,,132,1.106,0.84,us,us2000j31h,2019-03-05T17:46:33.040Z,"3 km E of Villa Canales, Guatemala",earthquake,7.1,6.2,0.081,44,reviewed,us,us
2018-12-20T17:01:49.130Z,14.1216,-90.2242,165.54,4.6,mb,,160,0.881,0.88,us,us2000j1sa,2019-02-23T20:23:05.040Z,"6 km NE of San Juan Tecuaco, Guatemala",earthquake,6.9,8.6,0.08,46,reviewed,us,us
2018-12-12T18:57:17.620Z,15.7143,-92.2369,205.6,4.4,mb,,88,0.572,1.06,us,us2000it04,2019-02-16T22:29:06.040Z,"1 km E of Lázaro Cárdenas, Mexico",earthquake,5.8,6.5,0.127,18,reviewed,us,us
2018-12-07T23:50:58.810Z,14.1182,-91.1269,62.16,4.2,mb,,153,0.682,0.66,us,us1000i4nw,2019-02-16T19:52:30.040Z,"8 km WNW of La Gomera, Guatemala",earthquake,5.6,8.1,0.055,92,reviewed,us,us
2018-12-04T19:08:38.610Z,13.8988,-90.9545,65.51,4.2,mb,,190,0.95,1.26,us,us1000i4aw,2019-02-16T19:52:19.040Z,"14 km WSW of Puerto San José, Guatemala",earthquake,6.9,11.2,0.152,12,reviewed,us,us
2018-11-21T18:39:32.610Z,13.5685,-91.1664,35,4.1,mb,,210,1.08,1.04,us,us1000hv3i,2019-04-16T04:22:38.418Z,"54 km SW of Puerto San José, Guatemala",earthquake,6,2,0.12,19,reviewed,us,us
2018-11-13T10:26:50.200Z,13.5673,-88.3024,186.11,4.4,mb,,143,0.911,0.67,us,us1000huuu,2019-01-30T18:36:27.040Z,"5 km ENE of Lolotique, El Salvador",earthquake,12.2,9.8,0.065,68,reviewed,us,us
2018-11-11T17:45:56.840Z,14.3311,-91.5715,75.63,4.1,mb,,169,0.226,1.11,us,us1000hqlt,2019-01-21T16:42:52.040Z,"18 km SSW of San Lorenzo, Guatemala",earthquake,9.1,10.7,0.103,26,reviewed,us,us
2018-11-09T14:22:35.890Z,13.9195,-89.7207,10,3.6,ml,,172,0.528,0.71,us,us1000hq8y,2019-01-21T16:43:00.040Z,"7 km SSE of Atiquizaya, El Salvador",earthquake,3.6,2,0.091,16,reviewed,us,us
2018-10-15T15:15:36.850Z,13.9195,-90.8145,37.31,4.3,mb,,148,1.044,0.53,us,us1000hef2,2018-12-21T22:27:05.040Z,"1 km SE of Puerto San José, Guatemala",earthquake,8.2,13.1,0.123,19,reviewed,us,us
2018-10-12T21:09:49.310Z,14.1973,-91.1973,64.33,5.7,mww,,74,0.581,0.79,us,us1000hbcu,2022-05-03T19:35:21.374Z,"11 km E of Nueva Concepción, Guatemala",earthquake,6.1,3.8,0.043,51,reviewed,us,us
2018-10-04T00:38:14.850Z,15.2761,-90.9884,10,4,mb,,90,0.497,0.92,us,us1000haj3,2018-12-14T20:32:45.040Z,"7 km SSE of Cunén, Guatemala",earthquake,4.1,1.9,0.143,13,reviewed,us,us
2018-10-03T23:51:17.300Z,15.2721,-90.9686,10,4,mb,,91,0.517,1.07,us,us1000h6pi,2022-08-08T08:54:06.179Z,"9 km SE of Cunén, Guatemala",earthquake,2.3,1.9,0.116,20,reviewed,us,us
2018-09-14T09:01:14.760Z,13.9142,-91.9951,35,4.1,mb,,168,0.673,0.99,us,us2000hi7j,2018-11-21T18:19:15.040Z,"42 km SSW of Champerico, Guatemala",earthquake,8,2,0.12,19,reviewed,us,us
2018-09-08T15:18:28.470Z,13.8599,-92.1297,10,4.1,mb,,185,0.783,1.09,us,us2000hb3m,2018-11-14T17:40:18.040Z,"53 km SSW of Champerico, Guatemala",earthquake,5.7,2,0.074,50,reviewed,us,us
2018-09-03T18:11:34.460Z,15.0661,-91.5483,179.11,4.6,mb,,96,0.254,1.23,us,us2000h78f,2018-11-14T17:40:12.040Z,"9 km N of San Carlos Sija, Guatemala",earthquake,10.1,6.7,0.042,172,reviewed,us,us
2018-08-23T00:28:50.140Z,13.9157,-91.5724,21.08,4,mb,,178,0.616,1.24,us,us2000h623,2018-11-01T17:51:04.040Z,"43 km SW of Nueva Concepción, Guatemala",earthquake,7,4.8,0.3,3,reviewed,us,us
2018-08-09T19:21:51.990Z,13.5731,-91.2308,18,5.6,mww,,79,1.047,1.42,us,us1000g60s,2022-08-08T07:01:06.699Z,"59 km SW of Puerto San José, Guatemala",earthquake,6.9,1.7,0.046,45,reviewed,us,us
2018-08-05T04:53:10.420Z,14.4934,-91.384,112.98,4.3,mb,,133,0.302,1.13,us,us1000g3r2,2018-10-16T15:34:16.040Z,"4 km SSW of San Miguel Panán, Guatemala",earthquake,6.3,5.1,0.047,126,reviewed,us,us
2018-07-22T13:40:05.040Z,13.7446,-90.9024,56.02,4.1,mb,,183,1.092,0.96,us,us2000gb89,2018-10-04T14:15:32.040Z,"22 km SSW of Puerto San José, Guatemala",earthquake,7.7,11.1,0.091,33,reviewed,us,us
2018-07-20T09:26:20.510Z,13.7177,-90.4471,77.7,4.3,mb,,139,1.181,1.02,us,us2000g9kw,2018-10-04T14:15:32.040Z,"36 km SE of Iztapa, Guatemala",earthquake,5.9,7.4,0.048,122,reviewed,us,us
2018-07-19T01:27:19.230Z,13.6272,-91.255,41.52,4.5,mb,,172,0.989,0.67,us,us2000g8d0,2018-10-04T14:15:32.040Z,"54 km SSW of La Gomera, Guatemala",earthquake,7.8,7.9,0.034,253,reviewed,us,us
2018-07-14T06:20:42.650Z,14.6466,-91.7346,99.53,4.1,mb,,132,0.127,1.15,us,us2000g4wv,2018-10-02T16:40:40.040Z,"5 km N of El Asintal, Guatemala",earthquake,10,9.9,0.102,26,reviewed,us,us
2018-07-06T02:17:05.620Z,13.7433,-91.904,52.8,4.4,mb,,185,0.802,0.72,us,us2000fxzk,2018-09-27T14:03:42.040Z,"60 km S of Champerico, Guatemala",earthquake,7.8,8.8,0.047,129,reviewed,us,us
2018-07-02T20:43:43.700Z,13.7657,-91.6269,45.3,4.4,mb,,185,0.757,1.17,us,us2000fv1p,2018-09-27T14:03:37.040Z,"59 km SW of Nueva Concepción, Guatemala",earthquake,5.4,9.8,0.045,145,reviewed,us,us
2018-07-02T07:04:33.470Z,13.6645,-91.5987,35,4.3,mb,,110,0.86,1.02,us,us2000ftq2,2018-09-27T14:03:37.040Z,"67 km SSW of Nueva Concepción, Guatemala",earthquake,5.2,2,0.041,167,reviewed,us,us
2018-07-01T17:21:11.870Z,14.519,-90.6129,207.44,4.1,mb,,132,1.047,0.89,us,us2000ft3z,2018-09-21T16:25:48.040Z,"3 km WSW of Villa Nueva, Guatemala",earthquake,8.8,8.8,0.103,26,reviewed,us,us
2018-07-01T11:13:58.190Z,13.7381,-91.5878,35,4.1,mb,,179,2.258,1.2,us,us2000fsxm,2018-09-21T16:25:57.040Z,"59 km SSW of Nueva Concepción, Guatemala",earthquake,3.2,2,0.067,60,reviewed,us,us
2018-06-27T14:45:20.930Z,14.127,-91.5616,68.84,4.8,mb,,170,0.415,0.78,us,us1000f3bt,2025-12-22T17:48:41.352Z,"27 km SW of Tiquisate, Guatemala",earthquake,8.8,8.2,0.065,74,reviewed,us,us
2018-06-26T14:55:47.500Z,13.7364,-91.3391,35,4.4,mb,,87,0.856,0.79,us,us1000f29f,2018-09-21T16:25:57.040Z,"49 km SW of La Gomera, Guatemala",earthquake,8.2,2,0.062,74,reviewed,us,us
2018-06-25T05:19:58.830Z,13.6176,-90.7202,53.88,4.5,mb,,120,1.306,0.98,us,us1000f0tn,2018-09-21T16:25:57.040Z,"34 km S of Iztapa, Guatemala",earthquake,6.7,8.3,0.034,249,reviewed,us,us
2018-06-18T02:32:55.870Z,14.1325,-90.7154,99.17,5.7,mww,,51,0.899,1.45,us,us1000eu39,2022-05-03T19:19:43.027Z,"12 km SW of Guanagazapa, Guatemala",earthquake,6.1,3.2,0.065,23,reviewed,us,us
2018-06-12T15:57:57.920Z,13.7088,-91.6901,34.01,4.3,mb,,214,0.811,0.58,us,us1000ep7p,2018-09-07T17:47:00.040Z,"68 km SW of Nueva Concepción, Guatemala",earthquake,10.1,10.1,0.089,36,reviewed,us,us
2018-06-10T19:43:34.720Z,13.9076,-91.447,60.23,4.3,mb,,168,0.658,1.03,us,us1000emv1,2018-08-29T16:36:48.040Z,"36 km SSW of Nueva Concepción, Guatemala",earthquake,6.8,5.2,0.101,28,reviewed,us,us
2018-06-02T02:12:30.840Z,14.1448,-91.3202,53.8,4,mb,,155,0.523,0.75,us,us1000eh88,2018-08-28T16:30:05.040Z,"6 km SSW of Nueva Concepción, Guatemala",earthquake,7.4,10,0.108,23,reviewed,us,us
2018-05-27T19:16:40.290Z,14.2623,-89.8769,188.83,4.4,mb,,120,0.597,0.73,us,us1000ed0q,2018-08-21T21:23:54.040Z,"3 km SSE of Jutiapa, Guatemala",earthquake,10.4,8.7,0.109,24,reviewed,us,us
2018-05-24T12:17:04.470Z,13.9805,-91.3565,49.42,4.1,mb,,189,0.632,0.9,us,us1000eb6s,2018-08-21T21:23:49.040Z,"25 km SSW of Nueva Concepción, Guatemala",earthquake,7.2,14.2,0.123,18,reviewed,us,us
2018-05-23T01:27:32.060Z,13.7928,-90.8027,57.79,4,mb,,178,1.13,1.19,us,us1000eabu,2018-08-21T21:23:48.040Z,"15 km S of Puerto San José, Guatemala",earthquake,7.7,10.8,0.113,21,reviewed,us,us
2018-05-22T04:41:57.010Z,13.6936,-92.1335,37.15,4.3,mb,,179,0.929,0.96,us,us1000e9qd,2018-08-21T21:23:47.040Z,"70 km SSW of Champerico, Guatemala",earthquake,3.5,11.9,0.087,37,reviewed,us,us
2018-05-21T01:38:26.170Z,14.802,-92.0221,113.44,4.1,mb,,153,0.257,0.76,us,us1000eqre,2018-08-21T21:23:57.040Z,"8 km SE of Catarina, Guatemala",earthquake,7.7,6.2,0.116,20,reviewed,us,us
2018-05-11T21:34:26.750Z,13.545,-91.6757,10,4.5,mb,,201,0.974,0.84,us,us1000e3av,2018-08-08T15:20:56.040Z,"83 km SSW of Nueva Concepción, Guatemala",earthquake,4.8,1.9,0.072,57,reviewed,us,us
2018-05-11T12:29:34.190Z,13.6755,-91.3897,35,4.3,mb,,179,0.894,1.32,us,us1000e2r2,2018-08-08T15:20:37.040Z,"57 km SW of La Gomera, Guatemala",earthquake,7.5,2,0.048,125,reviewed,us,us
2018-05-06T07:07:26.040Z,14.4026,-91.7978,81.48,4,mb,,172,0.157,0.81,us,us1000dz83,2018-07-27T20:20:43.040Z,"17 km NE of Champerico, Guatemala",earthquake,4.6,15.4,0.074,49,reviewed,us,us
2018-05-06T02:41:17.060Z,13.7545,-91.7897,35,4.2,mb,,170,0.771,1.19,us,us1000dz42,2018-07-27T20:20:42.040Z,"61 km SSE of Champerico, Guatemala",earthquake,5.5,2,0.05,110,reviewed,us,us
2018-05-04T11:09:31.430Z,13.9352,-91.8766,35,4.7,mb,,130,0.611,1.11,us,us1000dxty,2018-07-27T20:20:30.040Z,"39 km S of Champerico, Guatemala",earthquake,7.1,2,0.027,403,reviewed,us,us
2018-04-29T17:19:27.230Z,14.1423,-89.6989,10,4.2,mb,,178,0.415,0.98,us,us1000duck,2018-07-25T21:38:03.040Z,"5 km SE of Atescatempa, Guatemala",earthquake,6.4,1.9,0.147,13,reviewed,us,us
2018-04-25T22:18:24.560Z,14.2824,-89.9947,192.89,4.9,mb,,111,0.625,0.88,us,us1000dsd7,2018-07-25T21:36:49.040Z,"5 km ENE of Quesada, Guatemala",earthquake,6.6,4.9,0.05,125,reviewed,us,us
2018-04-21T11:14:50.940Z,14.3433,-90.2646,193.23,4.4,mb,,163,0.877,1.09,us,us1000dpu1,2018-07-17T02:05:34.040Z,"4 km SSE of Nueva Santa Rosa, Guatemala",earthquake,11.6,11.5,0.107,25,reviewed,us,us
2018-04-10T17:15:00.830Z,15.3489,-89.6541,10,3.9,mb,,80,0.84,0.88,us,us2000dxti,2022-08-08T02:03:26.040Z,"5 km SSW of Panzos, Guatemala",earthquake,3.2,2,0.182,8,reviewed,us,us
2018-04-08T08:19:19.290Z,13.7778,-91.6378,35,4.4,mb,,143,0.744,0.65,us,us2000dwdc,2018-06-30T01:11:34.040Z,"59 km SW of Nueva Concepción, Guatemala",earthquake,6.5,2,0.054,99,reviewed,us,us
2018-04-08T05:34:28.230Z,13.8035,-91.6968,35,4.5,mb,,143,0.716,0.65,us,us2000dwb7,2018-06-30T01:11:34.040Z,"58 km SSE of Champerico, Guatemala",earthquake,8.1,2,0.049,120,reviewed,us,us
2018-04-08T05:08:20.900Z,13.8832,-91.5365,21.43,5.2,mww,,34,0.655,1.19,us,us2000dwar,2022-05-03T19:10:00.853Z,"43 km SW of Nueva Concepción, Guatemala",earthquake,5.6,2.9,0.058,29,reviewed,us,us
2018-04-07T08:06:29.100Z,14.2841,-91.3111,45.36,4.1,mb,,127,0.442,0.94,us,us2000dvyg,2018-06-30T01:11:32.040Z,"5 km E of Tiquisate, Guatemala",earthquake,8,16.7,0.157,11,reviewed,us,us
2018-04-04T01:26:34.020Z,14.0322,-91.6981,63.16,4.3,mb,,194,0.489,0.9,us,us2000dyus,2018-06-30T01:11:27.040Z,"36 km SE of Champerico, Guatemala",earthquake,8,8.9,0.119,20,reviewed,us,us
2018-04-01T12:13:04.730Z,14.2535,-92.0767,65.9,4.7,mb,,122,0.457,0.85,us,us1000dc3u,2018-06-22T21:32:19.040Z,"18 km WSW of Champerico, Guatemala",earthquake,9.3,7.3,0.057,92,reviewed,us,us
2018-03-29T01:21:48.590Z,14.117,-91.2375,70.33,4.7,mwr,,121,0.6,0.74,us,us1000daje,2018-06-22T21:32:13.040Z,"11 km SE of Nueva Concepción, Guatemala",earthquake,6.4,6.8,0.086,13,reviewed,us,us
2018-03-23T20:02:10.590Z,13.7576,-92.1559,10,4.4,mb,,140,0.884,1.03,us,us1000d89s,2018-06-19T01:35:49.040Z,"64 km SSW of Champerico, Guatemala",earthquake,3.6,1.9,0.064,71,reviewed,us,us
2018-03-23T17:16:25.420Z,14.383,-91.2201,104.24,4.6,mb,,129,0.481,0.95,us,us1000d865,2022-08-08T01:28:14.311Z,"5 km S of Santa Bárbara, Guatemala",earthquake,7.9,5.6,0.044,152,reviewed,us,us
2018-03-18T22:30:33.920Z,15.4142,-92.0301,208.93,4.6,mb,,71,0.517,0.87,us,us1000d696,2018-06-11T21:53:51.040Z,"8 km W of Cuilco, Guatemala",earthquake,7.8,6.4,0.075,53,reviewed,us,us
2018-03-11T12:24:34.840Z,14.7683,-91.8761,89.08,4.3,mb,,150,0.299,1.05,us,us1000d32d,2018-06-08T05:12:20.040Z,"5 km ESE of Nuevo Progreso, Guatemala",earthquake,8.2,6.8,0.068,60,reviewed,us,us
2018-03-07T06:14:01.850Z,14.0389,-91.2896,72.42,4.4,mb,,154,0.622,1.22,us,us2000ddmz,2018-06-08T05:12:13.040Z,"17 km S of Nueva Concepción, Guatemala",earthquake,8.4,10.5,0.061,78,reviewed,us,us
2018-03-03T14:33:37.290Z,14.1546,-91.7208,61.57,4.4,mb,,197,0.368,1.12,us,us2000dbp8,2018-05-27T01:06:11.040Z,"25 km SE of Champerico, Guatemala",earthquake,7.5,6.5,0.079,46,reviewed,us,us
2018-02-17T10:06:00.920Z,13.7999,-90.6697,76.99,4.2,mb,,180,1.228,0.9,us,us2000d3tu,2018-05-15T06:29:12.040Z,"15 km SSE of Iztapa, Guatemala",earthquake,7.7,12,0.079,45,reviewed,us,us
2018-02-14T16:28:55.040Z,15.1429,-91.0858,253.85,4.4,mb,,77,0.438,0.94,us,us2000d6z3,2018-05-15T06:29:06.040Z,"5 km S of San Bartolomé Jocotenango, Guatemala",earthquake,8.8,8.4,0.098,30,reviewed,us,us
2018-02-10T15:15:32.600Z,14.1487,-91.2282,83.4,4.3,mb,,201,0.586,1.09,us,us2000d09k,2018-05-03T22:15:08.040Z,"9 km SE of Nueva Concepción, Guatemala",earthquake,8,8.7,0.095,31,reviewed,us,us
2018-02-10T11:04:13.530Z,15.1058,-92.347,94.99,5,mww,,69,0.212,1.33,us,us2000d07k,2025-12-22T17:30:30.232Z,"1 km SSE of Cantón Villaflor, Mexico",earthquake,6.4,3.7,0.061,26,reviewed,us,us
2018-02-09T10:19:55.490Z,15.3199,-88.8958,10,4.2,mb,,44,0.506,0.98,us,us2000czfr,2022-08-08T00:11:37.565Z,"17 km SSW of Morales, Guatemala",earthquake,5.8,1.9,0.052,102,reviewed,us,us
2018-02-08T12:04:56.230Z,13.9363,-92.2708,35.68,4.4,mb,,180,0.808,1.03,us,us2000cysz,2018-05-03T22:15:04.040Z,"55 km SW of Champerico, Guatemala",earthquake,6.8,11.4,0.054,100,reviewed,us,us
2018-02-03T01:02:32.550Z,13.7165,-89.0373,4,4.3,mb,,113,0.191,0.74,us,us1000cevm,2018-04-25T01:39:44.040Z,"7 km ENE of Ilopango, El Salvador",earthquake,3.6,7.3,0.093,33,reviewed,us,us
2018-02-02T12:22:39.170Z,15.33,-90.4866,10,3.9,ml,,105,0.98,0.83,us,us1000cftj,2018-04-25T01:39:43.040Z,"7 km SW of Santa Cruz Verapaz, Guatemala",earthquake,3.8,2,0.077,22,reviewed,us,us
2018-01-21T09:45:08.730Z,14.1858,-91.9609,66.8,4.2,mb,,151,2.09,1.06,us,us2000cm3d,2018-04-10T01:11:50.040Z,"13 km SSW of Champerico, Guatemala",earthquake,10.4,14.6,0.092,33,reviewed,us,us
2018-01-12T22:11:19.560Z,13.7872,-89.4963,118.8,4.8,mb,,169,0.276,0.82,us,us2000cpsh,2018-04-03T01:40:28.040Z,"4 km N of Armenia, El Salvador",earthquake,9.7,6.3,0.277,4,reviewed,us,us
2018-01-11T18:19:35.900Z,13.7936,-89.1152,10,4.2,mb,,94,0.155,1.29,us,us2000cikm,2022-08-07T23:00:11.392Z,"1 km NNE of Tonacatepeque, El Salvador",earthquake,4.1,2,0.373,2,reviewed,us,us
2018-01-10T15:43:03.360Z,14.4351,-89.9521,246.21,4.1,mb,,141,0.574,0.77,us,us2000cnvs,2018-04-03T01:40:25.040Z,"11 km SW of Monjas, Guatemala",earthquake,7.8,10.6,0.198,7,reviewed,us,us
2018-01-04T11:43:06.610Z,15.5007,-90.5691,40.45,4.6,mb,,142,1.696,1.49,us,us1000c0mp,2018-03-23T23:16:50.040Z,"11 km N of San Cristóbal Verapaz, Guatemala",earthquake,8,6.2,0.039,192,reviewed,us,us
2017-12-30T06:24:30.890Z,14.2139,-92.3939,37.77,4.2,mb,,178,0.7,0.86,us,us1000c0gx,2022-08-07T23:19:05.940Z,"39 km SSW of Ocós, Guatemala",earthquake,7,11.4,0.199,7,reviewed,us,us
2017-12-29T09:42:40.870Z,13.8443,-92.0527,22.13,5.3,mww,,78,0.76,1.36,us,us1000bxl7,2025-12-22T17:36:14.298Z,"51 km SSW of Champerico, Guatemala",earthquake,4.7,4.4,0.089,12,reviewed,us,us
2017-12-28T09:16:24.010Z,13.9647,-92.3204,37.78,4.2,mb,,184,0.823,1.44,us,us1000bx34,2018-03-17T01:54:37.040Z,"57 km SW of Champerico, Guatemala",earthquake,6.2,16.6,0.121,19,reviewed,us,us
2017-12-15T09:07:43.960Z,14.7213,-91.5224,101.12,5.1,mww,,45,0.257,1.3,us,us2000c4rw,2025-12-22T17:36:11.880Z,"8 km SSW of Zunil, Guatemala",earthquake,6.4,3.6,0.058,29,reviewed,us,us
2017-12-07T16:03:41.200Z,13.774,-89.175,178.74,4.4,mb,,76,0.102,0.7,us,us2000c1ma,2018-02-28T02:32:31.040Z,"3 km S of Apopa, El Salvador",earthquake,7.3,5,0.091,35,reviewed,us,us
2017-12-07T06:27:16.060Z,13.7699,-92.4752,9.32,4,mb,,184,1.065,0.86,us,us2000c4el,2018-02-28T02:32:30.040Z,"83 km SW of Champerico, Guatemala",earthquake,3.2,7.7,0.211,6,reviewed,us,us
2017-12-06T18:17:36.680Z,14.4753,-91.9299,66.47,4.6,mb,,165,0.232,1.1,us,us1000bmum,2018-02-28T02:32:29.040Z,"18 km SSW of Flores Costa Cuca, Guatemala",earthquake,7.2,5.1,0.043,159,reviewed,us,us
2017-11-28T23:34:21.170Z,13.7353,-91.805,35,4.5,mb,,187,0.791,1.12,us,us2000bvpw,2022-08-07T21:39:02.977Z,"62 km S of Champerico, Guatemala",earthquake,2.8,2,0.071,58,reviewed,us,us
2017-11-28T23:13:20.080Z,13.8226,-91.8318,35,4.3,mb,,200,0.71,0.96,us,us2000bvpj,2018-02-20T09:06:06.040Z,"52 km S of Champerico, Guatemala",earthquake,8.9,2,0.081,43,reviewed,us,us
2017-11-20T03:37:14.350Z,13.8942,-90.8764,78.73,4.3,mb,,165,1.011,1.03,us,us2000brpw,2018-02-14T02:01:06.040Z,"6 km WSW of Puerto San José, Guatemala",earthquake,8,9.1,0.061,76,reviewed,us,us
2017-11-19T11:10:29.810Z,15.3118,-91.7635,171.43,4.2,mb,,115,0.251,0.99,us,us2000bvgj,2018-02-14T02:01:03.040Z,"4 km NNW of San Miguel Ixtahuacán, Guatemala",earthquake,9.4,7.3,0.104,26,reviewed,us,us
2017-11-08T08:28:26.450Z,14.7771,-91.0569,191.87,4.3,mb,,104,0.666,1.3,us,us2000bk9y,2018-01-31T03:04:43.040Z,"7 km WNW of Tecpán Guatemala, Guatemala",earthquake,8.2,8.5,0.133,16,reviewed,us,us
2017-11-04T18:12:27.820Z,14.2304,-91.9734,50,5.2,mww,,66,0.398,1.33,us,us2000biid,2022-05-03T18:39:49.690Z,"9 km SW of Champerico, Guatemala",earthquake,6.1,1.9,0.066,22,reviewed,us,us
2017-11-03T11:23:12.560Z,13.647,-91.251,35,4.1,mb,,185,0.972,0.81,us,us2000bhnu,2018-01-24T01:25:07.040Z,"52 km SSW of La Gomera, Guatemala",earthquake,5.8,2,0.097,29,reviewed,us,us
2017-11-02T22:13:09.410Z,13.6409,-91.4754,35,4.6,mb,,95,0.903,0.93,us,us2000bhe0,2018-01-24T01:25:06.040Z,"64 km SSW of Nueva Concepción, Guatemala",earthquake,7.5,1.9,0.035,247,reviewed,us,us
2017-10-30T18:21:07.910Z,14.5909,-90.5862,96.04,4.3,mb,,142,1.075,0.51,us,us1000aynt,2018-01-24T01:24:59.040Z,"4 km SSE of Mixco, Guatemala",earthquake,5.1,12,0.2,7,reviewed,us,us
2017-10-30T14:28:00.540Z,13.9446,-92.008,35,4.5,mb,,177,0.651,1.39,us,us1000ayit,2018-01-24T01:24:59.040Z,"39 km SSW of Champerico, Guatemala",earthquake,5.5,2,0.053,106,reviewed,us,us
2017-10-30T06:42:39.190Z,14.1578,-92.2109,54.73,4.4,mb,,161,0.618,1.3,us,us1000ayga,2018-01-24T01:24:59.040Z,"35 km WSW of Champerico, Guatemala",earthquake,6.3,7.6,0.051,110,reviewed,us,us
2017-10-29T14:39:25.380Z,14.2636,-92.2535,44.71,4.6,mb,,166,0.6,0.79,us,us2000bh8x,2018-01-24T01:24:58.040Z,"28 km SSW of Ocós, Guatemala",earthquake,6.1,4.9,0.084,42,reviewed,us,us
2017-10-28T14:51:43.120Z,13.6491,-90.66,60.97,4,mb,,187,1.328,1.29,us,us1000ay1v,2018-01-17T21:50:37.040Z,"31 km S of Iztapa, Guatemala",earthquake,3.5,16.9,0.139,14,reviewed,us,us
2017-10-26T04:01:31.480Z,13.6987,-89.2497,10,2.9,ml,,226,0.021,0.46,us,us1000ax8w,2018-01-17T21:50:34.040Z,"3 km N of Antiguo Cuscatlán, El Salvador",earthquake,5.4,2,0.115,10,reviewed,us,us
2017-10-12T17:44:36.350Z,14.5548,-91.5905,97.09,4.6,mb,,121,0.105,0.82,us,us1000aquq,2022-08-07T20:31:30.516Z,"2 km NW of Cuyotenango, Guatemala",earthquake,12.3,4.9,0.037,214,reviewed,us,us
2017-10-08T05:00:39.740Z,13.8169,-91.514,18.34,4.1,mb,,157,0.725,0.61,us,us2000b2qv,2018-01-09T02:14:51.040Z,"48 km SSW of Nueva Concepción, Guatemala",earthquake,6.9,8.6,0.102,26,reviewed,us,us
2017-10-07T21:24:08.770Z,13.5334,-90.5349,57.52,4.1,mb,,183,1.276,1.16,us,us2000b2ly,2018-01-03T01:54:50.040Z,"48 km SSE of Iztapa, Guatemala",earthquake,6.4,13.7,0.131,16,reviewed,us,us
2017-09-20T02:37:35.560Z,14.5711,-90.9075,178.93,4.9,mb,,174,0.939,1.19,us,us2000arfs,2022-08-07T18:05:17.299Z,"4 km ENE of Acatenango, Guatemala",earthquake,9.8,6.8,0.041,189,reviewed,us,us
2017-09-17T05:56:49.680Z,14.3944,-88.5593,10,4.3,mb,,102,0.775,0.56,us,us2000apf5,2022-08-07T17:40:41.568Z,"20 km NNW of Erandique, Honduras",earthquake,3.8,2,0.265,4,reviewed,us,us
2017-09-16T06:30:17.110Z,13.5994,-90.4761,52.27,4.4,mwr,,175,1.213,1.26,us,us2000anze,2022-08-07T17:37:28.425Z,"44 km SE of Iztapa, Guatemala",earthquake,6,9.5,0.075,17,reviewed,us,us
2017-09-14T02:16:37.400Z,13.9837,-91.5633,53.8,4.1,mb,,155,0.552,0.91,us,us2000aywa,2017-12-13T02:29:42.040Z,"37 km SW of Nueva Concepción, Guatemala",earthquake,8.5,9.7,0.074,50,reviewed,us,us
2017-09-10T21:23:10.520Z,13.8067,-91.6784,49.57,4.6,mb,,153,0.713,0.92,us,us2000ajp5,2017-12-13T02:29:36.040Z,"59 km SSE of Champerico, Guatemala",earthquake,6.7,8.2,0.043,159,reviewed,us,us
2017-08-31T07:08:41.390Z,13.8361,-91.5323,40.77,4.3,mb,,150,0.702,1.27,us,us2000ade2,2017-11-28T18:33:54.040Z,"47 km SSW of Nueva Concepción, Guatemala",earthquake,7.9,12.4,0.089,36,reviewed,us,us
2017-08-31T06:45:24.220Z,13.8871,-91.4558,35,4.2,mb,,197,0.674,0.67,us,us2000ade4,2017-11-28T18:33:54.040Z,"38 km SSW of Nueva Concepción, Guatemala",earthquake,4.7,2,0.098,29,reviewed,us,us
2017-08-31T05:48:32.240Z,13.7712,-91.5264,35,5,mb,,94,0.766,0.8,us,us2000addm,2022-05-03T18:36:13.001Z,"53 km SSW of Nueva Concepción, Guatemala",earthquake,6.5,2,0.026,488,reviewed,us,us
2017-08-30T03:04:48.420Z,13.923,-91.3229,36.62,4.2,mb,,187,0.698,0.96,us,us2000ad2d,2017-11-28T18:33:52.040Z,"30 km S of Nueva Concepción, Guatemala",earthquake,7.7,13.9,0.063,70,reviewed,us,us
2017-08-26T23:33:13.100Z,14.3858,-91.9025,75.77,4.7,mb,,87,0.244,0.77,us,us2000ac50,2022-08-07T15:39:59.348Z,"10 km N of Champerico, Guatemala",earthquake,8.7,5.1,0.057,94,reviewed,us,us
2017-08-26T05:51:57.950Z,15.4615,-92.1793,175.22,4.1,mb,,122,0.668,0.68,us,us2000aeg2,2017-11-22T03:43:33.040Z,"2 km WNW of Bejucal de Ocampo, Mexico",earthquake,7.9,8.5,0.158,11,reviewed,us,us
2017-08-20T23:28:57.090Z,14.0033,-91.8497,16,5.3,mww,,115,1.349,1.22,us,us2000aa12,2022-08-07T15:18:13.174Z,"32 km SSE of Champerico, Guatemala",earthquake,6.1,1.8,0.063,24,reviewed,us,us
2017-08-19T05:42:17.620Z,14.6023,-90.7151,199.34,4.4,mb,,131,0.951,0.57,us,us2000a9ps,2017-11-14T01:42:14.040Z,"3 km NE of Jocotenango, Guatemala",earthquake,9.2,9.4,0.102,28,reviewed,us,us
2017-08-11T01:07:17.190Z,13.9489,-92.4402,27.51,4.5,mb,,153,0.921,1.24,us,us2000a763,2017-10-25T00:38:07.040Z,"67 km SSW of Ocós, Guatemala",earthquake,6.8,6.8,0.036,228,reviewed,us,us
2017-08-07T20:14:47.960Z,14.0057,-91.7182,46.57,4.4,mb,,200,0.516,0.8,us,us2000a7b8,2017-10-25T00:38:02.040Z,"38 km SSE of Champerico, Guatemala",earthquake,10.3,5.7,0.139,15,reviewed,us,us
2017-08-01T11:35:52.300Z,13.5906,-91.1033,10,4.1,mb,,164,1.091,0.89,us,us2000a390,2017-10-18T01:54:13.040Z,"48 km SW of Puerto San José, Guatemala",earthquake,7.4,2,0.091,33,reviewed,us,us
2017-07-31T20:52:03.000Z,14.2739,-90.4875,10,3.9,ml,,154,1.099,0.95,us,us2000a2zn,2022-08-07T13:21:24.369Z,"5 km NNW of Pueblo Nuevo Viñas, Guatemala",earthquake,2.7,2,0.077,22,reviewed,us,us
2017-07-25T17:00:36.860Z,14.1582,-90.897,115.38,4.1,mb,,168,0.854,0.77,us,us2000a28b,2017-10-14T00:19:40.040Z,"7 km SW of Masagua, Guatemala",earthquake,8,8,0.369,2,reviewed,us,us
2017-07-19T11:26:18.080Z,14.4491,-90.4721,194.89,4.8,mb,,135,1.078,0.56,us,us20009xwz,2017-10-11T01:03:56.040Z,"3 km WSW of Fraijanes, Guatemala",earthquake,5.7,7.3,0.047,140,reviewed,us,us
2017-07-10T22:24:33.500Z,13.7796,-90.6967,72.07,4.4,mb,,161,1.219,1.38,us,us100098nn,2017-10-06T23:56:13.040Z,"17 km S of Iztapa, Guatemala",earthquake,8.3,8.1,0.046,138,reviewed,us,us
2017-07-05T16:07:36.540Z,13.7152,-90.7273,43.78,5.1,mb,,72,1.236,1.17,us,us100096z1,2022-05-03T18:33:04.919Z,"24 km S of Iztapa, Guatemala",earthquake,8,1.6,0.025,529,reviewed,us,us
2017-07-05T15:55:05.320Z,13.5814,-90.9309,35,4.3,mb,,146,1.195,1.25,us,us100096yz,2017-10-03T00:47:50.040Z,"40 km SSW of Puerto San José, Guatemala",earthquake,7.5,1.7,0.079,45,reviewed,us,us
2017-07-05T15:45:43.470Z,13.6093,-90.9189,35,4.6,mb,,151,1.181,1.37,us,us100096yu,2017-10-03T00:47:50.040Z,"36 km SSW of Puerto San José, Guatemala",earthquake,5.9,2,0.036,230,reviewed,us,us
2017-07-04T12:37:28.690Z,13.6551,-91.007,35,4.2,mb,,184,1.092,1.4,us,us100096n1,2017-10-03T00:47:48.040Z,"36 km SSW of Puerto San José, Guatemala",earthquake,7.4,2,0.066,64,reviewed,us,us
2017-06-30T13:01:01.250Z,13.5409,-90.8582,47.3,4.9,mb,,89,1.271,1.32,us,us100095hc,2025-12-22T17:24:42.764Z,"42 km S of Puerto San José, Guatemala",earthquake,6.8,5.2,0.046,148,reviewed,us,us
2017-06-26T13:42:38.680Z,14.0866,-90.8846,35,4.3,mb,,204,0.898,0.86,us,us100096fs,2017-09-27T02:03:13.040Z,"13 km SSW of Masagua, Guatemala",earthquake,6.6,2,0.178,9,reviewed,us,us
2017-06-23T03:08:13.260Z,13.7279,-91.0928,48.92,4.5,mb,,144,0.984,1.04,us,us20009p75,2017-08-23T16:35:48.040Z,"36 km SW of Puerto San José, Guatemala",earthquake,7.6,7,0.035,234,reviewed,us,us
2017-06-22T21:09:46.360Z,13.7438,-90.9305,49.93,4.2,mb,,173,1.073,0.66,us,us20009p48,2017-08-23T16:35:47.040Z,"23 km SSW of Puerto San José, Guatemala",earthquake,9.1,11.2,0.089,35,reviewed,us,us
2017-06-22T14:51:41.920Z,13.9021,-91.0489,35,4.1,mb,,193,0.88,1.34,us,us10009568,2017-08-23T16:35:43.040Z,"19 km S of La Gomera, Guatemala",earthquake,4.6,2,0.135,15,reviewed,us,us
2017-06-22T14:28:11.820Z,13.6553,-91.067,35,4.3,mb,,187,1.057,1.14,us,us20009p1x,2017-08-23T16:35:47.040Z,"40 km SW of Puerto San José, Guatemala",earthquake,3.8,2,0.079,45,reviewed,us,us
2017-06-22T12:31:03.490Z,13.7174,-90.9718,38.12,6.8,mww,,38,1.065,1.46,us,us20009p1a,2022-05-03T18:59:48.269Z,"28 km SW of Puerto San José, Guatemala",earthquake,6.8,3.5,0.028,123,reviewed,us,us
2017-06-20T20:33:58.520Z,13.796,-91.4099,45.74,4.4,mb,,171,0.775,0.84,us,us20009nsv,2017-08-23T16:35:46.040Z,"46 km SSW of Nueva Concepción, Guatemala",earthquake,6.7,8.2,0.058,86,reviewed,us,us
2017-06-14T21:14:52.460Z,13.9489,-92.3821,10,5.1,mb,,84,0.878,1.11,us,us20009mim,2025-12-22T17:24:28.809Z,"63 km SW of Champerico, Guatemala",earthquake,4.7,1.8,0.04,204,reviewed,us,us
2017-06-14T07:52:42.430Z,14.7843,-91.9951,91.77,5.1,mb,,88,0.288,1.04,us,us20009mc1,2017-08-18T23:13:27.040Z,"8 km NNE of Pajapita, Guatemala",earthquake,7.5,5,0.035,258,reviewed,us,us
2017-06-14T07:29:04.390Z,14.9091,-92.0092,93,6.9,mww,,35,0.247,1.42,us,us20009mbt,2022-05-03T19:54:32.174Z,"2 km SSW of San Pablo, Guatemala",earthquake,2.8,2.2,0.026,146,reviewed,us,us
2017-06-14T02:32:46.830Z,13.7811,-92.4326,10,4.4,mb,,182,1.028,0.96,us,us20009ma8,2017-08-18T23:13:26.040Z,"79 km SW of Champerico, Guatemala",earthquake,5.8,1.9,0.043,158,reviewed,us,us
2017-06-13T21:36:23.700Z,13.728,-92.2964,10,4.2,mb,,170,0.983,1.02,us,us20009n3i,2017-08-18T23:13:26.040Z,"75 km SSW of Champerico, Guatemala",earthquake,2.5,2,0.141,14,reviewed,us,us
2017-06-13T21:24:11.150Z,13.8022,-92.3087,10,4.9,mb,,124,0.932,0.86,us,us20009m84,2025-12-22T17:24:28.097Z,"69 km SW of Champerico, Guatemala",earthquake,5.2,1.9,0.049,128,reviewed,us,us
2017-06-13T14:09:52.460Z,13.8257,-92.3243,10,4.4,mb,,191,0.924,0.87,us,us20009n38,2017-08-18T23:13:26.040Z,"68 km SW of Champerico, Guatemala",earthquake,10.4,2,0.092,34,reviewed,us,us
2017-06-13T14:03:17.180Z,13.7532,-92.2488,10,4.5,mb,,170,0.936,0.92,us,us20009m4l,2017-08-18T23:13:26.040Z,"69 km SSW of Champerico, Guatemala",earthquake,7.3,1.9,0.065,70,reviewed,us,us
2017-06-13T08:43:49.150Z,13.8855,-92.3299,10,5,mb,,149,0.884,1.41,us,us20009m3v,2025-12-22T16:52:38.488Z,"63 km SW of Champerico, Guatemala",earthquake,4.9,1.9,0.037,230,reviewed,us,us
2017-06-13T04:37:23.660Z,13.8183,-92.4073,10,5,mb,,158,0.985,0.8,us,us20009m37,2025-12-22T17:24:26.669Z,"74 km SW of Champerico, Guatemala",earthquake,5.7,1.9,0.028,395,reviewed,us,us
2017-06-11T04:04:33.910Z,15.761,-92.4442,187.87,4.2,mb,,97,0.596,0.5,us,us100095zi,2017-08-18T23:13:22.040Z,"11 km ESE of Unión Buenavista, Mexico",earthquake,6.7,6.4,0.263,4,reviewed,us,us
2017-06-04T23:57:15.950Z,14.4741,-90.6383,183.58,4.8,mb,,128,1.024,1.01,us,us20009kp4,2017-08-16T02:42:16.040Z,"0 km SW of Amatitlán, Guatemala",earthquake,6.1,5.3,0.028,385,reviewed,us,us
2017-05-22T05:42:38.650Z,13.6246,-90.8973,77.74,4.1,mb,,156,1.183,0.79,us,us10008u3e,2017-08-10T01:33:57.040Z,"34 km SSW of Puerto San José, Guatemala",earthquake,7.1,6.8,0.06,75,reviewed,us,us
2017-05-11T22:02:34.650Z,13.5029,-90.2822,58.02,4.4,mwr,,148,1.037,0.99,us,us10008rpt,2017-08-01T23:02:30.040Z,"47 km SW of San Francisco Menéndez, El Salvador",earthquake,5.7,8,0.093,11,reviewed,us,us
2017-05-09T14:15:48.140Z,13.7469,-90.5036,77.85,5.1,mb,,176,1.237,0.82,us,us10008qsy,2017-08-01T23:02:22.040Z,"30 km SE of Iztapa, Guatemala",earthquake,7,12,0.091,39,reviewed,us,us
2017-04-23T15:51:30.790Z,13.6757,-89.2174,10,3.3,ml,,175,0.017,0.54,us,us10008k4n,2017-07-21T02:32:02.040Z,"3 km WSW of San Salvador, El Salvador",earthquake,6.1,2,0.088,17,reviewed,us,us
2017-04-18T23:39:28.490Z,13.8232,-91.9947,44.61,4.9,mb,,143,0.755,1.02,us,us10008iur,2017-07-11T01:48:37.040Z,"52 km S of Champerico, Guatemala",earthquake,6.9,5.7,0.028,392,reviewed,us,us
2017-04-10T23:53:58.630Z,13.7664,-89.1547,10,4.8,mb,,64,0.108,0.83,us,us10008ge2,2020-07-10T15:26:40.053Z,"4 km WSW of Tonacatepeque, El Salvador",earthquake,6,1.9,0.03,351,reviewed,us,us
2017-04-10T23:52:59.050Z,13.7626,-89.2076,10,4.2,mb,,91,0.078,1.08,us,us10008im7,2017-07-05T18:09:55.040Z,"3 km N of Ayutuxtepeque, El Salvador",earthquake,5.4,2,0.128,17,reviewed,us,us
2017-04-10T22:21:44.330Z,13.6704,-89.3237,5.5,3.4,ml,,164,0.091,0.35,us,us10008gdr,2017-07-05T18:09:55.040Z,"4 km W of Santa Tecla, El Salvador",earthquake,4.6,7.9,0.081,20,reviewed,us,us
2017-04-10T20:02:03.660Z,13.6702,-89.2695,6.39,3.5,ml,,157,0.04,0.68,us,us10008gdm,2017-07-05T18:09:55.040Z,"1 km SE of Santa Tecla, El Salvador",earthquake,5.2,10.6,0.076,23,reviewed,us,us
2017-04-10T02:13:17.560Z,13.6363,-89.3209,6.91,3.6,ml,,163,0.1,0.55,us,us10008g5e,2017-07-05T18:09:54.040Z,"6 km WSW of Nuevo Cuscatlán, El Salvador",earthquake,4.7,9.1,0.071,26,reviewed,us,us
2017-04-01T01:54:19.840Z,14.2309,-91.4768,59.17,4.8,mb,,118,0.36,1.08,us,us10008dqk,2025-12-22T17:22:15.493Z,"13 km WSW of Tiquisate, Guatemala",earthquake,7.3,2.8,0.03,347,reviewed,us,us
2017-03-21T08:44:13.040Z,13.887,-90.2771,106.16,4.6,mb,,166,1.035,1.11,us,us20008thd,2017-06-12T19:46:52.040Z,"12 km SW of Pasaco, Guatemala",earthquake,7.7,11.6,0.095,33,reviewed,us,us
2017-03-21T05:56:38.980Z,13.8464,-92.3893,37.13,4.4,mb,,198,0.953,1.41,us,us20008vbq,2017-06-12T19:46:52.040Z,"71 km SW of Champerico, Guatemala",earthquake,7.4,7.4,0.105,26,reviewed,us,us
2017-03-13T22:56:24.370Z,14.1696,-92.3726,21.73,4,mb,,174,0.741,1.03,us,us10008evm,2017-06-07T00:33:38.040Z,"42 km SSW of Ocós, Guatemala",earthquake,5,9.4,0.259,4,reviewed,us,us
2017-03-13T21:04:02.570Z,13.9103,-92.3484,10,4.7,mb,,169,0.88,1.3,us,us100088rh,2017-06-07T00:33:38.040Z,"63 km SW of Champerico, Guatemala",earthquake,4.4,1.9,0.044,157,reviewed,us,us
2017-03-03T11:01:20.530Z,14.0916,-90.8407,115.02,4.6,mb,,181,1.377,1.29,us,us1000887y,2017-05-24T02:48:14.040Z,"12 km S of Masagua, Guatemala",earthquake,8.1,9.4,0.158,12,reviewed,us,us
2017-02-27T21:07:13.860Z,14.0088,-91.5787,61.82,4.4,mb,,165,0.525,0.67,us,us100087i9,2017-05-24T02:48:10.040Z,"36 km SW of Nueva Concepción, Guatemala",earthquake,7.9,9.5,0.098,30,reviewed,us,us
2017-02-18T23:31:18.220Z,13.9019,-91.9944,35,4.5,mb,,160,0.683,1.1,us,us20008kq3,2017-05-13T01:03:24.040Z,"44 km SSW of Champerico, Guatemala",earthquake,6,2,0.059,84,reviewed,us,us
2017-02-16T21:48:30.290Z,13.5357,-91.4545,35,4.5,mb,,167,1.01,0.94,us,us20008kcb,2017-05-13T01:03:22.040Z,"74 km SW of La Gomera, Guatemala",earthquake,3,2,0.047,131,reviewed,us,us
2017-02-16T13:33:42.080Z,14.481,-90.5585,202.24,4.8,mb,,110,1.101,0.91,us,us20008k7u,2017-05-13T01:03:22.040Z,"2 km S of Petapa, Guatemala",earthquake,7.8,6.8,0.052,117,reviewed,us,us
2017-01-28T01:08:35.530Z,13.6951,-91.8668,10,4.7,mb,,128,0.841,1.25,us,us10007vvq,2017-04-19T18:31:02.040Z,"66 km S of Champerico, Guatemala",earthquake,7,1.9,0.037,224,reviewed,us,us
2017-01-15T14:13:00.020Z,14.398,-90.1891,211.92,4.6,mb,,124,0.802,0.69,us,us10007te1,2017-04-12T02:28:57.040Z,"6 km ESE of Casillas, Guatemala",earthquake,7.8,7.4,0.041,181,reviewed,us,us
2017-01-12T03:22:46.930Z,13.9092,-91.2441,53.5,5.3,mww,,64,0.751,0.98,us,us10007srd,2022-05-03T18:08:42.468Z,"28 km SW of La Gomera, Guatemala",earthquake,6.9,4.6,0.08,15,reviewed,us,us
2017-01-09T10:27:31.570Z,15.296,-91.8189,190.73,4.6,mb,,119,0.306,1.13,us,us10007s3q,2017-04-01T00:26:06.040Z,"6 km NNE of Concepción Tutuapa, Guatemala",earthquake,9.5,7.1,0.065,70,reviewed,us,us
2017-01-09T06:18:21.790Z,13.9308,-92.1323,10,4.2,mb,,197,0.726,1.05,us,us10007vhm,2017-04-01T00:26:05.040Z,"46 km SSW of Champerico, Guatemala",earthquake,5.6,2,0.128,17,reviewed,us,us
2017-01-07T13:27:23.230Z,13.5329,-91.21,43.88,4.9,mb,,124,1.092,1.3,us,us10007rvi,2022-05-03T18:08:27.553Z,"60 km SW of Puerto San José, Guatemala",earthquake,7.2,8.3,0.052,116,reviewed,us,us
2016-12-19T21:18:32.060Z,14.3637,-91.4191,89.83,4.9,mb,,148,0.311,1.38,us,us200082mc,2017-03-16T02:31:30.040Z,"9 km S of San José El Ídolo, Guatemala",earthquake,7.2,6.1,0.052,115,reviewed,us,us
2016-12-16T11:34:58.440Z,14.0889,-90.8703,70.61,5.5,mww,,63,1.366,1.27,us,us2000819r,2025-12-22T17:32:45.860Z,"12 km S of Masagua, Guatemala",earthquake,6.6,3.7,,,reviewed,us,us
2016-12-14T09:40:51.790Z,15.4597,-92.2969,191.28,4,mb,,98,0.549,1.65,us,us10007qib,2017-03-09T02:14:30.040Z,"1 km W of El Porvenir de Velasco Suárez, Mexico",earthquake,7.2,6.3,0.196,7,reviewed,us,us
2016-12-11T00:03:54.500Z,13.5881,-90.8798,10,3.9,mb,,176,1.221,0.69,us,us10007num,2017-03-09T02:14:26.040Z,"38 km S of Puerto San José, Guatemala",earthquake,4.4,1.7,0.193,7,reviewed,us,us
2016-11-28T06:37:08.250Z,15.5716,-88.4126,10,4.4,mb,,48,1.347,1.17,us,us10007cvx,2017-02-23T00:11:51.040Z,"Honduras-Guatemala border region",earthquake,5.5,2,0.061,78,reviewed,us,us
2016-11-26T20:43:49.860Z,13.7132,-90.4924,66.53,4.3,mb,,170,1.225,0.97,us,us10007clm,2017-02-23T00:11:49.040Z,"33 km SE of Iztapa, Guatemala",earthquake,6,10.2,0.093,33,reviewed,us,us
2016-11-26T20:30:01.970Z,13.949,-90.2753,109.59,4.9,mb,,113,0.993,0.86,us,us10007cli,2017-02-23T00:11:49.040Z,"8 km WSW of Pasaco, Guatemala",earthquake,6.9,7,0.095,35,reviewed,us,us
2016-11-25T15:08:41.160Z,14.7804,-90.9525,195.31,4.7,mb,,94,0.753,0.91,us,us10007cam,2017-02-23T00:11:47.040Z,"2 km ESE of Santa Apolonia, Guatemala",earthquake,9.1,7.4,0.084,43,reviewed,us,us
2016-11-24T04:41:09.020Z,13.8941,-90.24,110.98,4.4,mb,,167,0.989,0.55,us,us10007e9x,2017-02-15T23:21:39.040Z,"9 km SSW of Pasaco, Guatemala",earthquake,6.6,8,0.107,25,reviewed,us,us
2016-11-19T00:46:49.060Z,14.6065,-92.4396,57.53,4.1,mb,,156,0.343,1.42,us,us10007dm2,2017-02-15T23:21:27.040Z,"12 km S of Puerto Madero, Mexico",earthquake,4,10.7,0.123,18,reviewed,us,us
2016-11-18T00:23:48.070Z,14.1259,-91.2553,66.43,4.5,mwr,,163,0.582,0.84,us,us100079r5,2017-02-15T23:21:26.040Z,"9 km SSE of Nueva Concepción, Guatemala",earthquake,6.2,5.6,0.098,10,reviewed,us,us
2016-11-02T23:03:32.200Z,13.7695,-90.7266,80.87,4.2,mb,,173,1.202,1.08,us,us100076hb,2017-01-24T02:02:15.040Z,"18 km S of Iztapa, Guatemala",earthquake,5.8,6.3,0.132,16,reviewed,us,us
2016-10-21T19:51:16.760Z,14.422,-91.4004,98.06,4.6,mb,,144,0.303,1.02,us,us20007fzp,2017-01-20T00:31:00.040Z,"3 km SE of San José El Ídolo, Guatemala",earthquake,6.8,6.3,0.037,217,reviewed,us,us
2016-10-20T15:13:13.860Z,14.7218,-91.6139,101.58,4.6,mb,,92,0.211,1.05,us,us20007fm9,2017-01-15T01:13:59.040Z,"8 km NNW of El Palmar, Guatemala",earthquake,7.3,4.7,0.038,207,reviewed,us,us
2016-10-09T22:55:07.580Z,14.309,-90.1269,195.82,4.8,mb,,144,0.8,0.73,us,us20007d06,2017-01-07T00:20:48.040Z,"4 km N of San José Acatempa, Guatemala",earthquake,5.4,6.4,0.078,51,reviewed,us,us
2016-10-08T23:14:57.500Z,13.8607,-91.0297,64.99,4,mb,,175,1.755,1.1,us,us20007e3n,2017-01-07T00:20:46.040Z,"23 km WSW of Puerto San José, Guatemala",earthquake,8.8,17.5,0.15,12,reviewed,us,us
2016-10-05T15:50:01.220Z,15.6094,-92.2531,169.86,4.4,mb,,92,0.677,0.8,us,us20007dsz,2017-01-03T21:10:45.040Z,"2 km NE of La Rinconada, Mexico",earthquake,9,8.3,0.105,26,reviewed,us,us
2016-09-16T00:30:52.940Z,15.435,-91.871,161.81,4.4,mb,,120,0.373,1,us,us10006pzi,2016-12-12T23:01:24.040Z,"8 km ENE of Cuilco, Guatemala",earthquake,9.3,8.9,0.071,58,reviewed,us,us
2016-09-04T06:14:47.000Z,13.5393,-90.9665,44.66,4.1,mb,,166,1.207,1.14,us,us10006k9g,2016-12-03T02:54:40.040Z,"45 km SSW of Puerto San José, Guatemala",earthquake,7.5,4.5,0.089,35,reviewed,us,us
2016-08-31T16:09:50.570Z,16.0238,-91.3631,10,4.2,mb,,44,0.714,1.26,us,us10006j2b,2016-11-29T01:28:48.040Z,"13 km SSW of Santo Domingo de las Palmas, Mexico",earthquake,3.5,1.9,0.107,24,reviewed,us,us
2016-08-31T04:46:45.060Z,14.0604,-89.7138,2.09,4.2,mb,,153,0.48,0.81,us,us10006iz5,2016-11-29T01:28:47.040Z,"5 km SE of Jerez, Guatemala",earthquake,5.1,9.1,0.146,13,reviewed,us,us
2016-08-29T13:05:04.930Z,14.1231,-89.6443,10,4.6,mb,,165,0.388,1.1,us,us20006v1e,2020-07-10T16:33:13.196Z,"0 km NE of Candelaria de La Frontera, El Salvador",earthquake,4.5,1.5,0.054,104,reviewed,us,us
2016-08-27T07:53:29.990Z,13.5203,-90.2492,59.17,4,mb,,125,1.003,1.02,us,us20006uhi,2016-11-29T01:28:42.040Z,"43 km SW of San Francisco Menéndez, El Salvador",earthquake,6.8,8.4,0.116,20,reviewed,us,us
2016-08-25T22:41:07.890Z,13.6423,-90.7846,36.6,4.5,md,,193,1.244,0.95,us,us10006m17,2016-11-19T04:58:40.040Z,"31 km S of Puerto San José, Guatemala",earthquake,7.2,41.7,,,reviewed,us,snet
2016-08-20T13:59:17.700Z,14.153,-92.2459,38.01,4.4,mb,,206,0.649,0.89,us,us10006ff1,2016-11-19T04:58:32.040Z,"39 km WSW of Champerico, Guatemala",earthquake,5.8,13.5,0.19,8,reviewed,us,us
2016-08-18T07:41:43.200Z,15.2292,-91.8122,184.26,4.3,mb,,158,0.311,1.01,us,us10006en5,2016-11-15T02:21:53.040Z,"3 km ESE of Concepción Tutuapa, Guatemala",earthquake,7.3,7.2,0.111,23,reviewed,us,us
2016-08-14T05:13:03.120Z,13.993,-89.9204,139.1,4.8,mb,,121,0.735,0.82,us,us10006dq1,2016-11-15T02:21:48.040Z,"10 km N of Tacuba, El Salvador",earthquake,7.3,6.7,0.034,266,reviewed,us,us
2016-08-11T22:02:29.660Z,13.6293,-91.2355,55.93,4.2,mb,,181,0.995,0.76,us,us10006d4f,2016-10-26T03:10:26.040Z,"53 km SSW of La Gomera, Guatemala",earthquake,7.5,9.6,0.069,59,reviewed,us,us
2016-08-07T17:30:33.380Z,13.8953,-90.7577,77.39,4.3,mb,,156,1.103,1.28,us,us10006byt,2016-10-26T03:10:21.040Z,"6 km SW of Iztapa, Guatemala",earthquake,6.7,7.6,0.098,30,reviewed,us,us
2016-08-04T07:30:04.620Z,14.2384,-91.4872,56.35,4.1,mb,,187,0.348,1.36,us,us10006c31,2016-10-19T04:52:24.040Z,"14 km WSW of Tiquisate, Guatemala",earthquake,7.9,13.1,0.158,11,reviewed,us,us
2016-07-30T13:53:13.950Z,14.2242,-91.6644,64.13,4.8,mb,,107,0.3,1.06,us,us100068rx,2016-10-19T04:51:50.040Z,"27 km ESE of Champerico, Guatemala",earthquake,5.3,3.8,0.06,87,reviewed,us,us
2016-07-30T05:25:46.220Z,14.0127,-91.4299,56.16,4.4,mwr,,141,0.57,0.93,us,us100068pd,2016-10-19T04:51:47.040Z,"25 km SW of Nueva Concepción, Guatemala",earthquake,8.1,10,0.086,13,reviewed,us,us
2016-07-25T12:58:42.790Z,13.6503,-91.6652,45.03,4.2,mb,,212,0.869,0.81,us,us100068c4,2022-08-07T11:12:00.658Z,"72 km SSW of Nueva Concepción, Guatemala",earthquake,7.9,19.1,0.216,6,reviewed,us,us
2016-07-18T19:02:15.330Z,14.6793,-92.4357,70.73,4.9,mb,,125,0.28,0.84,us,us20006fl8,2025-12-22T17:16:55.386Z,"4 km SSW of Puerto Madero, Mexico",earthquake,5.5,4.8,0.035,253,reviewed,us,us
2016-07-15T17:17:39.410Z,13.9226,-92.116,35,4,mb,,176,0.724,1.28,us,us20006g63,2016-09-17T01:27:46.040Z,"46 km SSW of Champerico, Guatemala",earthquake,6.7,2,0.164,10,reviewed,us,us
2016-07-13T07:11:05.290Z,14.1344,-92.3652,24.32,4.3,mb,,162,0.774,1.49,us,us10006376,2016-09-08T01:50:30.040Z,"45 km SSW of Ocós, Guatemala",earthquake,7.3,9.3,0.062,73,reviewed,us,us
2016-07-05T14:09:37.000Z,13.504,-90.346,46.7,4.2,mb,,,,0.79,us,us100069vu,2016-09-02T21:36:38.040Z,"51 km SW of San Francisco Menéndez, El Salvador",earthquake,7,7.1,0.146,15,reviewed,snet,us
2016-07-04T15:58:45.070Z,14.1868,-92.4051,16.64,4.5,mb,,199,0.765,1.15,us,us100062k2,2016-09-02T21:36:37.040Z,"42 km SSW of Ocós, Guatemala",earthquake,4.1,5.2,0.118,21,reviewed,us,us
2016-07-03T23:43:23.970Z,14.2841,-92.4544,23.21,4.5,mb,,140,0.773,1.11,us,us10005zpc,2016-09-02T21:36:35.040Z,"37 km SW of Brisas Barra de Suchiate, Mexico",earthquake,7.8,6,0.036,224,reviewed,us,us
2016-06-24T14:48:22.890Z,14.3066,-92.2919,67.82,4.2,mb,,172,0.598,0.59,us,us1000611b,2016-08-31T03:08:14.040Z,"24 km SSW of Ocós, Guatemala",earthquake,8.8,8.8,0.526,1,reviewed,us,us
2016-06-23T05:24:37.860Z,15.4426,-92.0398,201.59,4,mb,,73,0.532,0.82,us,us10006104,2016-08-27T02:15:35.040Z,"8 km E of Amatenango de la Frontera, Mexico",earthquake,5.9,5.9,0.172,9,reviewed,us,us
2016-06-15T15:31:39.090Z,14.0253,-90.7455,66.61,4,mb,,129,1.045,1.3,us,us200064ja,2016-08-25T01:22:57.040Z,"10 km NNW of Iztapa, Guatemala",earthquake,4.1,9.1,0.149,12,reviewed,us,us
2016-06-15T13:46:55.140Z,14.1118,-91.6462,61,5.4,mww,,78,0.413,1.22,us,us200064ir,2025-12-22T17:15:29.953Z,"35 km SE of Champerico, Guatemala",earthquake,6.5,1.9,,,reviewed,us,us
2016-06-15T09:06:46.720Z,13.5606,-89.7956,77.26,4,md,,169,0.562,0.34,us,us20006f5d,2016-08-25T01:22:57.040Z,"4 km SE of Acajutla, El Salvador",earthquake,10.3,25.8,,,reviewed,us,snet
2016-06-14T11:36:48.170Z,14.3729,-90.5286,10,4.3,mb,,144,1.139,0.86,us,us200064az,2022-08-03T01:46:43.494Z,"12 km S of Villa Canales, Guatemala",earthquake,8.2,1.9,0.066,65,reviewed,us,us
2016-06-08T10:38:27.510Z,13.5196,-90.8786,35,5.2,mww,,122,1.275,1.21,us,us200062rb,2022-08-03T01:12:51.399Z,"45 km S of Puerto San José, Guatemala",earthquake,5.7,1.9,,,reviewed,us,us
2016-06-06T04:11:03.420Z,14.3914,-92.0995,67.25,4.3,mb,,117,0.413,1.12,us,us200062ac,2022-08-03T01:00:44.980Z,"16 km SE of Ocós, Guatemala",earthquake,7.6,5.7,0.051,110,reviewed,us,us
2016-05-24T07:55:47.000Z,13.568,-90.332,73,4,md,,,,1.33,us,us200061n3,2016-08-03T22:33:43.040Z,"45 km SW of San Francisco Menéndez, El Salvador",earthquake,10,9.8,,,reviewed,snet,snet
2016-05-22T14:51:22.650Z,13.7108,-90.4489,75.73,5,mww,,93,1.183,0.75,us,us10005j8b,2025-12-22T17:14:56.171Z,"37 km SE of Iztapa, Guatemala",earthquake,6.2,4,,,reviewed,us,us
2016-05-18T22:16:27.330Z,14.0536,-91.3723,59.13,4.3,mb,,170,0.563,1.12,us,us10005ick,2016-07-22T19:39:13.040Z,"17 km SSW of Nueva Concepción, Guatemala",earthquake,5.9,5.5,0.111,23,reviewed,us,us
2016-05-17T23:46:51.980Z,14.0289,-91.3248,67.84,4.3,mb,,126,0.609,1.04,us,us10005i3r,2016-07-22T19:39:11.040Z,"19 km S of Nueva Concepción, Guatemala",earthquake,8.4,3.9,0.059,82,reviewed,us,us
2016-05-13T04:52:04.180Z,14.6129,-92.3906,69,4.2,mb,,159,0.317,0.82,us,us10005iuv,2022-08-03T00:45:03.982Z,"12 km SSE of Puerto Madero, Mexico",earthquake,2.8,4.8,0.118,20,reviewed,us,us
2016-05-08T07:52:41.840Z,14.3617,-91.1382,114.18,4.7,mb,,110,0.563,0.91,us,us10005fu3,2016-07-20T18:10:48.040Z,"7 km SSE of Patulul, Guatemala",earthquake,7.1,5.8,0.032,296,reviewed,us,us
2016-05-03T07:46:54.180Z,13.6605,-91.2927,35,4.7,mb,,85,0.943,1.48,us,us10005d9n,2016-07-19T20:03:11.040Z,"53 km SSW of La Gomera, Guatemala",earthquake,7,1.9,0.064,73,reviewed,us,us
2016-05-03T03:13:52.000Z,14.4907,-90.4804,49.41,4.3,mb,,122,1.088,0.61,us,us10005gjq,2016-07-19T20:03:10.040Z,"5 km WNW of Fraijanes, Guatemala",earthquake,7,11.3,0.097,30,reviewed,us,us
2016-05-03T02:38:51.640Z,13.6199,-91.4026,27.03,4.5,mwr,,136,0.943,0.65,us,us10005d7j,2016-07-19T20:03:10.040Z,"63 km SW of La Gomera, Guatemala",earthquake,6.9,5.4,0.093,11,reviewed,us,us
2016-05-02T21:49:38.000Z,13.5667,-91.3622,35,4.7,mb,,84,1.005,1.46,us,us10005d61,2022-08-02T21:03:22.083Z,"66 km SSW of La Gomera, Guatemala",earthquake,6.5,1.9,0.03,350,reviewed,us,us
2016-04-22T10:47:03.500Z,13.6274,-90.1212,86.53,4.3,mb,,115,0.866,1.26,us,us20005ktw,2016-07-08T02:49:17.040Z,"26 km SSW of San Francisco Menéndez, El Salvador",earthquake,7.5,6.4,0.059,82,reviewed,us,us
2016-04-19T19:21:21.400Z,13.6946,-90.7146,45.53,4.5,mwr,,98,1.259,1.31,us,us20005jw6,2022-08-02T19:18:15.830Z,"26 km S of Iztapa, Guatemala",earthquake,6.9,6,0.086,13,reviewed,us,us
2016-04-17T06:32:41.680Z,13.8083,-92.3834,32.96,4.5,mb,,150,0.976,1.07,us,us20005j5t,2016-06-27T23:01:56.040Z,"73 km SW of Champerico, Guatemala",earthquake,4,4.9,0.046,139,reviewed,us,us
2016-04-15T22:55:23.770Z,13.6401,-92.2041,36.62,4.2,mb,,200,1.008,1.04,us,us20005kzt,2016-06-27T23:01:45.040Z,"78 km SSW of Champerico, Guatemala",earthquake,8.8,10.5,0.086,38,reviewed,us,us
2016-04-15T20:39:09.790Z,13.5021,-92.3332,10,4.6,mb,,172,1.19,1.45,us,us20005irm,2016-06-27T23:01:43.040Z,"98 km SSW of Champerico, Guatemala",earthquake,6.7,1.9,0.081,45,reviewed,us,us
2016-04-10T16:40:01.160Z,13.642,-91.3957,35,4.4,mb,,203,0.924,1.04,us,us20005iks,2016-06-21T01:14:07.040Z,"61 km SW of La Gomera, Guatemala",earthquake,7.1,2,0.063,72,reviewed,us,us
2016-04-09T02:05:10.520Z,13.935,-92.2443,10,4.5,mb,,111,0.792,1.17,us,us20005ghy,2016-06-21T01:14:04.040Z,"53 km SW of Champerico, Guatemala",earthquake,7.9,1.8,0.04,184,reviewed,us,us
2016-04-01T05:48:11.840Z,14.3425,-91.5704,74.96,4.5,mb,,162,0.217,1.32,us,us20005dur,2022-08-07T10:42:58.301Z,"17 km SSW of San Lorenzo, Guatemala",earthquake,8.5,5.3,0.067,65,reviewed,us,us
2016-03-24T06:11:23.410Z,13.6977,-91.2934,40.12,4.3,mb,,168,0.909,0.74,us,us20005dea,2016-06-09T21:41:58.040Z,"49 km SSW of La Gomera, Guatemala",earthquake,7.3,5.8,0.133,16,reviewed,us,us
2016-03-20T21:36:29.380Z,13.6387,-91.5533,48.52,4.4,mb,,169,0.891,0.92,us,us20005bb7,2016-06-09T21:41:53.040Z,"67 km SSW of Nueva Concepción, Guatemala",earthquake,7.2,9.3,0.085,40,reviewed,us,us
2016-03-20T09:33:11.650Z,13.5865,-91.56,50.53,4.2,mb,,190,0.941,0.95,us,us20005b7y,2016-06-09T21:41:52.040Z,"73 km SSW of Nueva Concepción, Guatemala",earthquake,9.4,8.4,0.104,26,reviewed,us,us
2016-03-16T11:30:46.670Z,14.0111,-91.3577,58.73,4.2,mb,,194,0.606,0.96,us,us20005asl,2022-08-02T17:36:37.501Z,"21 km SSW of Nueva Concepción, Guatemala",earthquake,8.2,8.4,0.14,14,reviewed,us,us
2016-03-07T13:32:08.050Z,13.832,-91.7673,34.07,4.5,mb,,199,0.692,1.18,us,us10004wjn,2016-05-16T18:01:47.040Z,"53 km SSE of Champerico, Guatemala",earthquake,8.1,7.2,0.205,7,reviewed,us,us
2016-03-01T18:12:25.670Z,14.0523,-92.435,20.02,4.2,mb,,163,0.857,1.11,us,us10004tvh,2016-05-06T23:34:22.040Z,"56 km SSW of Ocós, Guatemala",earthquake,5.6,5.1,0.092,33,reviewed,us,us
2016-02-28T16:39:32.100Z,14.8667,-92.4326,100.32,4.4,mb,,127,0.166,0.89,us,us10004vj2,2016-05-06T23:34:18.040Z,"1 km ENE of Mazatán, Mexico",earthquake,7.3,6.5,0.072,55,reviewed,us,us
2016-02-28T09:49:22.020Z,14.5611,-90.6429,28.21,3.5,ml,,137,1.019,0.75,us,us10004tg1,2022-08-07T10:04:38.355Z,"3 km ENE of Magdalena Milpas Altas, Guatemala",earthquake,4.7,15.7,0.097,14,reviewed,us,us
2016-02-25T20:43:00.500Z,14.4552,-90.7664,10,3.1,ml,,158,0.902,0.14,us,us10004sr9,2016-05-03T23:44:22.040Z,"5 km SE of Alotenango, Guatemala",earthquake,6.3,2,0.115,10,reviewed,us,us
2016-02-25T04:23:36.920Z,14.5168,-90.6982,36.42,3.2,ml,,146,0.965,0.28,us,us10004shw,2016-05-03T23:44:21.040Z,"2 km NNE of Santa María de Jesús, Guatemala",earthquake,4.5,64.2,0.115,10,reviewed,us,us
2016-02-19T04:42:38.920Z,13.8074,-88.8387,201.31,5,mb,,64,0.4,0.94,us,us10004qz4,2016-05-03T23:44:11.040Z,"8 km N of San Sebastián, El Salvador",earthquake,7.6,5.4,0.031,338,reviewed,us,us
2016-02-14T09:12:28.420Z,13.8638,-91.8933,35,4.1,mb,,199,0.684,0.94,us,us10004qja,2016-04-26T23:28:20.040Z,"47 km S of Champerico, Guatemala",earthquake,5.8,1.9,0.158,11,reviewed,us,us
2016-02-14T08:18:59.510Z,14.3446,-90.3038,166.91,4.6,mb,,121,0.915,1.02,us,us10004qj7,2016-04-26T23:28:20.040Z,"4 km S of Santa Rosa de Lima, Guatemala",earthquake,7.4,7.2,0.092,35,reviewed,us,us
2016-02-13T19:47:12.150Z,13.6598,-91.3045,35,4.5,mb,,170,0.939,1.21,us,us20004zzs,2016-04-26T23:28:19.040Z,"54 km SSW of La Gomera, Guatemala",earthquake,7.4,2,0.064,71,reviewed,us,us
2016-02-09T21:26:49.850Z,15.8664,-92.3409,209.35,4.9,mb,,82,0.457,0.92,us,us20004z3q,2016-04-19T01:33:27.040Z,"7 km SSW of Nueva América, Mexico",earthquake,5.6,2.6,0.038,212,reviewed,us,us
2016-02-07T10:12:58.270Z,14.0698,-92.1844,60.4,4.3,mb,,200,0.655,1.07,us,us20004yij,2016-04-19T01:33:22.040Z,"38 km SW of Champerico, Guatemala",earthquake,10.2,6.9,0.125,18,reviewed,us,us
2016-02-04T18:08:35.820Z,14.5184,-92.3823,62.1,4.4,mb,,166,0.403,1.64,us,us20004xfs,2016-04-14T22:51:44.040Z,"17 km W of Brisas Barra de Suchiate, Mexico",earthquake,7.1,4.3,0.077,48,reviewed,us,us
2016-02-01T16:45:30.510Z,13.994,-89.9384,130.72,4.5,mb,,108,0.69,0.8,us,us20004wai,2016-04-14T22:51:39.040Z,"10 km N of Tacuba, El Salvador",earthquake,8.2,6.2,0.051,113,reviewed,us,us
2016-01-25T19:49:26.940Z,13.5236,-92.209,10,4.4,mb,,202,1.113,1.08,us,us10004h5k,2022-08-02T07:16:29.499Z,"91 km SSW of Champerico, Guatemala",earthquake,6.1,2,0.063,72,reviewed,us,us
2016-01-20T15:01:40.480Z,13.7169,-91.6495,33.04,4.3,mb,,99,0.804,1.32,us,us10004fue,2016-04-06T17:30:28.040Z,"65 km SW of Nueva Concepción, Guatemala",earthquake,7.6,6.2,0.085,39,reviewed,us,us
2016-01-20T04:09:34.890Z,13.5462,-91.1585,32.92,3.7,mb,,202,1.103,0.62,us,us20004uqe,2016-04-06T17:30:28.040Z,"55 km SW of Puerto San José, Guatemala",earthquake,6.3,9.2,0.291,3,reviewed,us,us
2016-01-19T13:00:35.100Z,14.5901,-91.4145,100.84,4.6,mb,,95,0.279,1.19,us,us10004fkk,2016-04-06T17:30:27.040Z,"4 km E of San Pablo Jocopilas, Guatemala",earthquake,5.9,3.8,0.038,206,reviewed,us,us
2016-01-17T07:58:45.570Z,13.5284,-89.67,53.37,4,mb,,185,0.454,0.76,us,us2000504n,2016-04-06T17:30:23.040Z,"18 km ESE of Acajutla, El Salvador",earthquake,8.4,19.5,0.367,2,reviewed,us,us
2016-01-16T02:25:51.440Z,14.2873,-91.8054,77.06,4.3,mb,,124,0.259,1.18,us,us10004g1v,2016-04-06T17:30:21.040Z,"11 km E of Champerico, Guatemala",earthquake,7.4,6.2,0.137,15,reviewed,us,us
2016-01-04T13:26:53.810Z,14.6604,-90.558,206.33,4.4,mb,,97,1.108,0.95,us,us10004e0t,2016-03-28T22:09:36.040Z,"5 km WNW of Guatemala City, Guatemala",earthquake,8.4,7,0.078,47,reviewed,us,us
2015-12-30T03:25:34.030Z,14.137,-91.1098,81.05,5,mwr,,131,0.685,0.83,us,us10004acp,2025-12-22T17:11:58.074Z,"8 km NW of La Gomera, Guatemala",earthquake,7,1.7,0.069,20,reviewed,us,us
2015-12-23T11:15:06.950Z,13.5496,-90.4093,57.51,4.5,mb,,119,1.153,0.93,us,us10004gdq,2016-03-12T02:29:23.040Z,"52 km SSW of Pasaco, Guatemala",earthquake,7,8.2,0.121,20,reviewed,us,us
2015-12-18T19:03:24.320Z,15.8002,-91.0054,9.91,4.3,mb,,67,0.677,1.28,us,us100048tc,2016-03-12T02:29:16.040Z,"9 km E of San Luis Ixcán, Guatemala",earthquake,3.7,5.2,0.107,25,reviewed,us,us
2015-12-18T18:38:09.030Z,13.9356,-92.2847,36.62,4.2,mb,,181,0.818,0.99,us,us100048tk,2016-03-12T02:29:16.040Z,"56 km SW of Champerico, Guatemala",earthquake,8.3,8.4,0.2,8,reviewed,us,us
2015-12-18T12:12:52.010Z,14.2537,-92.376,47.6,4.5,mb,,171,0.658,1.46,us,us100048t4,2016-03-12T02:29:15.040Z,"34 km SW of Ocós, Guatemala",earthquake,6.5,9,0.085,40,reviewed,us,us
2015-12-15T05:36:22.740Z,13.7326,-91.4741,35.69,4.1,mb,,159,0.815,1.42,us,us1000484a,2016-03-05T01:42:07.040Z,"near the coast of Guatemala",earthquake,6.9,10.7,0.184,8,reviewed,us,us
2015-12-08T15:13:42.790Z,13.674,-90.7317,30.67,4,mb,,185,1.26,0.62,us,us20004gf5,2016-03-02T03:36:39.040Z,"28 km S of Iztapa, Guatemala",earthquake,3.5,9.7,0.196,7,reviewed,us,us
2015-12-08T13:59:16.990Z,14.1257,-91.3933,66.95,4.4,mb,,103,0.492,1.38,us,us10004559,2016-03-02T03:36:39.040Z,"13 km SW of Nueva Concepción, Guatemala",earthquake,4.8,5.9,0.064,70,reviewed,us,us
2015-12-07T22:53:35.110Z,14.2197,-90.8905,84,5.7,mww,,31,0.836,1.48,us,us100044xh,2022-08-01T22:23:36.624Z,"4 km WNW of Masagua, Guatemala",earthquake,7.2,1.8,,,reviewed,us,us
2015-12-01T03:33:43.610Z,13.9683,-90.8799,93.86,4.1,mb,,183,0.964,0.6,us,us100043aw,2016-02-25T22:33:03.040Z,"7 km NW of Puerto San José, Guatemala",earthquake,7.2,7.8,0.165,10,reviewed,us,us
2015-11-25T10:23:02.640Z,14.147,-91.2224,78.2,4.7,mb,,74,0.592,0.73,us,us10004173,2022-08-01T20:10:36.760Z,"10 km SE of Nueva Concepción, Guatemala",earthquake,6.7,5.1,0.035,251,reviewed,us,us
2015-11-24T07:52:46.500Z,14.1939,-89.866,169,4.4,mb,,147,0.53,0.74,us,us100040mu,2016-02-18T04:48:52.040Z,"4 km WNW of El Adelanto, Guatemala",earthquake,5,8.1,0.099,29,reviewed,us,us
2015-11-20T06:17:25.300Z,14.9143,-91.3996,158.13,4.4,mb,,89,0.413,0.71,us,us100040t2,2016-02-18T04:48:45.040Z,"4 km W of Totonicapán, Guatemala",earthquake,6.9,6.8,0.202,7,reviewed,us,us
2015-11-17T11:39:43.200Z,14.766,-92.393,81.2,4.5,mb,,,,1.15,us,us10003yxm,2022-08-01T18:19:44.759Z,"4 km NNE of El Encanto, Mexico",earthquake,6,5.6,0.049,124,reviewed,unm,us
2015-11-16T12:21:10.000Z,13.769,-91.7191,35,4.4,mb,,203,0.751,0.67,us,us10003zjj,2016-02-13T02:08:25.040Z,"61 km SSE of Champerico, Guatemala",earthquake,8.7,2,0.148,13,reviewed,us,us
2015-11-16T05:38:44.710Z,13.8646,-91.9463,24.67,4,mb,,201,0.699,0.94,us,us10003zj2,2016-02-13T02:08:24.040Z,"47 km S of Champerico, Guatemala",earthquake,8.4,13.1,0.149,12,reviewed,us,us
2015-11-13T21:13:25.100Z,14.708,-92.321,103,4.3,mb,,,,0.95,us,us10003yyv,2016-02-13T02:08:20.040Z,"1 km SE of Tinajas 1ra. Sección, Mexico",earthquake,6.5,5,0.075,51,reviewed,unm,us
2015-11-09T22:37:32.610Z,13.5758,-92.0198,48.48,4.4,mb,,206,0.994,0.84,us,us10003xvp,2016-02-05T03:16:40.040Z,"80 km S of Champerico, Guatemala",earthquake,10.1,10.4,0.179,9,reviewed,us,us
2015-11-08T16:34:39.720Z,13.6415,-90.6574,52,4.6,mb,,153,1.386,1.07,us,us10003vrp,2022-08-01T16:50:45.029Z,"32 km S of Iztapa, Guatemala",earthquake,7.9,5.2,0.04,191,reviewed,us,us
2015-10-30T07:59:41.030Z,14.126,-91.5393,64.75,4.4,mb,,174,1.185,0.71,us,us200041k0,2016-01-30T02:10:56.040Z,"25 km SW of Tiquisate, Guatemala",earthquake,8.9,9.5,0.143,14,reviewed,us,us
2015-10-13T07:19:41.960Z,15.2675,-91.9282,10,4.2,mb,,128,0.413,0.61,us,us10003n86,2016-01-11T21:07:24.040Z,"6 km NE of San José Ojetenán, Guatemala",earthquake,6.7,2,0.103,26,reviewed,us,us
2015-10-12T05:50:58.730Z,13.9043,-92.3265,35,4.2,mb,,177,0.869,1.46,us,us10003mxl,2016-01-11T21:07:21.040Z,"62 km SW of Champerico, Guatemala",earthquake,4.8,2,0.084,40,reviewed,us,us
2015-09-28T03:08:17.700Z,14.6296,-92.0336,86.26,3.9,mb,,173,0.344,0.9,us,us10003ma6,2015-12-28T23:08:46.040Z,"near the coast of Chiapas, Mexico",earthquake,9.3,4.6,0.363,2,reviewed,us,us
2015-09-22T00:17:28.240Z,13.6936,-91.6498,66.01,4.2,mb,,166,2.329,0.82,us,us20003mp2,2015-12-21T23:16:30.040Z,"67 km SW of Nueva Concepción, Guatemala",earthquake,9.7,14.3,0.061,75,reviewed,us,us
2015-09-22T00:13:42.560Z,13.8025,-91.6891,43.54,4.2,mb,,188,0.717,0.55,us,us10003lbw,2015-12-21T23:16:30.040Z,"59 km SSE of Champerico, Guatemala",earthquake,9.4,13.7,0.124,18,reviewed,us,us
2015-09-21T05:08:57.220Z,13.7557,-89.2768,4.15,3.1,md,,141,0.081,0.98,us,us20003mpq,2022-08-01T07:02:34.943Z,"8 km S of Quezaltepeque, El Salvador",earthquake,5.2,6,,,reviewed,us,snet
2015-09-21T03:45:47.990Z,15.2466,-91.8354,177.18,4.3,mb,,88,0.329,0.8,us,us20003mbg,2015-12-21T23:16:28.040Z,"1 km NE of Concepción Tutuapa, Guatemala",earthquake,8.8,4,0.063,70,reviewed,us,us
2015-09-19T09:40:23.760Z,13.7267,-91.8231,35,4.3,mb,,155,0.802,0.87,us,us20003ltk,2015-12-21T23:16:23.040Z,"63 km S of Champerico, Guatemala",earthquake,7.8,1.9,0.05,112,reviewed,us,us
2015-09-03T03:55:25.570Z,14.1531,-92.3668,57.22,4.6,mb,,132,2.128,0.63,us,us20003fxe,2016-11-10T21:50:22.086Z,"43 km SSW of Ocós, Guatemala",earthquake,8.1,6.4,0.029,353,reviewed,us,us
2015-08-31T08:13:00.390Z,13.9893,-91.817,46.32,4.7,mb,,99,0.545,0.95,us,us1000369r,2015-12-01T00:36:05.040Z,"35 km SSE of Champerico, Guatemala",earthquake,6,4.3,0.03,345,reviewed,us,us
2015-08-23T01:07:02.000Z,14.678,-92.499,83.3,3.9,mb,,,,0.95,us,us20003ihi,2015-11-24T02:09:29.040Z,"near the coast of Chiapas, Mexico",earthquake,5.8,4.9,0.295,3,reviewed,unm,us
2015-08-21T10:48:07.840Z,14.1458,-91.1595,67.14,4.3,mb,,118,0.641,1.04,us,us100033wm,2022-08-01T01:04:41.363Z,"Guatemala",earthquake,7.8,6.6,0.038,193,reviewed,us,us
2015-08-19T03:48:46.900Z,14.628,-92.498,77,4,mb,,,,0.82,us,us100033gw,2022-08-01T00:48:04.669Z,"13 km SW of Puerto Madero, Mexico",earthquake,4.4,7.4,0.116,20,reviewed,unm,us
2015-08-15T21:46:36.120Z,14.2022,-92.4394,46.29,4.1,mb,,188,0.721,0.88,us,us20003fbs,2015-11-17T00:13:30.040Z,"43 km SW of Ocós, Guatemala",earthquake,6.8,10.4,0.151,12,reviewed,us,us
2015-08-15T13:09:28.710Z,14.0287,-90.9259,79.56,4.9,mb,,149,0.893,0.95,us,us100032kv,2025-12-22T17:08:54.542Z,"15 km ESE of La Gomera, Guatemala",earthquake,7.7,6.9,0.041,188,reviewed,us,us
2015-08-13T19:30:14.420Z,14.0922,-91.3013,58.03,5.2,mww,,66,0.574,0.83,us,us1000322j,2025-12-22T17:23:52.729Z,"11 km S of Nueva Concepción, Guatemala",earthquake,7,4.7,,,reviewed,us,us
2015-08-12T15:44:30.440Z,14.1261,-91.07,91.73,4.3,mb,,118,1.679,1.35,us,us100031h3,2022-07-31T23:47:51.388Z,"5 km NNW of La Gomera, Guatemala",earthquake,9.1,6.8,0.052,106,reviewed,us,us
2015-08-10T17:18:18.600Z,15.6143,-92.2022,184.24,4,mb,,104,0.666,1.45,us,us20003i5p,2015-11-06T18:06:31.040Z,"3 km S of San José las Chicharras, Mexico",earthquake,8.4,5.2,0.258,4,reviewed,us,us
2015-08-09T11:03:55.420Z,13.702,-91.5025,77.06,4.1,mb,,205,2.191,0.73,us,us1000350l,2015-11-06T18:06:29.040Z,"59 km SSW of Nueva Concepción, Guatemala",earthquake,11.1,15.2,0.105,25,reviewed,us,us
2015-08-09T07:05:58.380Z,13.6682,-88.478,9.86,4.5,mwr,,129,0.732,0.65,us,us100030ix,2022-07-31T23:04:12.360Z,"13 km WSW of Sesori, El Salvador",earthquake,5.8,5.9,0.063,24,reviewed,us,us
2015-08-01T23:35:06.000Z,14.8052,-91.0801,205.49,4.7,mb,,77,0.653,0.66,us,us10002x7u,2015-10-30T02:47:43.040Z,"7 km ENE of Concepción, Guatemala",earthquake,7.1,4.9,0.046,145,reviewed,us,us
2015-07-31T23:39:25.070Z,14.1304,-91.4205,63.37,5,mwr,,32,1.183,1.26,us,us10002x0r,2025-12-22T17:08:33.049Z,"15 km WSW of Nueva Concepción, Guatemala",earthquake,6.3,3.3,0.073,18,reviewed,us,us
2015-07-26T03:03:04.530Z,13.6602,-91.2284,14.37,4.2,mb,,197,1.596,0.79,us,us1000328q,2015-10-22T20:05:00.040Z,"50 km SSW of La Gomera, Guatemala",earthquake,5.5,7,0.118,20,reviewed,us,us
2015-07-25T08:54:04.720Z,13.9619,-92.0752,49.08,4.3,mb,,179,1.457,0.73,us,us20003027,2015-10-22T20:04:58.040Z,"40 km SSW of Champerico, Guatemala",earthquake,8,8.3,0.086,38,reviewed,us,us
2015-07-20T12:01:02.520Z,13.6237,-90.2958,65.05,4.3,mb,,85,1.036,1.06,us,us20002ynh,2015-10-14T21:05:46.040Z,"38 km SW of San Francisco Menéndez, El Salvador",earthquake,7.7,7.4,0.078,47,reviewed,us,us
2015-07-19T10:45:50.140Z,14.0201,-92.1358,52.47,4.2,mb,,166,0.659,0.67,us,us20002yhw,2015-10-14T21:05:44.040Z,"38 km SW of Champerico, Guatemala",earthquake,8.6,8,0.06,79,reviewed,us,us
2015-07-16T09:53:09.880Z,14.0765,-89.8579,10,4.3,mb,,122,0.579,1.13,us,us20002xvw,2015-10-14T21:05:36.040Z,"7 km ESE of Comapa, Guatemala",earthquake,5.7,1.9,0.094,32,reviewed,us,us
2015-07-11T19:43:56.310Z,13.8456,-90.6739,66.29,4,mb,,170,1.198,0.96,us,us100032is,2015-10-09T20:19:13.040Z,"10 km SSE of Iztapa, Guatemala",earthquake,8.2,18.2,0.139,14,reviewed,us,us
2015-07-10T20:29:47.070Z,14.0066,-91.0803,62.94,4.2,mb,,172,0.787,1.14,us,us20002x01,2022-07-31T18:06:00.583Z,"8 km SSW of La Gomera, Guatemala",earthquake,8.3,10.1,0.115,21,reviewed,us,us
2015-07-07T04:55:23.610Z,14.2258,-91.2276,64.86,4.2,mb,,170,0.541,0.98,us,us20002vlz,2022-07-31T17:10:42.759Z,"8 km ENE of Nueva Concepción, Guatemala",earthquake,6.5,10.7,0.062,72,reviewed,us,us
2015-07-04T13:17:53.160Z,14.1327,-91.3314,60.42,4.3,mb,,176,0.525,1.11,us,us10002nee,2022-07-31T20:56:18.101Z,"8 km SSW of Nueva Concepción, Guatemala",earthquake,8.9,12.6,0.113,22,reviewed,us,us
2015-06-30T15:00:29.590Z,14.2953,-91.1516,58.81,4.1,mb,,165,0.573,1.02,us,us20002xmj,2015-09-02T22:37:25.040Z,"14 km S of Patulul, Guatemala",earthquake,7.5,7.5,0.094,31,reviewed,us,us
2015-06-28T07:45:28.410Z,14.2525,-91.529,57.68,4.1,mb,,189,0.314,0.44,us,us10002m6m,2015-09-02T22:37:22.040Z,"18 km W of Tiquisate, Guatemala",earthquake,9.7,4.8,0.114,21,reviewed,us,us
2015-06-27T15:16:01.860Z,13.921,-90.2122,107.56,4.7,mb,,106,0.952,1.09,us,us10002m37,2015-09-02T22:37:21.040Z,"6 km S of Pasaco, Guatemala",earthquake,8.2,6,0.057,93,reviewed,us,us
2015-06-06T11:50:40.570Z,13.8131,-90.9153,63.85,4.1,mb,,173,1.035,0.87,us,us20002mjk,2015-08-10T13:08:22.040Z,"16 km SW of Puerto San José, Guatemala",earthquake,8.7,10,0.084,39,reviewed,us,us
2015-06-04T10:15:24.040Z,14.0173,-92.2048,46.73,4.3,mb,,155,0.706,1.03,us,us20002lz9,2015-08-10T13:08:19.040Z,"43 km SW of Champerico, Guatemala",earthquake,8.4,9.6,0.068,62,reviewed,us,us
2015-05-21T05:14:41.150Z,13.9057,-91.1735,61.85,4.1,mb,,148,1.825,0.62,us,us10002b1w,2015-07-29T01:35:30.040Z,"23 km SSW of La Gomera, Guatemala",earthquake,7.1,5.8,0.066,63,reviewed,us,us
2015-05-18T20:05:45.370Z,14.4906,-91.8153,86.23,5.1,mb,,89,0.876,0.94,us,us10002aah,2025-12-22T17:07:11.368Z,"14 km S of Génova, Guatemala",earthquake,7,4,0.025,527,reviewed,us,us
2015-05-15T22:20:59.750Z,14.1311,-91.7937,53.57,4.9,mb,,66,1.213,0.88,us,us100029m8,2022-07-31T07:08:34.388Z,"22 km SE of Champerico, Guatemala",earthquake,7.3,5.6,0.024,539,reviewed,us,us
2015-05-15T09:08:25.600Z,13.6395,-91.2474,31.21,4.7,mb,,76,1.687,1.15,us,us1000297y,2022-07-31T07:02:40.451Z,"53 km SSW of La Gomera, Guatemala",earthquake,6.7,4.6,0.033,286,reviewed,us,us
2015-05-11T01:42:58.790Z,13.8836,-91.2613,35,4,mb,,192,1.913,0.99,us,us10002b4z,2015-07-17T07:06:07.040Z,"31 km SW of La Gomera, Guatemala",earthquake,9.2,2,0.111,22,reviewed,us,us
2015-05-07T08:34:56.610Z,13.9074,-92.4419,43.19,4.4,mb,,155,0.949,0.81,us,us20002dbt,2015-07-17T07:05:55.040Z,"71 km SW of Champerico, Guatemala",earthquake,7.3,9.8,0.072,56,reviewed,us,us
2015-05-04T23:33:13.600Z,15.9738,-92.3571,223.42,4.3,mb,,130,0.372,0.9,us,us20002bmc,2022-07-31T04:18:35.254Z,"7 km NW of Nueva América, Mexico",earthquake,7.6,7,0.034,245,reviewed,us,us
2015-05-04T08:20:36.290Z,15.3755,-91.9742,177.53,4.7,mb,,92,0.458,0.77,us,us20002b4s,2022-07-31T04:05:47.882Z,"4 km SW of Cuilco, Guatemala",earthquake,6.9,4.5,0.035,239,reviewed,us,us
2015-05-02T11:59:16.090Z,15.0899,-91.5107,176.26,4.8,mb,,92,1.329,0.68,us,us20002aur,2015-07-09T22:00:06.040Z,"5 km W of San Bartolo, Guatemala",earthquake,8.3,4.1,0.037,230,reviewed,us,us
2015-04-24T00:08:07.520Z,13.8926,-91.2982,55.95,4,mb,,202,0.736,1.12,us,us200028p5,2022-07-31T00:56:42.196Z,"33 km SW of La Gomera, Guatemala",earthquake,5.6,13.4,0.134,15,reviewed,us,us
2015-04-10T17:41:15.300Z,14.587,-92.352,87.2,4.3,mb,,,,1.9,us,us20002cnh,2015-06-22T23:18:56.040Z,"14 km S of Tinajas 1ra. Sección, Mexico",earthquake,7.1,4.9,0.218,6,reviewed,unm,us
2015-04-09T20:28:40.520Z,13.7006,-91.4242,10,4.3,mb,,92,0.86,1.29,us,us200025fx,2022-07-28T07:13:34.508Z,"56 km SSW of Nueva Concepción, Guatemala",earthquake,6,1.9,0.067,62,reviewed,us,us
2015-04-02T00:44:54.070Z,14.8407,-91.4674,154.94,4.8,mb,,47,0.383,0.92,us,us10001szg,2015-06-16T01:00:22.040Z,"3 km NNW of Cantel, Guatemala",earthquake,6.6,4.4,0.047,142,reviewed,us,us
2015-04-01T10:00:38.210Z,15.8841,-91.4031,23.14,4.5,mb,,93,0.57,1.28,us,us10001sq1,2015-06-12T01:53:33.040Z,"9 km NE of San Mateo Ixtatán, Guatemala",earthquake,7.2,5.9,0.065,69,reviewed,us,us
2015-03-23T19:32:28.220Z,13.6601,-90.8565,82.63,4.3,mb,,188,1.389,0.93,us,us10001pyu,2015-06-09T21:30:03.040Z,"29 km S of Puerto San José, Guatemala",earthquake,4.2,9.8,0.077,48,reviewed,us,us
2015-03-21T13:44:21.870Z,13.6931,-90.9892,85.07,4.3,mb,,178,1.708,1.13,us,us10001qlg,2015-06-09T21:30:00.040Z,"31 km SW of Puerto San José, Guatemala",earthquake,10.3,18.7,0.188,8,reviewed,us,us
2015-03-05T15:16:54.580Z,13.7046,-92.408,38.29,4.3,mb,,208,1.069,1.05,us,usc000twsm,2015-05-28T00:48:33.040Z,"84 km SW of Champerico, Guatemala",earthquake,7.9,8.9,0.116,21,reviewed,us,us
2015-02-28T22:06:32.950Z,13.8944,-91.9117,35,4.8,mb,,67,0.66,1.21,us,usc000tu2q,2022-05-03T17:14:28.171Z,"44 km S of Champerico, Guatemala",earthquake,5.4,1.9,0.049,132,reviewed,us,us
2015-02-27T23:46:44.990Z,14.0697,-90.8491,98.56,4.9,mb,,73,0.936,0.93,us,usc000ttvt,2025-12-22T17:04:17.026Z,"14 km S of Masagua, Guatemala",earthquake,6.7,4.6,0.026,462,reviewed,us,us
2015-02-24T03:03:14.900Z,13.5312,-88.603,183.23,4.3,mb,,148,0.63,0.39,us,usc000tskr,2015-05-12T20:29:43.040Z,"8 km WNW of Berlín, El Salvador",earthquake,5.5,6.2,0.111,23,reviewed,us,us
2015-02-22T20:25:18.000Z,13.817,-90.407,87.9,4.6,mb,,,,1.48,us,usc000tt4d,2015-05-12T20:29:39.040Z,"28 km SW of Pasaco, Guatemala",earthquake,10.2,8.6,0.145,15,reviewed,snet,us
2015-02-11T05:20:12.860Z,13.5712,-90.7773,59.13,4.5,mb,,77,1.3,1.22,us,usc000tnx9,2022-07-27T20:30:42.891Z,"39 km S of Puerto San José, Guatemala",earthquake,7.9,4.2,0.076,60,reviewed,us,us
2015-02-07T12:11:20.660Z,13.9824,-92.1746,47.49,4.5,mb,,184,0.711,1.22,us,usc000tn0k,2015-05-04T22:47:46.040Z,"44 km SW of Champerico, Guatemala",earthquake,8,7.4,0.052,118,reviewed,us,us
2015-02-05T14:11:09.300Z,15.704,-92.29,227.2,4.7,mb,,,,1.73,us,usc000tlx2,2022-07-27T19:07:56.102Z,"2 km NE of Piedra Labrada, Mexico",earthquake,6.9,5.8,0.066,69,reviewed,unm,us
2015-02-02T21:31:08.910Z,14.1083,-89.782,179.15,4.6,mb,,126,0.5,1.09,us,usc000tl36,2015-05-02T14:05:49.040Z,"3 km WNW of Jerez, Guatemala",earthquake,8,5.3,0.076,58,reviewed,us,us
2015-01-31T11:40:27.830Z,14.5281,-89.1301,10,4.6,mb,,84,0.207,0.59,us,usc000tkks,2022-07-27T18:08:19.546Z,"10 km NNE of Sinuapa, Honduras",earthquake,3.4,1.7,0.059,91,reviewed,us,us
2015-01-30T15:01:05.000Z,14.505,-89.185,1.1,4,md,,,,1.28,us,usc000tmh8,2015-05-02T14:05:50.040Z,"6 km N of Sinuapa, Honduras",earthquake,2.9,7.6,,,reviewed,snet,snet
2015-01-25T22:08:54.000Z,13.743,-89.226,7.3,3.4,md,,,,0.76,us,usb000tihp,2022-07-27T16:54:18.459Z,"2 km WNW of Ayutuxtepeque, El Salvador",earthquake,5.8,7.9,,,reviewed,snet,snet
2015-01-25T09:11:15.370Z,13.5297,-91.8709,35.5,4.4,mb,,217,1.003,0.98,us,usc000tiwm,2015-04-24T16:55:28.040Z,"84 km S of Champerico, Guatemala",earthquake,9,7.9,0.154,12,reviewed,us,us
2015-01-25T08:26:28.360Z,13.5991,-91.7769,35,4.4,mb,,169,0.923,1.27,us,usc000tiwg,2015-04-24T16:55:28.040Z,"78 km S of Champerico, Guatemala",earthquake,3.9,1.9,0.062,78,reviewed,us,us
2015-01-24T21:11:03.770Z,13.7442,-91.7551,35,4.2,mb,,220,0.778,1.45,us,usc000tl0j,2015-04-24T16:56:01.040Z,"63 km SSE of Champerico, Guatemala",earthquake,9,2,0.136,15,reviewed,us,us
2015-01-24T00:50:20.190Z,13.7346,-91.7166,36.58,4.2,mb,,216,0.785,0.97,us,usc000tkzx,2015-04-24T16:55:58.040Z,"65 km SSE of Champerico, Guatemala",earthquake,6.9,13.8,0.136,15,reviewed,us,us
2015-01-20T06:59:52.020Z,14.9801,-91.4588,154,5.5,mww,,27,0.338,1.2,us,usc000the9,2024-06-16T23:48:26.360Z,"4 km NNW of San Francisco El Alto, Guatemala",earthquake,6.2,1.8,,,reviewed,us,us
2015-01-19T01:49:16.700Z,14.058,-92.318,15,3.9,mb,,,,0.92,us,usc000tk1d,2015-04-20T16:05:34.040Z,"50 km WSW of Champerico, Guatemala",earthquake,6.2,5.1,0.171,9,reviewed,unm,us
2015-01-14T07:47:53.400Z,15.506,-92.2099,205.7,4.1,md,,,,0.83,us,usc000tm2j,2015-04-10T18:56:37.040Z,"1 km ESE of La Grandeza, Mexico",earthquake,6.1,6.2,,19,reviewed,unm,unm
2015-01-10T08:39:37.420Z,13.5414,-91.6902,38.98,4.1,mb,,187,0.977,0.7,us,usc000ti8v,2015-04-10T18:56:35.040Z,"84 km SSW of Nueva Concepción, Guatemala",earthquake,7.6,15.3,0.261,4,reviewed,us,us
2014-12-24T17:40:15.650Z,13.6073,-90.9868,46.91,4,mb,,210,1.141,0.53,us,usc000td9g,2015-03-17T02:36:59.040Z,"39 km SSW of Puerto San José, Guatemala",earthquake,8.8,11.6,0.299,3,reviewed,us,us
2014-12-24T07:28:59.380Z,13.8539,-90.7222,84,4.2,mb,,184,1.155,0.88,us,usc000t9nt,2015-03-17T02:36:54.040Z,"8 km S of Iztapa, Guatemala",earthquake,5.6,9.4,0.087,43,reviewed,us,us
2014-12-23T12:22:53.920Z,13.6656,-90.3368,68.95,4.4,mb,,133,1.074,1.39,us,usc000t9d3,2015-03-06T02:59:12.040Z,"37 km SSW of Pasaco, Guatemala",earthquake,5.2,9.8,0.09,38,reviewed,us,us
2014-12-20T08:25:40.990Z,13.759,-91.3159,35,4.5,mb,,160,0.845,1.12,us,usc000t8p1,2015-03-06T02:59:05.040Z,"45 km SW of La Gomera, Guatemala",earthquake,4.6,2,0.057,101,reviewed,us,us
2014-12-18T15:03:01.580Z,13.8784,-90.9531,86.47,4.2,mb,,181,0.964,1.01,us,usc000t7wf,2022-07-27T10:58:46.027Z,"15 km WSW of Puerto San José, Guatemala",earthquake,8.3,7.9,0.092,33,reviewed,us,us
2014-12-15T04:57:43.520Z,13.9412,-91.9736,35,4.6,mb,,104,0.639,1.29,us,usc000t6rf,2015-03-04T21:55:04.040Z,"39 km S of Champerico, Guatemala",earthquake,6.4,1.9,0.034,280,reviewed,us,us
2014-12-12T19:52:26.710Z,13.8316,-92.1889,22.71,4.2,mb,,182,0.839,0.95,us,usc000tchl,2015-03-04T21:55:00.040Z,"59 km SSW of Champerico, Guatemala",earthquake,2.4,8.2,0.525,3,reviewed,us,us
2014-12-12T12:08:35.770Z,13.818,-91.9574,35,4.4,mb,,180,0.747,1.26,us,usc000t5xk,2015-03-04T21:55:00.040Z,"52 km S of Champerico, Guatemala",earthquake,7.2,2,0.073,59,reviewed,us,us
2014-12-12T05:55:07.560Z,13.7081,-91.471,37.04,4.2,mb,,165,0.84,0.94,us,usc000t5vk,2015-03-04T21:54:59.040Z,"57 km SSW of Nueva Concepción, Guatemala",earthquake,7.8,12.3,0.088,37,reviewed,us,us
2014-12-11T01:20:40.820Z,13.668,-91.5107,51.58,4.8,mb,,79,0.87,0.5,us,usc000t5fg,2022-07-27T10:13:31.708Z,"63 km SSW of Nueva Concepción, Guatemala",earthquake,3.5,5.4,0.03,370,reviewed,us,us
2014-12-09T12:27:01.210Z,13.5515,-91.4709,36.85,4.1,mb,,201,0.991,0.88,us,usc000t9qb,2015-02-28T02:16:15.040Z,"74 km SW of La Gomera, Guatemala",earthquake,4.4,17.9,0.146,13,reviewed,us,us
2014-12-08T16:32:49.780Z,13.6708,-91.4363,35,4.4,mb,,89,0.885,1.03,us,usc000t4jq,2015-02-28T02:16:14.040Z,"60 km SSW of Nueva Concepción, Guatemala",earthquake,6.7,2,0.066,73,reviewed,us,us
2014-12-08T10:53:48.360Z,13.8371,-91.869,50.46,4.4,mb,,116,0.704,1.19,us,usc000t4j1,2015-02-28T02:16:13.040Z,"50 km S of Champerico, Guatemala",earthquake,8.2,7.1,0.053,119,reviewed,us,us
2014-12-08T04:00:22.380Z,13.644,-91.5303,35,4.7,mb,,92,0.889,1.34,us,usc000t4hv,2015-02-28T02:16:13.040Z,"66 km SSW of Nueva Concepción, Guatemala",earthquake,2.5,2,0.034,290,reviewed,us,us
2014-12-08T00:54:05.250Z,13.8248,-91.475,43.54,4.2,mb,,197,0.727,1.02,us,usc000t9eg,2022-07-27T11:40:07.558Z,"near the coast of Guatemala",earthquake,7.2,9.7,0.124,18,reviewed,us,us
2014-12-07T23:23:12.590Z,13.746,-91.5924,40.31,4.2,mb,,187,0.78,1.43,us,usc000t8ea,2015-02-28T02:16:13.040Z,"59 km SSW of Nueva Concepción, Guatemala",earthquake,3.5,12.5,0.128,18,reviewed,us,us
2014-12-07T22:58:10.850Z,13.6006,-91.5703,43.16,4.2,mb,,188,0.926,0.39,us,usc000t4iu,2015-02-28T02:16:13.040Z,"72 km SSW of Nueva Concepción, Guatemala",earthquake,4.7,8.2,0.128,19,reviewed,us,us
2014-12-07T22:52:45.580Z,13.7385,-91.5662,38.56,4.1,mb,,122,0.791,0.4,us,usc000t4gx,2015-02-28T02:16:13.040Z,"58 km SSW of Nueva Concepción, Guatemala",earthquake,5.2,10.4,0.145,16,reviewed,us,us
2014-12-07T22:27:54.550Z,13.7939,-91.3917,43.59,4.1,mb,,163,0.783,0.58,us,usc000t8cg,2015-02-28T02:16:13.040Z,"46 km SSW of Nueva Concepción, Guatemala",earthquake,8.4,4.5,0.371,2,reviewed,us,us
2014-12-07T22:23:12.010Z,13.6276,-91.5033,45.83,4.7,mb,,79,0.91,0.57,us,usc000t4gm,2015-02-28T02:16:13.040Z,"67 km SSW of Nueva Concepción, Guatemala",earthquake,3,6,0.037,254,reviewed,us,us
2014-12-07T21:16:35.740Z,13.6717,-91.4731,32,6.1,mww,,54,0.874,0.48,us,usc000t4gc,2022-07-27T09:56:11.519Z,"61 km SSW of Nueva Concepción, Guatemala",earthquake,4.9,1.7,,,reviewed,us,us
2014-12-07T19:40:59.820Z,13.6123,-91.5044,45.08,4.5,mb,,165,0.925,1.18,us,usc000t4g0,2015-02-28T02:16:12.040Z,"near the coast of Guatemala",earthquake,8.6,8.9,0.093,34,reviewed,us,us
2014-12-07T16:05:04.590Z,13.7246,-91.4473,35,4.4,mb,,162,0.83,1.17,us,usc000t4fb,2015-02-28T02:16:12.040Z,"54 km SSW of Nueva Concepción, Guatemala",earthquake,7,2,0.065,72,reviewed,us,us
2014-12-07T14:09:22.580Z,13.7777,-91.498,35,4.5,mb,,128,0.766,0.77,us,usc000t4ew,2015-02-28T02:16:12.040Z,"51 km SSW of Nueva Concepción, Guatemala",earthquake,6.3,2,0.041,193,reviewed,us,us
2014-12-07T13:51:23.190Z,13.7257,-91.519,35.13,4.2,mb,,199,0.812,0.66,us,usc000t8ds,2015-02-28T02:16:12.040Z,"57 km SSW of Nueva Concepción, Guatemala",earthquake,3.4,13.4,0.214,7,reviewed,us,us
2014-12-07T12:11:31.220Z,13.7465,-91.3822,28,5.9,mww,,28,0.83,0.85,us,usc000t4ep,2022-07-27T09:55:05.498Z,"50 km S of Nueva Concepción, Guatemala",earthquake,5.9,1.7,,,reviewed,us,us
2014-12-06T17:06:59.390Z,13.5156,-88.3152,194.49,4.4,mb,,121,1.146,0.87,us,usc000t891,2015-02-28T02:16:10.040Z,"4 km ENE of Chinameca, El Salvador",earthquake,10.8,7.3,0.058,86,reviewed,us,us
2014-12-03T05:47:08.600Z,17.534,-92.476,9.1,4.5,mb,,,,1.38,us,usb000t2dz,2015-02-28T02:16:05.040Z,"5 km NW of Usipa, Mexico",earthquake,5.8,4.5,0.049,125,reviewed,unm,us
2014-11-29T18:28:08.140Z,15.8156,-92.2003,233.19,4.1,mb,,68,0.467,1.16,us,usb000t1l7,2015-02-24T00:35:12.040Z,"3 km NNE of Nueva Independencia, Mexico",earthquake,7.2,7.9,0.213,6,reviewed,us,us
2014-11-29T11:28:52.000Z,15.286,-91.978,179.4,4.2,mb,,,,1.12,us,usb000t1rl,2015-02-24T00:35:11.040Z,"7 km N of San José Ojetenán, Guatemala",earthquake,6.2,3.9,0.141,14,reviewed,unm,us
2014-11-24T00:01:44.680Z,13.8227,-91.9912,54.96,4.6,mb,,116,0.754,0.76,us,usb000szex,2015-02-18T03:30:56.040Z,"52 km S of Champerico, Guatemala",earthquake,7,6.5,0.05,139,reviewed,us,us
2014-11-23T21:04:17.400Z,13.5509,-90.0829,87.91,4.3,mb,,173,0.838,0.9,us,usb000szdq,2015-02-18T03:30:56.040Z,"28 km W of Acajutla, El Salvador",earthquake,4.9,5.5,0.168,11,reviewed,us,us
2014-11-22T04:39:48.830Z,14.1903,-91.8247,66.74,4.3,mb,,171,0.355,0.93,us,usb000sywe,2022-07-27T08:25:15.040Z,"Guatemala",earthquake,8.2,8.5,0.104,30,reviewed,us,us
2014-11-16T03:09:02.010Z,13.5738,-90.5921,42.02,4.8,mb,,71,1.327,0.77,us,usb000t10z,2015-02-12T01:42:49.040Z,"41 km SSE of Iztapa, Guatemala",earthquake,7.9,6.2,0.064,82,reviewed,us,us
2014-11-15T00:15:31.640Z,13.7132,-90.3309,89.61,4.7,mb,,133,1.068,1.14,us,usc000sxg4,2022-07-27T07:37:40.033Z,"32 km SSW of Pasaco, Guatemala",earthquake,7.5,6.4,0.041,194,reviewed,us,us
2014-11-12T09:03:28.290Z,13.8631,-90.7793,88.2,4.4,mb,,72,1.105,0.83,us,usc000swii,2015-02-12T01:42:36.040Z,"8 km SSE of Puerto San José, Guatemala",earthquake,4.8,6.2,0.067,65,reviewed,us,us
2014-11-08T19:47:54.860Z,13.5235,-90.7918,52.71,4.2,mb,,194,1.326,0.75,us,usb000sy91,2015-01-31T02:50:11.040Z,"near the coast of Guatemala",earthquake,7,14.9,0.115,21,reviewed,us,us
2014-11-07T04:48:11.040Z,13.7219,-92.0519,16.9,4.6,mb,,115,0.869,0.92,us,usc000sv9q,2022-07-27T06:47:24.999Z,"65 km SSW of Champerico, Guatemala",earthquake,7,4.9,0.053,128,reviewed,us,us
2014-11-07T01:59:19.990Z,13.6351,-90.6693,66.72,5.2,mwr,,50,1.331,0.9,us,usc000sv8v,2022-07-27T06:45:21.934Z,"33 km S of Iztapa, Guatemala",earthquake,6.6,4,0.078,16,reviewed,us,us
2014-11-01T12:55:30.290Z,13.7005,-92.0408,35,4.5,mb,,156,0.885,1.24,us,usc000stc9,2015-01-20T09:03:08.040Z,"67 km SSW of Champerico, Guatemala",earthquake,6.6,2,0.06,85,reviewed,us,us
2014-10-29T22:43:41.000Z,13.672,-90.696,33.1,4.1,mb,,,,1.3,us,usb000srk7,2015-01-20T09:03:01.040Z,"28 km S of Iztapa, Guatemala",earthquake,3.8,6.5,0.151,12,reviewed,snet,us
2014-10-16T19:00:45.270Z,15.2984,-89.8636,10,4.2,mb,,84,0.649,1.03,us,usb000smzj,2022-07-27T05:05:22.329Z,"11 km SSW of Senahú, Guatemala",earthquake,4.2,1.9,0.147,14,reviewed,us,us
2014-10-08T09:24:26.000Z,14.563,-92.492,82.7,4.7,mb,,,,1.38,us,usb000sjv6,2015-01-06T23:49:47.040Z,"19 km SSW of Puerto Madero, Mexico",earthquake,6.2,4.6,0.036,233,reviewed,unm,us
2014-10-07T23:16:20.860Z,14.5846,-90.7348,231.56,4.2,mb,,138,0.492,0.92,us,usb000sng3,2014-12-23T01:42:07.040Z,"0 km NNE of Jocotenango, Guatemala",earthquake,8,4.2,0.237,7,reviewed,us,us
2014-10-04T16:07:40.970Z,13.7634,-88.7865,200.88,4.5,mb,,82,0.439,0.67,us,usb000sisc,2014-12-23T01:42:02.040Z,"6 km ENE of San Sebastián, El Salvador",earthquake,4.6,5.6,0.074,55,reviewed,us,us
2014-09-25T08:36:41.010Z,13.9935,-91.4614,47.37,4.3,mb,,201,0.574,1.31,us,usb000sjgv,2014-12-20T00:53:57.040Z,"28 km SW of Nueva Concepción, Guatemala",earthquake,7.6,11.8,0.308,3,reviewed,us,us
2014-09-22T13:56:48.000Z,13.997,-90.683,67.2,3.6,mb,,,,1.58,us,usb000srdd,2014-12-19T00:05:25.040Z,"7 km NNE of Iztapa, Guatemala",earthquake,7.3,9.2,0.499,1,reviewed,snet,us
2014-09-20T05:12:16.610Z,13.9728,-92.4197,48.82,5,mb,,67,0.891,1.02,us,usb000sefq,2025-12-22T16:59:29.545Z,"64 km SSW of Ocós, Guatemala",earthquake,6.3,3.9,0.03,397,reviewed,us,us
2014-09-17T09:51:38.110Z,13.76,-91.3148,57.21,4.3,mb,,166,0.844,0.73,us,usb000sdev,2014-12-19T00:05:19.040Z,"45 km SW of La Gomera, Guatemala",earthquake,3.5,9.3,0.075,60,reviewed,us,us
2014-09-15T16:09:32.270Z,13.6485,-91.3251,49.39,4.1,mb,,138,0.941,1.17,us,usb000sfx7,2014-12-08T23:31:02.040Z,"56 km SSW of La Gomera, Guatemala",earthquake,7.5,8.8,0.109,24,reviewed,us,us
2014-09-14T09:26:47.540Z,13.915,-91.935,40.19,4.1,mb,,183,0.649,1.42,us,usb000sfm9,2014-12-08T23:31:00.040Z,"41 km S of Champerico, Guatemala",earthquake,4.8,10.9,0.092,33,reviewed,us,us
2014-09-11T08:26:24.040Z,13.7137,-91.1631,64.24,4.5,mb,,108,0.957,1.09,us,usb000sbay,2014-12-08T23:30:56.040Z,"42 km SSW of La Gomera, Guatemala",earthquake,6.6,5.8,0.039,214,reviewed,us,us
2014-09-09T21:41:04.900Z,13.7836,-90.7554,76.34,4.4,mb,,86,1.245,0.77,us,usb000savr,2014-12-05T23:36:41.040Z,"17 km SSW of Iztapa, Guatemala",earthquake,7.1,5.8,0.068,74,reviewed,us,us
2014-09-06T23:14:15.650Z,14.1144,-91.1798,76.17,4.1,mb,,160,0.644,0.76,us,usb000sa24,2014-12-05T23:36:37.040Z,"14 km WNW of La Gomera, Guatemala",earthquake,6.9,10.9,0.085,42,reviewed,us,us
2014-09-02T00:41:14.320Z,13.5458,-91.09,10,4.5,mb,,140,1.136,1,us,usc000s8uk,2014-11-29T00:09:24.000Z,"51 km SW of Puerto San José, Guatemala",earthquake,4.1,1.8,0.056,100,reviewed,us,us
2014-08-31T07:14:13.450Z,14.6776,-91.1253,200.28,4.3,mb,,129,0.572,0.53,us,usc000s8ez,2014-11-29T00:09:22.000Z,"1 km SSW of San Antonio Palopó, Guatemala",earthquake,6.4,7.2,0.111,24,reviewed,us,us
2014-08-28T22:32:47.600Z,14.106,-91.756,22,4.3,mb,,,,1.57,us,usc000s7tf,2022-07-27T00:04:40.352Z,"26 km SE of Champerico, Guatemala",earthquake,5.2,5.5,0.061,84,reviewed,unm,us
2014-08-28T08:27:41.360Z,14.1273,-91.8693,35,5.2,mb,,62,0.429,1.53,us,usc000s7ku,2022-07-26T23:59:30.708Z,"18 km SSE of Champerico, Guatemala",earthquake,4.8,1.8,0.027,482,reviewed,us,us
2014-08-26T22:59:58.670Z,14.9642,-91.632,171.24,4.2,mb,,63,0.373,0.83,us,usc000s9i6,2014-11-22T02:06:37.000Z,"3 km SSW of Sibilia, Guatemala",earthquake,6.7,4.9,0.176,17,reviewed,us,us
2014-08-25T20:03:16.470Z,13.9447,-92.4163,5.4,4.1,mb,,219,0.906,0.74,us,usc000s9hz,2014-11-22T02:06:36.000Z,"66 km SW of Champerico, Guatemala",earthquake,5.6,3.8,0.302,4,reviewed,us,us
2014-08-24T09:48:00.300Z,13.839,-92.0852,34.82,4.1,mb,,204,0.776,1.5,us,usc000s9hm,2015-01-30T06:48:55.861Z,"53 km SSW of Champerico, Guatemala",earthquake,4.2,7.8,0.14,15,reviewed,us,us
2014-08-24T04:10:10.560Z,13.8907,-92.0248,25.88,4,mb,,184,0.706,0.85,us,usc000s9hl,2014-11-22T02:06:32.000Z,"46 km SSW of Champerico, Guatemala",earthquake,5,6.9,0.196,8,reviewed,us,us
2014-08-23T03:49:00.500Z,14.523,-91.865,92.1,4,mb,,,,0.96,us,usc000s9hc,2014-11-22T02:06:27.000Z,"11 km SSW of Génova, Guatemala",earthquake,8.6,4.3,0.517,1,reviewed,unm,us
2014-08-13T09:11:42.000Z,13.579,-90.483,25.2,3.8,md,,,,0.74,us,usc000s9bz,2014-11-15T04:07:06.000Z,"46 km SSE of Iztapa, Guatemala",earthquake,,8.1,,8,reviewed,snet,unm
2014-08-03T00:23:56.450Z,13.6878,-89.0709,185.42,4.4,mb,,140,0.156,0.88,us,usb000rzkj,2014-10-29T19:52:57.000Z,"4 km ESE of Ilopango, El Salvador",earthquake,,7.3,0.049,124,reviewed,us,us
2014-07-28T12:43:07.360Z,13.5376,-90.9975,13.69,4,mb,,203,1.19,1.21,us,usb000s199,2014-10-25T01:49:41.000Z,"47 km SSW of Puerto San José, Guatemala",earthquake,,8.9,0.183,9,reviewed,us,us
2014-07-25T07:10:29.040Z,14.4127,-89.9403,254.53,4.3,mb,,114,0.561,0.92,us,usb000rx2t,2014-10-25T01:49:36.000Z,"11 km WNW of El Progreso, Guatemala",earthquake,,2.1,0.068,61,reviewed,us,us
2014-07-23T14:20:34.240Z,13.8163,-92.0407,37.08,4.3,mb,,187,0.777,1.26,us,usb000rwke,2014-10-25T01:49:33.000Z,"54 km SSW of Champerico, Guatemala",earthquake,,9.2,0.088,43,reviewed,us,us
2014-07-21T10:04:19.990Z,14.088,-89.6573,10,4.1,mb,,125,0.422,1.48,us,usb000ruy4,2014-10-17T21:12:13.000Z,"3 km SSW of Candelaria de La Frontera, El Salvador",earthquake,,1.9,0.117,21,reviewed,us,us
2014-07-19T05:32:54.370Z,13.9889,-91.5311,59.87,4.1,mb,,148,0.553,1.5,us,usb000ruha,2014-10-17T21:12:10.000Z,"34 km SW of Nueva Concepción, Guatemala",earthquake,,7.7,0.093,33,reviewed,us,us
2014-07-17T12:14:14.230Z,14.1304,-92.3025,46.05,4.8,mb,,161,0.705,1.38,us,usb000rtpp,2014-10-17T21:12:07.000Z,"43 km SSW of Ocós, Guatemala",earthquake,,7.4,0.124,23,reviewed,us,us
2014-07-12T05:10:31.060Z,13.6722,-91.6191,56.43,4.3,mb,,150,0.847,1.46,us,usb000rsaz,2014-10-10T08:02:14.000Z,"67 km SSW of Nueva Concepción, Guatemala",earthquake,,6.8,0.042,174,reviewed,us,us
2014-07-07T14:10:09.900Z,14.726,-92.393,92.6,4.3,mb,,,,2.39,us,usb000rzx1,2014-10-04T19:59:59.000Z,"1 km ESE of El Encanto, Mexico",earthquake,,4.1,0.306,3,reviewed,unm,us
2014-07-07T11:33:54.900Z,14.5335,-92.0667,55.72,5.1,mb,,167,0.36,0.73,us,usc000rr6d,2014-10-04T19:59:59.000Z,"13 km E of Ocós, Guatemala",earthquake,,8.1,0.073,67,reviewed,us,us
2014-07-07T11:23:54.780Z,14.724,-92.4614,53,6.9,mww,,51,0.263,1.38,us,usc000rr6a,2022-08-07T00:34:04.005Z,"4 km W of Puerto Madero, Mexico",earthquake,,1.8,,,reviewed,us,us
2014-07-07T09:00:36.000Z,14.676,-92.209,85.9,4,mb,,,,0.61,us,usc000rr4m,2014-10-04T19:59:58.000Z,"6 km W of Ciudad Hidalgo, Mexico",earthquake,,9.6,0.119,19,reviewed,unm,us
2014-06-28T12:17:18.700Z,15.14,-92.0669,5,4.1,mb,,,,2.01,us,usc000rq17,2014-09-26T11:49:42.000Z,"2 km WSW of Sibinal, Guatemala",earthquake,,5,0.371,2,reviewed,unm,us
2014-06-22T00:26:54.360Z,14.6332,-91.1709,166.36,4.7,mb,,74,0.52,0.74,us,usc000rjup,2014-09-19T17:23:04.000Z,"5 km NNW of San Lucas Tolimán, Guatemala",earthquake,,3.7,0.031,334,reviewed,us,us
2014-06-16T10:04:31.750Z,15.3495,-91.9693,10,5.2,mb,,63,0.451,1.34,us,usc000rg0c,2022-07-26T17:13:15.691Z,"6 km SSW of Cuilco, Guatemala",earthquake,,1.8,0.027,495,reviewed,us,us
2014-06-14T16:34:28.000Z,13.711,-90.716,29.1,4.3,mb,,,,2.48,us,usc000rq22,2014-09-12T15:48:14.000Z,"24 km S of Iztapa, Guatemala",earthquake,,7.4,0.142,14,reviewed,snet,us
2014-06-13T12:26:32.670Z,14.1993,-91.1679,77.76,5,mwr,,64,0.603,0.88,us,usc000rf0w,2025-12-22T16:56:33.730Z,"14 km E of Nueva Concepción, Guatemala",earthquake,,4.1,0.066,22,reviewed,us,us
2014-06-12T20:27:24.290Z,13.5605,-91.285,39,4.5,mb,,183,1.035,1.37,us,usc000rmkv,2014-09-12T15:47:56.000Z,"62 km SSW of La Gomera, Guatemala",earthquake,,9.8,0.115,24,reviewed,us,us
2014-06-09T05:46:14.180Z,13.5327,-91.3421,26.39,3.8,mb,,231,1.041,0.54,us,usc000rq7k,2014-08-30T17:02:58.000Z,"68 km SSW of La Gomera, Guatemala",earthquake,,17.5,0.358,2,reviewed,us,us
2014-06-08T06:08:47.660Z,13.6099,-91.528,33.64,4.1,mb,,201,0.921,0.87,us,usc000rl0f,2014-08-30T17:02:58.000Z,"69 km SSW of Nueva Concepción, Guatemala",earthquake,,5.1,0.12,21,reviewed,us,us
2014-06-02T20:04:25.470Z,13.8747,-92.2459,10,4.1,mb,,242,0.835,1.13,us,usc000rhfy,2014-08-26T01:21:10.000Z,"58 km SW of Champerico, Guatemala",earthquake,,1.9,0.371,2,reviewed,us,us
2014-06-02T03:46:17.320Z,14.1992,-90.1216,214.65,4.5,mb,,159,0.764,1.03,us,usc000ra0c,2014-08-26T01:21:09.000Z,"6 km ESE of Oratorio, Guatemala",earthquake,,6.8,0.059,86,reviewed,us,us
2014-05-30T02:28:32.400Z,13.7439,-91.2426,60.82,4.4,mb,,166,0.889,1.17,us,usc000r8xv,2014-08-26T01:21:03.000Z,"42 km SSW of La Gomera, Guatemala",earthquake,,7.2,0.044,164,reviewed,us,us
2014-05-21T15:09:06.320Z,13.965,-92.1228,44.59,4.9,mb,,104,0.691,1.07,us,usb000qy4p,2025-12-22T16:55:42.827Z,"42 km SSW of Champerico, Guatemala",earthquake,,5.4,0.038,231,reviewed,us,us
2014-05-19T19:27:23.690Z,15.3436,-91.312,33.23,4.7,mb,,53,0.186,1,us,usb000qvbi,2022-07-26T15:21:49.945Z,"0 km NNW of Aguacatán, Guatemala",earthquake,,5.1,0.04,198,reviewed,us,us
2014-05-19T01:02:22.900Z,13.8281,-91.8109,44.65,4.3,mb,,167,0.698,1.27,us,usb000qu61,2014-08-09T02:53:48.000Z,"52 km SSE of Champerico, Guatemala",earthquake,,5.9,0.056,97,reviewed,us,us
2014-05-18T12:00:28.440Z,13.6157,-92.0838,31.29,4.2,mb,,193,0.976,1.47,us,usb000qtfl,2014-08-09T02:53:48.000Z,"77 km SSW of Champerico, Guatemala",earthquake,,7.4,0.082,44,reviewed,us,us
2014-05-16T00:05:50.770Z,13.6662,-90.5704,66.66,4.1,mb,,187,1.301,1.08,us,usb000qq4q,2014-08-09T02:53:44.000Z,"33 km SSE of Iztapa, Guatemala",earthquake,,11.2,0.114,21,reviewed,us,us
2014-05-11T22:38:41.930Z,13.7886,-91.6593,54.67,4.5,mb,,99,0.729,0.72,us,usb000qi67,2014-08-06T00:55:32.000Z,"59 km SW of Nueva Concepción, Guatemala",earthquake,,6.1,0.04,190,reviewed,us,us
2014-05-10T13:39:58.960Z,13.7914,-91.685,47.39,4.4,mb,,133,0.726,1.48,us,usb000qgxu,2014-08-06T00:55:29.000Z,"60 km SSE of Champerico, Guatemala",earthquake,,1.9,0.072,59,reviewed,us,us
2014-05-04T11:09:01.260Z,13.9338,-91.9786,40.54,4.2,mb,,183,0.645,1.46,us,usb000q9e3,2014-07-27T21:51:20.000Z,"40 km S of Champerico, Guatemala",earthquake,,9.5,0.098,32,reviewed,us,us
2014-05-02T16:28:43.420Z,14.397,-90.6085,189.41,4.4,mb,,89,0.619,0.86,us,usb000q77n,2014-07-27T21:51:17.000Z,"3 km ESE of San Vicente Pacaya, Guatemala",earthquake,,3.9,0.144,15,reviewed,us,us
2014-04-26T13:33:21.020Z,14.2189,-92.3533,73.79,5,mb,,159,0.704,1.44,us,usb000q0g7,2014-07-14T20:11:19.000Z,"36 km SSW of Ocós, Guatemala",earthquake,,5.8,0.032,332,reviewed,us,us
2014-04-20T14:02:32.010Z,13.8658,-92.4087,31.84,4.6,mb,,247,0.95,1.31,us,usb000qq9j,2014-07-04T01:34:38.000Z,"71 km SW of Champerico, Guatemala",earthquake,,8.5,0.386,2,reviewed,us,us
2014-04-19T17:33:30.480Z,14.1595,-91.3214,87.06,4.5,mb,,150,1.164,1.35,us,usb000prek,2014-07-04T01:34:12.000Z,"5 km SSW of Nueva Concepción, Guatemala",earthquake,,5.7,0.047,142,reviewed,us,us
2014-04-17T04:51:51.810Z,13.7911,-89.1005,10,4.4,mb,,109,0.164,0.83,us,usb000pnh0,2014-07-04T01:33:18.000Z,"2 km ENE of Tonacatepeque, El Salvador",earthquake,,2,0.24,5,reviewed,us,us
2014-04-15T08:50:57.760Z,13.9711,-91.615,69.44,4.4,mb,,124,0.553,0.78,us,usb000pl23,2014-07-01T02:38:10.000Z,"42 km SW of Nueva Concepción, Guatemala",earthquake,,6.3,0.065,69,reviewed,us,us
2014-04-14T13:19:45.280Z,15.2918,-91.7747,206.5,4.6,mb,,116,0.263,0.91,us,usc000pjwd,2014-07-01T02:38:08.000Z,"3 km NW of San Miguel Ixtahuacán, Guatemala",earthquake,,6.2,0.068,65,reviewed,us,us
2014-04-09T23:55:41.170Z,14.3374,-90.3867,180.46,4.9,mb,,88,0.666,0.83,us,usc000pdl7,2014-07-01T02:37:53.000Z,"4 km NW of Barberena, Guatemala",earthquake,,3.8,0.039,204,reviewed,us,us
2014-04-07T13:32:05.220Z,14.6262,-92.3767,88.02,4.7,mb,,72,0.667,0.76,us,usc000p8ub,2014-06-11T06:06:11.000Z,"11 km SSW of Tinajas 1ra. Sección, Mexico",earthquake,,5.2,0.035,252,reviewed,us,us
2014-04-06T13:04:10.580Z,13.9263,-92.0136,54.9,4.7,mb,,90,0.667,1.16,us,usc000p7k1,2022-05-03T16:47:23.637Z,"42 km SSW of Champerico, Guatemala",earthquake,,5.6,0.033,289,reviewed,us,us
2014-03-30T14:51:42.670Z,14.4822,-91.9701,93.76,4.4,mb,,186,0.268,0.97,us,usc000nzcw,2014-05-29T23:32:09.000Z,"20 km SW of Flores Costa Cuca, Guatemala",earthquake,,7.4,0.143,15,reviewed,us,us
2014-03-29T05:30:53.040Z,14.0754,-90.683,109.06,4.4,mb,,109,0.947,1.12,us,usc000nvpc,2014-05-29T23:32:07.000Z,"15 km N of Iztapa, Guatemala",earthquake,,6.1,0.06,83,reviewed,us,us
2014-03-27T22:19:03.330Z,13.742,-91.3662,53.33,4.4,mb,,182,0.838,1.02,us,usc000nzc6,2014-05-29T23:32:06.000Z,"50 km SW of La Gomera, Guatemala",earthquake,,10.1,0.139,15,reviewed,us,us
2014-03-25T06:35:24.900Z,17.4609,-90.944,24.3,4,md,,,,2.18,us,usc000nzbb,2014-05-24T00:54:44.000Z,"20 km SE of Apatzingán, Mexico",earthquake,,8.1,,19,reviewed,unm,unm
2014-03-19T09:27:32.300Z,14.215,-92.115,18.6,4,md,,,,1.38,us,usc000nz9g,2014-05-24T00:54:33.000Z,"23 km WSW of Champerico, Guatemala",earthquake,,7.5,,16,reviewed,unm,unm
2014-03-12T12:09:24.800Z,13.733,-91.491,72.9,4.2,mb,,,,1.44,us,usc000n90d,2014-05-16T21:51:38.000Z,"55 km SSW of Nueva Concepción, Guatemala",earthquake,,8,0.152,14,reviewed,unm,us
2014-03-10T15:26:40.660Z,13.5861,-91.2438,46.77,4.5,mb,,198,1.028,0.93,us,usc000nz7m,2014-05-15T02:24:14.000Z,"58 km SSW of La Gomera, Guatemala",earthquake,,16.1,0.191,10,reviewed,us,us
2014-03-09T19:32:32.540Z,13.5584,-88.3302,221.41,4.3,mb,,121,0.885,1.08,us,usc000n61p,2014-05-15T02:23:58.000Z,"2 km ENE of Lolotique, El Salvador",earthquake,,7.2,0.106,28,reviewed,us,us
2014-03-09T08:45:48.900Z,14.059,-91.617,60.4,4.2,md,,,,1.37,us,usc000nz7c,2014-05-15T02:23:51.000Z,"37 km SW of Tiquisate, Guatemala",earthquake,,6.8,,10,reviewed,unm,unm
2014-03-08T20:54:44.900Z,13.861,-91.297,58.6,4.1,mb,,,,1.11,us,usc000nnqp,2014-05-15T02:23:46.000Z,"35 km SW of La Gomera, Guatemala",earthquake,,6.3,0.135,17,reviewed,unm,us
2014-03-08T20:19:45.260Z,13.8726,-90.4009,113.07,4.2,mb,,167,1.126,0.76,us,usc000n5hv,2014-05-15T02:23:46.000Z,"22 km S of Guazacapán, Guatemala",earthquake,,7.3,0.186,10,reviewed,us,us
2014-03-05T18:25:48.000Z,13.754,-90.467,31.3,3.5,md,,,,2.88,us,usc000nz6q,2014-05-15T02:23:11.000Z,"32 km SE of Iztapa, Guatemala",earthquake,,8.4,,,reviewed,snet,snet
2014-02-28T19:05:52.680Z,13.9952,-92.2383,39.2,4.9,mb,,78,0.742,1.53,us,usb000myht,2025-12-22T16:48:21.700Z,"48 km SW of Champerico, Guatemala",earthquake,,4.9,0.032,330,reviewed,us,us
2014-02-28T17:38:51.840Z,14.0075,-92.2786,35.31,4.3,mb,,163,0.762,1.46,us,usb000myci,2014-05-13T21:36:45.000Z,"50 km SW of Champerico, Guatemala",earthquake,,8.7,0.084,44,reviewed,us,us
2014-02-28T17:22:11.770Z,14.1294,-92.1297,54.78,4.8,mb,,87,0.573,1.05,us,usb000mybu,2022-05-03T16:44:02.099Z,"29 km SW of Champerico, Guatemala",earthquake,,5.2,0.035,278,reviewed,us,us
2014-02-21T00:40:21.800Z,15.086,-91.48,217.6,4.1,md,,,,0.84,us,usc000n4ft,2014-05-07T00:03:05.000Z,"2 km W of San Bartolo, Guatemala",earthquake,,8,,15,reviewed,unm,unm
2014-02-14T02:12:57.600Z,15.347,-92.421,151.9,4.5,mb,,,,0.83,us,usc000n4dl,2014-04-30T21:18:19.000Z,"6 km NW of Belisario Domínguez, Mexico",earthquake,,3.9,0.54,1,reviewed,unm,us
2014-02-12T18:00:45.240Z,13.8912,-92.2307,37.83,4.5,mb,,161,0.813,1.35,us,usc000mp78,2014-04-30T21:18:17.000Z,"56 km SW of Champerico, Guatemala",earthquake,,4.3,0.077,56,reviewed,us,us
2014-02-12T07:43:56.000Z,16.245,-91.035,3,4,md,,,,1.53,us,usc000n4cw,2014-04-30T21:18:17.000Z,"30 km ENE of Maravilla Tenejapa, Mexico",earthquake,,6.8,,16,reviewed,unm,unm
2014-02-07T17:31:33.230Z,13.5524,-92.329,11.96,4.3,mb,,211,1.143,1.38,us,usc000mvg0,2014-04-22T18:30:08.000Z,"93 km SSW of Champerico, Guatemala",earthquake,,3.2,0.125,20,reviewed,us,us
2014-02-06T21:57:51.500Z,15.786,-91.946,10,4,mb,,,,1.47,us,usc000mvcj,2014-04-22T18:30:07.000Z,"3 km S of Joaquín Miguel Gutiérrez, Mexico",earthquake,,4.4,0.139,15,reviewed,unm,us
2014-02-05T00:23:09.870Z,15.1013,-88.6151,9.71,4.1,mb,,60,0.633,0.96,us,usc000mhs5,2014-04-22T18:30:05.000Z,"3 km N of El Corozal, Honduras",earthquake,,2.8,0.123,20,reviewed,us,us
2014-02-04T18:04:05.870Z,14.0476,-91.7756,47.73,4.3,mb,,164,0.477,0.98,us,usc000mh8m,2014-04-08T01:43:28.000Z,"30 km SSE of Champerico, Guatemala",earthquake,,8.2,0.083,53,reviewed,us,us
2014-01-25T09:30:05.500Z,14.041,-91.76,64.9,4,md,,,,2.2,us,usc000mhd1,2014-03-27T18:15:40.000Z,"32 km SSE of Champerico, Guatemala",earthquake,,8.9,,14,reviewed,unm,unm
2014-01-21T01:33:46.120Z,14.0743,-89.9867,187.54,4.2,mb,,158,0.789,0.96,us,usb000m5gx,2014-03-22T00:05:27.000Z,"5 km NE of Conguaco, Guatemala",earthquake,,4.5,0.186,9,reviewed,us,us
2014-01-18T03:03:20.400Z,17.759,-91.428,20,4.3,md,,,,1.83,us,usc000mh7e,2014-03-22T00:05:20.000Z,"5 km NNE of Netzahualcóyotl, Mexico",earthquake,,8.4,,10,reviewed,unm,unm
2014-01-16T01:15:45.000Z,13.816,-90.492,81,4.1,mb,,,,0.94,us,usb000m4fl,2014-03-22T00:05:15.000Z,"26 km ESE of Iztapa, Guatemala",earthquake,,7.2,0.111,24,reviewed,snet,us
2014-01-15T17:25:28.300Z,14.596,-92.061,84.9,4.3,mb,,,,1.08,us,usc000meh5,2014-03-22T00:05:15.000Z,"12 km SE of Ciudad Tecún Umán, Guatemala",earthquake,,3.9,0.138,15,reviewed,unm,us
2014-01-13T23:03:41.250Z,14.095,-91.6693,63.7,4.8,mwr,,82,0.425,1.41,us,usb000m0ev,2022-07-26T05:18:08.812Z,"34 km SE of Champerico, Guatemala",earthquake,,2.6,0.093,11,reviewed,us,us
2014-01-12T21:38:50.400Z,14.573,-92.388,66.7,4,mb,,,,0.95,us,usc000mcrl,2014-03-15T03:39:20.000Z,"16 km SSE of Puerto Madero, Mexico",earthquake,,6.2,0.164,11,reviewed,unm,us
2014-01-11T13:10:51.110Z,14.6437,-92.0592,78,5.5,mwb,,68,0.329,1.37,us,usc000m0xb,2022-07-26T05:12:06.889Z,"8 km SSW of Pajapita, Guatemala",earthquake,,1.9,0.046,45,reviewed,us,us
2014-01-10T02:14:24.060Z,14.4032,-92.1818,66.69,4.4,mb,,125,0.485,1.17,us,usc000lzsb,2022-07-26T05:03:15.798Z,"11 km S of Ocós, Guatemala",earthquake,,5.1,0.054,117,reviewed,us,us
2014-01-05T01:52:32.570Z,14.0233,-91.6222,55.75,4.1,mb,,176,0.5,1,us,usc000lx2e,2014-03-07T00:25:58.000Z,"39 km WSW of Nueva Concepción, Guatemala",earthquake,,1.2,0.135,16,reviewed,us,us
2014-01-03T22:40:02.040Z,14.441,-88.8671,180.31,4.1,mb,,147,1.592,0.73,us,usb000m4pl,2014-03-07T00:25:57.000Z,"8 km NE of El Tránsito, Honduras",earthquake,,12.3,0.213,6,reviewed,us,us
2014-01-03T04:18:10.590Z,13.8626,-92.2257,45.63,4.1,md,,225,0.832,0.66,us,usc000mha4,2014-03-07T00:25:56.000Z,"58 km SW of Champerico, Guatemala",earthquake,,29.1,,16,reviewed,us,unm
2014-01-02T15:19:45.260Z,14.1566,-91.5919,61.93,4.5,mb,,122,0.376,1.47,us,usc000lvmt,2014-03-07T00:25:55.000Z,"28 km WSW of Tiquisate, Guatemala",earthquake,,4.9,0.054,113,reviewed,us,us
2014-01-02T06:19:00.400Z,13.865,-91.4629,143.1,4.1,md,,,,1.21,us,usb000m307,2014-03-07T00:25:55.000Z,"41 km SSW of Nueva Concepción, Guatemala",earthquake,,5,,14,reviewed,unm,unm
2014-01-02T05:43:33.000Z,14.292,-92.22,51,4,md,,,,0.91,us,usc000mh9t,2014-03-07T00:25:55.000Z,"24 km S of Ocós, Guatemala",earthquake,,8.1,,20,reviewed,unm,unm
2013-12-31T10:22:05.120Z,13.9732,-92.2507,47.58,4.6,mb,,105,0.766,1.34,us,usc000lunz,2014-02-28T08:44:14.000Z,"50 km SW of Champerico, Guatemala",earthquake,,5.8,0.04,,reviewed,us,us
2013-12-28T04:26:45.500Z,13.6786,-90.9133,71.99,4.4,mb,,103,1.387,0.83,us,usc000lt66,2022-07-26T04:07:03.212Z,"29 km SSW of Puerto San José, Guatemala",earthquake,,6.7,0.071,,reviewed,us,us
2013-12-26T02:09:17.900Z,14.592,-92.308,82.1,4.1,mb,,,,0.78,us,usc000lrl1,2014-02-28T08:44:08.000Z,"10 km NW of Brisas Barra de Suchiate, Mexico",earthquake,,4.5,0.109,,reviewed,unm,us
2013-12-23T11:23:29.400Z,17.607,-91.161,67.2,4.3,md,,,,1.35,us,usc000lz5m,2014-02-27T21:37:28.000Z,"6 km N of San Carlos, Mexico",earthquake,,9.5,,,reviewed,unm,unm
2013-12-21T10:38:52.140Z,13.6087,-91.4815,36.06,3.9,mb,,161,0.931,1.14,us,usc000lxjn,2014-02-27T21:37:25.000Z,"68 km SSW of Nueva Concepción, Guatemala",earthquake,,9.2,0.118,,reviewed,us,us
2013-12-16T04:59:11.700Z,13.5738,-88.4544,191.16,4.7,mb,,113,0.763,0.89,us,usc000llbq,2014-02-21T23:00:56.000Z,"9 km NW of Jucuapa, El Salvador",earthquake,,6.3,0.049,,reviewed,us,us
2013-12-12T20:35:16.420Z,14.0807,-91.8513,45.5,4.3,mb,,202,0.463,0.73,us,usc000ljbk,2014-02-21T23:00:52.000Z,"24 km SSE of Champerico, Guatemala",earthquake,,10.8,0.089,,reviewed,us,us
2013-12-10T22:34:20.500Z,14.438,-92.5,63.8,4.3,mb,,,,1.71,us,usc000lhu6,2014-02-21T23:00:51.000Z,"31 km WSW of Brisas Barra de Suchiate, Mexico",earthquake,,5.3,0.096,,reviewed,unm,us
2013-12-10T09:44:37.040Z,13.6758,-91.8628,42.3,4.1,mb,,186,0.856,1.13,us,usc000lk2k,2014-02-21T23:00:49.000Z,"68 km S of Champerico, Guatemala",earthquake,,8.9,0.117,,reviewed,us,us
2013-12-07T04:54:30.450Z,13.6537,-92.2872,10.06,4.1,md,,247,1.036,0.91,us,usc000lz2e,2014-02-15T01:32:11.000Z,"81 km SSW of Champerico, Guatemala",earthquake,,3.3,,,reviewed,us,unm
2013-12-05T03:11:39.130Z,13.5446,-91.9839,31.3,4.2,mb,,144,1.011,0.59,us,usb000lbni,2014-02-15T01:32:09.000Z,"83 km S of Champerico, Guatemala",earthquake,,4.8,0.108,,reviewed,us,us
2013-11-29T17:36:12.010Z,13.5252,-89.519,87.61,4.2,mb,,114,0.322,1.16,us,usb000lb5t,2022-07-26T04:48:28.430Z,"21 km W of La Libertad, El Salvador",earthquake,,6.8,0.11,,reviewed,us,us
2013-11-25T17:08:04.700Z,14.453,-92.197,81.2,4,md,,,,0.96,us,usb000laa1,2014-02-11T02:18:59.000Z,"6 km S of Ocós, Guatemala",earthquake,,5.2,,,reviewed,unm,unm
2013-11-25T09:55:02.450Z,13.5308,-91.6339,39.21,4.9,mb,,89,1.499,1.18,us,usb000l65t,2014-02-11T02:18:58.000Z,"82 km SSW of Nueva Concepción, Guatemala",earthquake,,5.2,0.036,,reviewed,us,us
2013-11-24T04:56:05.000Z,13.6,-91.348,20,4.2,md,,,,1.35,us,usb000la9r,2014-02-11T02:18:57.000Z,"62 km SSW of La Gomera, Guatemala",earthquake,,8.9,,,reviewed,unm,unm
2013-11-23T06:31:09.500Z,14.119,-92.108,20,4,mb,,,,1.27,us,usb000l51k,2014-02-11T02:18:56.000Z,"28 km SW of Champerico, Guatemala",earthquake,,7.3,0.122,,reviewed,unm,us
2013-11-20T21:53:21.000Z,13.528,-91.17,28.4,4.4,mb,,,,1.13,us,usb000la90,2014-02-11T02:18:53.000Z,"58 km SW of Puerto San José, Guatemala",earthquake,,7.9,0.379,,reviewed,unm,us
2013-11-15T04:09:34.100Z,13.82,-90.988,78.5,4.1,mb,,,,1.29,us,usb000kyqd,2014-01-31T21:22:20.000Z,"21 km WSW of Puerto San José, Guatemala",earthquake,,6.6,0.261,,reviewed,unm,us
2013-11-07T06:52:49.700Z,13.978,-92.041,89.6,4,mb,,,,1.45,us,usb000ktvv,2014-01-17T00:29:10.000Z,"37 km SSW of Champerico, Guatemala",earthquake,,7.4,0.212,,reviewed,unm,us
2013-11-01T22:57:30.080Z,14.6566,-90.9227,35,4.7,mb,,167,0.76,0.5,us,usb000krel,2014-01-10T10:03:42.000Z,"2 km N of Patzicía, Guatemala",earthquake,,2,0.246,,reviewed,us,us
2013-10-31T14:53:23.630Z,13.9053,-91.3069,61.05,4.3,mb,,157,0.719,1.13,us,usc000ksgu,2014-01-10T10:03:39.000Z,"32 km S of Nueva Concepción, Guatemala",earthquake,,9.3,0.122,,reviewed,us,us
2013-10-27T23:30:28.210Z,13.7999,-91.601,40.76,4.2,mb,,125,0.723,0.9,us,usb000kxci,2014-01-03T00:32:56.000Z,"54 km SW of Nueva Concepción, Guatemala",earthquake,,9.7,0.071,,reviewed,us,us
2013-10-21T03:21:55.000Z,14.25,-92.11,45,3.8,mb,,,,1.46,us,usb000kx8m,2013-12-30T23:41:16.000Z,"21 km WSW of Champerico, Guatemala",earthquake,,7.2,0.511,,reviewed,unm,us
2013-10-11T00:04:43.240Z,13.7206,-91.9795,35.09,4.3,mb,,168,1.652,0.97,us,usb000kahh,2013-12-24T01:42:58.000Z,"63 km S of Champerico, Guatemala",earthquake,,3.2,0.062,,reviewed,us,us
2013-10-11T00:02:47.780Z,14.0043,-91.8755,29.99,4.1,mb,,197,0.543,0.94,us,usb000kahj,2013-12-24T01:42:58.000Z,"32 km S of Champerico, Guatemala",earthquake,,8.6,0.151,,reviewed,us,us
2013-10-07T11:16:49.000Z,13.9483,-91.7878,59.71,4.1,mb,,182,0.577,0.71,us,usb000k7wn,2013-12-19T02:51:37.000Z,"40 km SSE of Champerico, Guatemala",earthquake,,6.4,0.139,,reviewed,us,us
2013-09-30T18:41:21.780Z,14.4169,-92.0924,66.25,4.5,mb,,159,0.398,1.31,us,usb000k2xz,2013-12-13T09:00:38.000Z,"14 km SE of Ocós, Guatemala",earthquake,,6.2,0.097,,reviewed,us,us
2013-09-23T21:58:22.700Z,14.482,-92.172,70.7,4,md,,,,0.56,us,usb000k6d8,2013-12-09T21:11:14.000Z,"3 km SE of Ocós, Guatemala",earthquake,,6.8,,,reviewed,unm,unm
2013-09-21T19:52:43.790Z,13.746,-91.619,21.9,4.1,md,,,,0.58,us,usb000k6ci,2013-12-09T21:11:12.000Z,"60 km SW of Nueva Concepción, Guatemala",earthquake,,9.3,,,reviewed,unm,unm
2013-09-21T17:32:36.400Z,14.178,-92.058,20,4.3,md,,,,2.04,us,usb000k0st,2013-12-09T21:11:12.000Z,"20 km SW of Champerico, Guatemala",earthquake,,7,,,reviewed,unm,unm
2013-09-20T08:07:54.500Z,14.1024,-92.3675,31.3,4.1,mb,,188,0.773,1.17,us,usb000jwk5,2013-12-09T21:11:09.000Z,"48 km SSW of Ocós, Guatemala",earthquake,,6.1,0.111,,reviewed,us,us
2013-09-20T00:43:27.100Z,14.583,-92.109,81,4,md,,,,0.37,us,usb000k6c7,2013-12-09T21:11:09.000Z,"9 km E of La Libertad, Mexico",earthquake,,3.8,,,reviewed,unm,unm
2013-09-19T22:20:04.590Z,14.355,-92.16,52.8,4,md,,,,0.71,us,usb000k6c6,2013-12-09T21:11:09.000Z,"17 km SSE of Ocós, Guatemala",earthquake,,7.5,,,reviewed,unm,unm
2013-09-17T14:58:11.250Z,14.0973,-91.8528,50.4,4.2,mb,,193,0.448,0.85,us,usb000k6br,2013-12-09T21:11:07.000Z,"22 km SSE of Champerico, Guatemala",earthquake,,9.5,0.198,,reviewed,us,us
2013-09-17T06:32:05.190Z,14.185,-91.936,27.1,4.1,md,,,,0.83,us,usb000k6bi,2013-12-09T21:11:07.000Z,"12 km SSW of Champerico, Guatemala",earthquake,,7.4,,,reviewed,unm,unm
2013-09-16T21:59:48.850Z,13.6546,-90.6288,62.71,4.2,mb,,188,1.347,0.96,us,usc000jvw8,2022-07-25T22:15:02.186Z,"31 km SSE of Iztapa, Guatemala",earthquake,,9.4,0.078,,reviewed,us,us
2013-09-15T05:57:35.290Z,14.333,-91.799,66.2,4.3,mb,,,,1.31,us,usb000k6b6,2013-11-19T17:38:00.000Z,"12 km ENE of Champerico, Guatemala",earthquake,,6.6,0.533,,reviewed,us_unm,us
2013-09-13T06:42:18.000Z,14.211,-92.033,21.1,4,md,,,,1.06,us,usb000k6ax,2013-11-19T17:37:38.000Z,"15 km SW of Champerico, Guatemala",earthquake,,4.6,,,reviewed,us_unm,us_unm
2013-09-11T10:05:54.290Z,14.156,-91.987,21.2,4,md,,,,0.87,us,usb000k6aa,2013-11-19T17:37:22.000Z,"17 km SSW of Champerico, Guatemala",earthquake,,8.4,,,reviewed,us_unm,us_unm
2013-09-10T20:51:13.500Z,14.239,-92.129,28.4,4,md,,,,0.91,us,usb000k69w,2013-11-19T17:37:18.000Z,"24 km WSW of Champerico, Guatemala",earthquake,,8.2,,,reviewed,us_unm,us_unm
2013-09-10T19:53:53.090Z,14.116,-91.998,44.5,4.1,md,,,,0.7,us,usb000k69u,2013-11-19T17:37:17.000Z,"21 km SSW of Champerico, Guatemala",earthquake,,9.6,,,reviewed,us_unm,us_unm
2013-09-10T18:47:46.290Z,14.434,-92.309,42.2,4,md,,,,0.99,us,usb000k69t,2013-11-19T17:37:17.000Z,"14 km SW of Brisas Barra de Suchiate, Mexico",earthquake,,8.3,,,reviewed,us_unm,us_unm
2013-09-10T12:44:34.090Z,14.448,-92.274,60.8,4.1,mb,,,,1.47,us,usb000jn42,2013-11-19T17:37:15.000Z,"11 km SW of Ocós, Guatemala",earthquake,,6.3,0.086,,reviewed,us_unm,us
2013-09-10T00:50:55.400Z,14.097,-92.029,24.2,4,md,,,,0.72,us,usb000k69m,2013-11-19T17:37:11.000Z,"25 km SSW of Champerico, Guatemala",earthquake,,8,,,reviewed,us_unm,us_unm
2013-09-09T09:16:05.440Z,14.5255,-92.2021,72.81,4.4,mwr,,158,0.384,1.33,us,usb000jlyt,2013-11-15T03:20:29.000Z,"1 km NNW of Ocós, Guatemala",earthquake,,4.7,0.069,,reviewed,us,us
2013-09-08T21:09:27.290Z,14.321,-92.279,41.1,4,md,,,,0.87,us,usb000k695,2013-11-15T03:20:29.000Z,"22 km SSW of Ocós, Guatemala",earthquake,,9.3,,,reviewed,us_unm,us_unm
2013-09-08T02:58:35.500Z,13.601,-92.412,50,4,md,,,,1.47,us,usb000k68x,2013-11-15T03:20:28.000Z,"93 km SW of Champerico, Guatemala",earthquake,,2,,,reviewed,us_unm,us_unm
2013-09-07T20:46:19.200Z,14.472,-90.572,7.6,3.6,md,,,,0.63,us,usb000jlfk,2013-11-15T03:20:27.000Z,"3 km SSW of Petapa, Guatemala",earthquake,,8.3,,,reviewed,us_gcg,us_gcg
2013-09-07T13:27:36.620Z,13.7395,-92.3843,14.31,4.3,mb,,254,1.025,1.12,us,usb000jkxn,2013-11-15T03:20:27.000Z,"79 km SW of Champerico, Guatemala",earthquake,,9.2,0.308,,reviewed,us,us
2013-09-07T11:23:20.500Z,14.174,-91.9,44.4,4.1,mb,,,,1.62,us,usb000jkuw,2013-11-15T03:20:27.000Z,"13 km S of Champerico, Guatemala",earthquake,,2.8,0.096,,reviewed,us_unm,us
2013-09-07T08:21:37.190Z,14.1702,-91.8477,65.32,4.3,mb,,72,0.379,1.36,us,usb000jkt6,2022-07-25T21:46:53.928Z,"15 km SSE of Champerico, Guatemala",earthquake,,5.3,0.052,,reviewed,us,us
2013-09-07T05:30:07.000Z,14.198,-92.101,43.6,4.1,mb,,,,1.73,us,usb000jkrk,2013-11-15T03:20:27.000Z,"22 km WSW of Champerico, Guatemala",earthquake,,6.9,0.117,,reviewed,us_unm,us
2013-09-07T01:08:04.310Z,14.2497,-91.8754,59.93,4,mb,,179,0.321,1.19,us,usb000jkns,2022-07-25T21:44:53.091Z,"6 km SE of Champerico, Guatemala",earthquake,,4.2,0.196,,reviewed,us,us
2013-09-07T00:20:39.090Z,14.136,-91.997,51.8,5.4,mb,,,,1.7,us,usb000jkn0,2022-07-25T21:43:50.312Z,"19 km SSW of Champerico, Guatemala",earthquake,,3.9,0.033,,reviewed,us_unm,us
2013-09-07T00:13:29.570Z,14.6056,-92.1207,66,6.4,mww,,28,0.331,0.98,us,usb000jkmw,2022-08-06T17:34:03.243Z,"7 km ESE of Ignacio López Rayón, Mexico",earthquake,,1.8,,,reviewed,us,us
2013-09-02T17:55:24.020Z,14.0484,-91.4852,51.3,4,mb,,194,0.513,0.95,us,usb000jf86,2013-11-06T01:33:41.000Z,"26 km SW of Nueva Concepción, Guatemala",earthquake,,8.2,0.157,,reviewed,us,us
2013-08-26T23:35:53.590Z,17.243,-91.343,24.4,4.1,md,,,,1.54,us,usc000jrbx,2013-10-25T20:10:16.000Z,"22 km NE of Ubilio García, Mexico",earthquake,,7.9,,,reviewed,us_unm,us_unm
2013-08-25T03:08:39.550Z,13.7484,-92.07,43.09,4.5,mb,,97,0.85,1.02,us,usb000jbke,2013-10-25T20:10:02.000Z,"62 km SSW of Champerico, Guatemala",earthquake,,6.7,0.054,,reviewed,us,us
2013-08-19T21:33:44.500Z,14.025,-92.303,122,4.2,mb,,,,3.15,us,usb000j6up,2013-10-19T02:41:51.000Z,"51 km SW of Champerico, Guatemala",earthquake,,7.3,0.373,,reviewed,us_unm,us
2013-08-19T01:56:03.090Z,14.095,-92.435,72.6,4,md,,,,1.52,us,usc000jr98,2013-10-19T02:41:50.000Z,"52 km SSW of Ocós, Guatemala",earthquake,,8.6,,,reviewed,us_unm,us_unm
2013-08-16T05:23:47.040Z,13.5934,-91.8626,32.8,4.2,mb,,202,1.363,1.37,us,usb000ja9w,2013-10-19T02:41:46.000Z,"77 km S of Champerico, Guatemala",earthquake,,8.1,0.137,,reviewed,us,us
2013-08-13T10:18:25.840Z,13.7423,-92.2822,10,4.3,mb,,207,1.158,1.16,us,usc000jr7m,2013-10-19T02:41:41.000Z,"72 km SSW of Champerico, Guatemala",earthquake,,3.2,0.188,,reviewed,us,us
2013-08-11T05:12:52.400Z,14.019,-91.72,20,4.3,mb,,,,1.93,us,usb000j0l3,2022-07-25T20:09:16.119Z,"36 km SE of Champerico, Guatemala",earthquake,,5.8,0.053,,reviewed,us_unm,us
2013-08-09T20:57:16.000Z,14.106,-91.6186,70.52,4.5,mb,,122,1.013,1.31,us,usb000j00s,2013-10-12T21:32:33.000Z,"34 km SW of Tiquisate, Guatemala",earthquake,,5.8,0.045,,reviewed,us,us
2013-08-09T08:25:10.690Z,15.34,-92.027,190.8,4.5,mb,,,,1.39,us,usb000izeq,2013-10-12T21:32:32.000Z,"5 km NE of Tectitán, Guatemala",earthquake,,5,0.054,,reviewed,us_unm,us
2013-08-06T05:57:42.780Z,14.1526,-91.5958,53.88,5.6,mwb,,55,0.991,1.11,us,usb000iw7z,2022-07-25T19:44:37.270Z,"29 km WSW of Tiquisate, Guatemala",earthquake,,4,0.045,,reviewed,us,us
2013-08-02T06:13:03.600Z,13.5061,-91.6922,31.72,4.2,mb,,187,1.906,1.37,us,usb000itx9,2013-09-25T17:45:50.000Z,"87 km SSW of Nueva Concepción, Guatemala",earthquake,,7.9,0.1,,reviewed,us,us
2013-07-28T07:11:00.000Z,14.43,-90.506,230.8,4,md,12,100,,,us,usb000iw9x,2014-11-07T01:51:21.043Z,"6 km SSE of Villa Canales, Guatemala",earthquake,,,,,reviewed,unm,unm
2013-07-27T16:06:52.040Z,13.859,-91.481,67.5,4.2,mb,39,122,,1.42,us,usc000iqmh,2014-11-07T01:51:20.671Z,"42 km SSW of Nueva Concepción, Guatemala",earthquake,,8,,24,reviewed,us,us
2013-07-26T23:38:19.280Z,14.583,-90.573,199.3,4.4,mb,58,100,,,us,usb000iw9l,2014-11-07T01:51:20.501Z,"6 km SE of Mixco, Guatemala",earthquake,,,,47,reviewed,unm,us
2013-07-19T22:33:23.700Z,15.42,-92.123,213.6,4.1,mb,31,100,,,us,usp000k25v,2014-11-07T01:51:18.489Z,"1 km SSW of Amatenango de la Frontera, Mexico",earthquake,,,,17,reviewed,unm,us
2013-07-18T19:48:13.160Z,13.934,-91.279,43.4,4.8,mb,265,108,,0.87,us,usb000ih4f,2022-07-25T18:37:47.609Z,"29 km SW of La Gomera, Guatemala",earthquake,,5.8,,238,reviewed,us,us
2013-07-17T19:28:20.560Z,14.181,-90.802,98.9,4.4,mb,83,172,,0.82,us,usb000iga9,2014-11-07T01:51:17.501Z,"5 km ESE of Masagua, Guatemala",earthquake,,11.7,,75,reviewed,us,us
2013-07-13T01:28:31.590Z,14.006,-92.033,13.3,4,md,5,100,,,us,usp000k1y9,2014-11-07T01:51:15.806Z,"34 km SSW of Champerico, Guatemala",earthquake,,,,,reviewed,unm,unm
2013-07-03T08:57:21.210Z,13.827,-91.99,4.4,4,mb,17,185,,1.49,us,usp000k1nz,2014-11-07T01:51:12.782Z,"52 km S of Champerico, Guatemala",earthquake,,6.9,,13,reviewed,us,us
2013-06-30T02:52:50.000Z,13.743,-91.033,9.3,4.1,md,8,100,,,us,usp000k1ke,2014-11-07T01:51:08.329Z,"30 km SW of Puerto San José, Guatemala",earthquake,,,,,reviewed,snet,snet
2013-06-25T16:36:00.700Z,15.261,-91.808,213.1,4.2,md,8,162.5,,,us,usp000k1fk,2014-11-07T01:51:07.452Z,"4 km ENE of Concepción Tutuapa, Guatemala",earthquake,,,,,reviewed,unm,unm
2013-06-22T17:35:31.790Z,14.442,-89.954,247.6,4.8,mb,428,70,,0.96,us,usc000hy59,2025-12-22T17:11:42.255Z,"11 km SW of Monjas, Guatemala",earthquake,,5.7,,406,reviewed,us,us
2013-06-21T16:34:32.780Z,14.046,-92.205,67.9,4.2,mb,17,100,,,us,usp000k1da,2014-11-07T01:51:06.571Z,"41 km SW of Champerico, Guatemala",earthquake,,,,7,reviewed,unm,us
2013-06-21T11:05:03.870Z,14.056,-92.126,48.3,4.1,mb,55,139,,0.93,us,usc000hx1d,2014-11-07T01:51:06.511Z,"34 km SW of Champerico, Guatemala",earthquake,,4.9,,39,reviewed,us,us
2013-06-17T10:07:07.070Z,13.61,-92.218,35,4.2,mb,30,214,,1.01,us,usp000k1a8,2014-11-07T01:51:05.377Z,"82 km SSW of Champerico, Guatemala",earthquake,,,,32,reviewed,us,us
2013-06-16T13:28:21.000Z,13.735,-92.245,45.9,4.2,mb,33,216,,0.8,us,usc000hs5z,2014-11-07T01:51:05.076Z,"71 km SSW of Champerico, Guatemala",earthquake,,13,,29,reviewed,us,us
2013-06-16T09:31:39.900Z,13.847,-91.979,23.8,4.1,md,25,100,,,us,us2013rme5,2014-11-07T01:51:05.046Z,"49 km S of Champerico, Guatemala",earthquake,,,,,reviewed,unm,unm
2013-06-16T08:22:59.500Z,13.885,-91.984,24.5,4.1,mb,75,179,,,us,usc000hs3s,2014-11-07T01:51:05.040Z,"45 km S of Champerico, Guatemala",earthquake,,,,54,reviewed,unm,us
2013-06-15T14:00:01.200Z,13.757,-91.936,62.4,4.6,mb,65,100,,,us,us2013rlal,2014-11-07T01:51:04.536Z,"59 km S of Champerico, Guatemala",earthquake,,,,70,reviewed,unm,us
2013-06-15T13:58:47.500Z,13.803,-92.163,41.5,4.3,mb,18,198,,1.35,us,us2013rlak,2014-11-07T01:51:04.534Z,"60 km SSW of Champerico, Guatemala",earthquake,,18.7,,15,reviewed,us,us
2013-06-15T04:21:49.100Z,15.09,-91.791,141.3,4.6,mb,33,102,,1.16,us,usc000hrec,2014-11-07T01:51:04.441Z,"3 km SSE of Tejutla, Guatemala",earthquake,,5.3,,92,reviewed,us,us
2013-06-12T23:59:55.780Z,13.676,-92.398,8,4.2,mb,20,100,,,us,us2013rics,2014-11-07T01:51:04.012Z,"86 km SW of Champerico, Guatemala",earthquake,,,,18,reviewed,unm,us
2013-06-12T07:54:42.180Z,14.028,-91.538,80.2,4.6,mb,114,107,,1.45,us,usc000hmir,2022-07-25T16:23:03.476Z,"31 km SW of Nueva Concepción, Guatemala",earthquake,,5.7,,201,reviewed,us,us
2013-06-08T04:20:02.950Z,14.384,-89.66,170.9,4.3,mb,34,181,,0.77,us,usc000hiyz,2022-07-25T16:15:27.015Z,"7 km NE of Asunción Mita, Guatemala",earthquake,,13.2,,28,reviewed,us,us
2013-06-04T14:58:47.210Z,13.985,-92.348,38.8,4.4,mb,58,152.3,,1.08,us,usb000hcyw,2014-11-07T01:51:00.763Z,"58 km SW of Champerico, Guatemala",earthquake,,7.7,,37,reviewed,us,us
2013-06-02T08:32:42.640Z,13.6,-92.24,43.5,4.4,mb,199,154,,0.68,us,usb000hbsz,2022-07-25T04:13:32.580Z,"84 km SSW of Champerico, Guatemala",earthquake,,7.5,,177,reviewed,us,us
2013-06-02T01:27:45.360Z,13.7,-92.298,35,4.2,mb,50,188.8,,0.88,us,usb000hbq7,2014-11-07T01:50:59.174Z,"77 km SSW of Champerico, Guatemala",earthquake,,,,36,reviewed,us,us
2013-06-01T04:36:24.640Z,13.625,-91.337,32,4.3,mb,117,113.8,,1.17,us,usb000hb6w,2014-11-07T01:50:57.798Z,"59 km SSW of La Gomera, Guatemala",earthquake,,13.7,,81,reviewed,us,us
2013-05-29T04:24:38.500Z,14.622,-89.032,10.8,4.2,mb,20,161,,1.13,us,usb000h7z2,2014-11-07T01:50:55.279Z,"7 km SE of La Encarnación, Honduras",earthquake,,5,,14,reviewed,us,us
2013-05-27T03:21:25.880Z,15.514,-91.967,179.7,4.4,mb,32,162,,0.91,us,usb000h6vs,2014-11-07T01:50:54.551Z,"10 km W of La Libertad, Guatemala",earthquake,,7.5,,53,reviewed,us,us
2013-05-25T02:08:17.650Z,13.988,-91.258,61.5,4.1,mb,31,191.8,,1.87,us,usp000k0yb,2014-11-07T01:50:54.100Z,"23 km S of Nueva Concepción, Guatemala",earthquake,,11.6,,8,reviewed,us,us
2013-05-23T13:15:26.890Z,13.638,-92.25,15,4,mb,14,190.7,,,us,usp000k0x6,2014-11-07T01:50:53.358Z,"81 km SSW of Champerico, Guatemala",earthquake,,,,5,reviewed,unm,us
2013-05-19T11:54:11.900Z,13.654,-92.311,36.2,4.1,mb,28,132,,1.47,us,us2013qjgd,2014-11-07T01:50:50.198Z,"82 km SSW of Champerico, Guatemala",earthquake,,5.9,,19,reviewed,us,us
2013-05-18T04:32:26.280Z,13.716,-92.133,15,4.1,mb,24,187.4,,,us,us2013qibf,2014-11-07T01:50:49.497Z,"68 km SSW of Champerico, Guatemala",earthquake,,,,11,reviewed,unm,us
2013-05-12T17:37:06.690Z,13.642,-92.375,27.1,4.3,mb,12,187,,,us,usp000k0nx,2014-11-07T01:50:47.750Z,"87 km SW of Champerico, Guatemala",earthquake,,,,5,reviewed,unm,us
2013-05-12T02:07:04.080Z,13.697,-91.197,70.8,4.3,mb,92,200.9,,0.89,us,usc000guhu,2014-11-07T01:50:47.427Z,"45 km SSW of La Gomera, Guatemala",earthquake,,7.2,,73,reviewed,us,us
2013-05-11T05:29:46.840Z,14.025,-91.718,36,4,mb,19,183,,1.32,us,us2013qbeh,2014-11-07T01:50:47.147Z,"36 km SE of Champerico, Guatemala",earthquake,,6.6,,11,reviewed,us,us
2013-05-10T20:49:27.560Z,14.048,-91.486,65.6,5.1,mb,428,60,,1.26,us,usc000gtil,2022-07-25T01:59:48.178Z,"26 km SW of Nueva Concepción, Guatemala",earthquake,,4.6,,382,reviewed,us,us
2013-05-05T13:37:19.600Z,14.334,-92.092,62.4,4,md,4,322.8,,,us,usp000k0jv,2014-11-07T01:50:44.864Z,"near the coast of Chiapas, Mexico",earthquake,,,,,reviewed,unm,unm
2013-04-30T11:58:38.750Z,14.314,-90.272,10,4.3,mb,52,108.1,,0.97,us,usb000gin7,2014-11-07T01:50:39.959Z,"5 km NE of Cuilapa, Guatemala",earthquake,,,,31,reviewed,us,us
2013-04-22T02:44:22.780Z,14.199,-91.744,102.1,4.1,md,7,100,,,us,usp000k0cc,2014-11-07T01:50:37.452Z,"20 km ESE of Champerico, Guatemala",earthquake,,,,,reviewed,unm,unm
2013-04-21T06:35:15.500Z,13.807,-91.707,48.6,4,md,6,100,,,us,usp000k0c1,2014-11-07T01:50:37.108Z,"58 km SSE of Champerico, Guatemala",earthquake,,,,,reviewed,unm,unm
2013-04-18T12:37:01.430Z,15.276,-91.971,166.7,4.6,mb,76,64,,0.82,us,usb000gaey,2014-11-07T01:50:35.599Z,"6 km N of San José Ojetenán, Guatemala",earthquake,,3.4,,65,reviewed,us,us
2013-04-11T23:57:55.250Z,13.949,-91.901,35,4.3,mb,80,114.5,,1.39,us,usb000g5gb,2014-11-07T01:50:33.028Z,"38 km S of Champerico, Guatemala",earthquake,,,,41,reviewed,us,us
2013-04-11T09:02:40.500Z,14.849,-91.469,145,4.3,mb,44,150,,0.73,us,usb000g4t4,2014-11-07T01:50:32.838Z,"3 km SSW of Salcajá, Guatemala",earthquake,,12.2,,45,reviewed,us,us
2013-04-09T16:10:49.600Z,14.061,-92.386,43.8,4.3,mb,24,198.8,,1.21,us,us2013nufa,2014-11-07T01:50:32.195Z,"53 km SSW of Ocós, Guatemala",earthquake,,12.3,,10,reviewed,us,us
2013-03-29T05:00:31.900Z,13.837,-91.979,82.4,4.1,md,6,214.4,,,us,us2013nic5,2014-11-07T01:50:24.175Z,"51 km S of Champerico, Guatemala",earthquake,,,,,reviewed,unm,unm
2013-03-28T23:40:56.700Z,13.868,-92.051,35,4.4,mb,37,305.8,,0.96,us,usb000fvak,2014-11-07T01:50:24.142Z,"49 km SSW of Champerico, Guatemala",earthquake,,,,27,reviewed,us,us
2013-03-28T02:53:08.670Z,14.085,-91.617,84.7,4.9,mb,396,79.2,,0.91,us,usb000fuau,2022-07-24T22:00:17.009Z,"35 km SW of Tiquisate, Guatemala",earthquake,,4.3,,299,reviewed,us,us
2013-03-25T23:02:12.770Z,14.487,-90.463,189,6.2,mww,674,25.1,,1.1,us,usb000fshy,2022-07-24T21:32:25.936Z,"3 km NW of Fraijanes, Guatemala",earthquake,,,,,reviewed,us,us
2013-03-19T22:17:09.600Z,14.366,-91.815,91.4,4.2,md,6,203.5,,,us,usp000jzu0,2014-11-07T01:50:21.805Z,"13 km NE of Champerico, Guatemala",earthquake,,,,,reviewed,unm,unm
2013-03-13T19:34:27.900Z,13.803,-91.68,54.4,4.6,mb,231,108.9,,0.91,us,usb000fkfw,2014-11-07T01:50:20.208Z,"59 km SSE of Champerico, Guatemala",earthquake,,5,,185,reviewed,us,us
2013-03-11T22:51:54.000Z,13.507,-90.711,14.5,4,mb,20,180.1,,,us,us2013mqei,2014-11-07T01:50:19.707Z,"47 km S of Iztapa, Guatemala",earthquake,,,,6,reviewed,snet,us
2013-03-03T16:15:55.510Z,16.64,-91.209,10,4.4,mb,34,92.2,,1.33,us,us2013mhaq,2014-11-07T01:50:17.347Z,"20 km SSE of Nueva Palestina, Mexico",earthquake,,,,18,reviewed,us,us
2013-02-25T07:08:45.180Z,14.233,-91.482,78.3,4.2,mb,124,104.2,,1.26,us,usc000fd51,2022-07-24T19:05:39.414Z,"14 km WSW of Tiquisate, Guatemala",earthquake,,5.2,,91,reviewed,us,us
2013-02-23T07:05:07.900Z,14.375,-92.221,106.6,4.1,md,7,205.1,,,us,us2013lzb4,2014-11-07T01:50:10.936Z,"15 km SSW of Ocós, Guatemala",earthquake,,,,,reviewed,unm,unm
2013-02-21T09:49:30.280Z,14.131,-91.886,68.4,4.2,mb,14,122.2,,,us,usp000jzg0,2014-11-07T01:50:10.418Z,"18 km S of Champerico, Guatemala",earthquake,,,,1,reviewed,unm,us
2013-02-09T06:57:05.490Z,13.586,-91.806,35,4.2,mb,38,219.5,,1.31,us,us2013lkh2,2014-11-07T01:50:05.537Z,"79 km S of Champerico, Guatemala",earthquake,,,,17,reviewed,us,us
2013-02-09T04:22:07.140Z,13.838,-92.346,35,4.5,mb,30,181,,0.95,us,usp000jz74,2014-11-07T01:50:05.414Z,"68 km SW of Champerico, Guatemala",earthquake,,,,9,reviewed,us,us
2013-01-27T20:27:20.800Z,14.274,-91.945,77.3,4.4,mb,65,117.2,,,us,usp000jyvb,2014-11-07T01:49:54.011Z,"4 km WSW of Champerico, Guatemala",earthquake,,,,29,reviewed,unm,us
2013-01-21T00:33:00.830Z,14.215,-92.279,58.7,4.6,mb,215,143,,0.97,us,usp000jyn8,2014-11-07T01:49:52.013Z,"33 km SSW of Ocós, Guatemala",earthquake,,5.5,,180,reviewed,us,us
2013-01-19T15:10:48.100Z,13.834,-92.398,20,4.1,md,17,122.9,,,us,usp000jykd,2014-11-07T01:49:51.535Z,"73 km SW of Champerico, Guatemala",earthquake,,,,,reviewed,unm,unm
2013-01-19T06:20:01.350Z,14.034,-91.614,35,4.1,mb,9,280.1,,0.96,us,us2013kpca,2014-11-07T01:49:51.448Z,"38 km WSW of Nueva Concepción, Guatemala",earthquake,,,,4,reviewed,us,us
2013-01-15T13:42:57.800Z,15.862,-92.472,213.4,4.3,mb,22,89.7,,,us,usp000jyeq,2014-11-07T01:49:50.214Z,"10 km NE of Unión Buenavista, Mexico",earthquake,,,,9,reviewed,unm,us
2013-01-12T04:07:43.200Z,14.01,-92.419,9.8,4.1,mb,21,190.7,,,us,usp000jy94,2014-11-07T01:49:49.096Z,"60 km SSW of Ocós, Guatemala",earthquake,,,,10,reviewed,unm,us
2013-01-11T20:32:52.040Z,15.459,-91.65,228.4,4.9,mb,295,90.2,,1.09,us,usp000jy8q,2014-11-07T01:49:49.023Z,"4 km NW of San Juan Atitán, Guatemala",earthquake,,,,197,reviewed,us,us
2013-01-05T19:50:13.050Z,13.718,-91.451,35,4.3,mb,123,166.6,,1.03,us,usp000jxxf,2014-11-07T01:49:46.870Z,"55 km SSW of Nueva Concepción, Guatemala",earthquake,,,,89,reviewed,us,us
2012-12-31T17:47:22.840Z,13.564,-91.797,26.8,4.4,mb,44,117,,1.31,us,usp000jxp3,2014-11-07T01:49:41.375Z,"81 km S of Champerico, Guatemala",earthquake,,20,,16,reviewed,us,us
2012-12-31T15:33:50.670Z,13.836,-92.133,51.1,4.5,mb,79,117.4,,1.13,us,usp000jxnx,2014-11-07T01:49:41.358Z,"55 km SSW of Champerico, Guatemala",earthquake,,6.8,,48,reviewed,us,us
2012-12-31T14:35:01.010Z,14.124,-92.271,42.1,4.3,mb,24,200.9,,1.13,us,usp000jxns,2014-11-07T01:49:41.324Z,"43 km WSW of Champerico, Guatemala",earthquake,,9.9,,6,reviewed,us,us
2012-12-31T14:21:25.950Z,14.052,-92.087,62.3,4.5,mb,35,122.6,,1.11,us,usp000jxnr,2014-11-07T01:49:41.321Z,"32 km SW of Champerico, Guatemala",earthquake,,8.6,,13,reviewed,us,us
2012-12-31T01:15:18.770Z,15.031,-92.037,122.6,5.1,mb,281,67.6,,1.21,us,usp000jxn3,2025-12-22T16:35:40.820Z,"5 km SE of Unión Juárez, Mexico",earthquake,,3.9,,166,reviewed,us,us
2012-12-30T07:13:06.900Z,13.971,-92.437,16.1,4.5,mb,14,192.2,,,us,usp000jxkv,2014-11-07T01:49:40.993Z,"65 km SSW of Ocós, Guatemala",earthquake,,,,3,reviewed,unm,us
2012-12-29T02:43:26.210Z,14.139,-91.313,24.2,4.2,mb,53,160.7,,1.21,us,usp000jxhx,2014-11-07T01:49:40.629Z,"6 km SSW of Nueva Concepción, Guatemala",earthquake,,21.4,,30,reviewed,us,us
2012-12-28T16:23:48.000Z,13.501,-89.098,169.6,4.7,mb,54,105.2,,,us,usp000jxhh,2014-11-07T01:49:40.533Z,"7 km W of El Rosario, El Salvador",earthquake,,,,29,reviewed,snet,us
2012-12-28T14:05:34.490Z,13.755,-91.496,44.9,4.3,mb,16,203.3,,1.04,us,usp000jxhc,2014-11-07T01:49:40.516Z,"53 km SSW of Nueva Concepción, Guatemala",earthquake,,23.3,,6,reviewed,us,us
2012-12-28T13:27:40.860Z,13.778,-91.297,60.3,4.6,mb,204,64.2,,0.93,us,usp000jxh8,2014-11-07T01:49:40.470Z,"42 km SW of La Gomera, Guatemala",earthquake,,4.4,,158,reviewed,us,us
2012-12-27T19:29:13.890Z,13.711,-92.362,2.4,4.3,mb,26,210.1,,,us,usp000jxg5,2014-11-07T01:49:40.310Z,"80 km SW of Champerico, Guatemala",earthquake,,,,5,reviewed,unm,us
2012-12-26T05:51:30.750Z,13.86,-92.277,26.6,4.4,mb,36,186.6,,1.21,us,usp000jxdy,2014-11-07T01:49:39.861Z,"62 km SW of Champerico, Guatemala",earthquake,,20.2,,10,reviewed,us,us
2012-12-23T11:01:09.410Z,14.186,-92.349,35,4.3,mb,129,138.6,,1.3,us,usp000jxad,2014-11-07T01:49:39.056Z,"39 km SSW of Ocós, Guatemala",earthquake,,,,90,reviewed,us,us
2012-12-22T18:21:16.890Z,15.332,-92.039,195.6,4.1,md,13,176.3,,,us,usp000jx9f,2014-11-07T01:49:38.833Z,"3 km NE of Tectitán, Guatemala",earthquake,,,,,reviewed,unm,unm
2012-12-22T05:54:03.680Z,13.763,-91.471,35,4.3,mb,68,132.4,,1.34,us,usp000jx8p,2014-11-07T01:49:38.533Z,"51 km SSW of Nueva Concepción, Guatemala",earthquake,,,,32,reviewed,us,us
2012-12-17T14:38:17.450Z,13.633,-92.054,35,4.4,mb,9,273.6,,1.35,us,usp000jx2r,2014-11-07T01:49:37.352Z,"74 km SSW of Champerico, Guatemala",earthquake,,,,1,reviewed,us,us
2012-12-16T10:07:12.040Z,14.675,-91.457,115.1,5.2,mb,490,54.5,,1.11,us,usp000jx14,2025-12-22T16:35:16.218Z,"6 km NW of Santo Tomás La Unión, Guatemala",earthquake,,,,298,reviewed,us,us
2012-12-16T03:06:47.620Z,13.885,-91.974,35,4.8,mb,326,89.5,,0.81,us,usp000jx0r,2022-05-03T16:01:20.275Z,"45 km S of Champerico, Guatemala",earthquake,,,,242,reviewed,us,us
2012-12-15T22:14:31.390Z,13.747,-92.024,35,4.4,mb,21,122.5,,1.33,us,usp000jx0c,2014-11-07T01:49:36.863Z,"61 km SSW of Champerico, Guatemala",earthquake,,,,4,reviewed,us,us
2012-12-14T08:06:48.590Z,13.898,-92.009,35,4,mb,60,202.6,,1.16,us,usp000jwy6,2014-11-07T01:49:36.265Z,"44 km SSW of Champerico, Guatemala",earthquake,,,,34,reviewed,us,us
2012-12-14T04:58:48.460Z,13.824,-91.725,35.8,5.1,mb,379,108.9,,0.98,us,usp000jwxz,2022-05-03T16:01:14.390Z,"55 km SSE of Champerico, Guatemala",earthquake,,5.5,,299,reviewed,us,us
2012-12-14T04:15:21.710Z,13.948,-91.954,37.2,4.4,mb,65,183.1,,1.09,us,usp000jwxw,2014-11-07T01:49:36.195Z,"38 km S of Champerico, Guatemala",earthquake,,6.9,,31,reviewed,us,us
2012-12-14T04:04:06.860Z,13.926,-91.679,37.3,5.2,mwb,473,65.9,,0.81,us,usp000jwxv,2022-05-03T16:01:13.156Z,"47 km SSE of Champerico, Guatemala",earthquake,,3.2,,,reviewed,us,us
2012-12-11T10:28:22.680Z,13.8,-91.671,35,4.4,mb,182,183.1,,1.05,us,usp000jwua,2014-11-07T01:49:35.435Z,"59 km SW of Nueva Concepción, Guatemala",earthquake,,,,138,reviewed,us,us
2012-12-11T08:02:00.700Z,13.988,-92.24,22.7,4.1,mb,51,168.1,,1.15,us,usp000jwu6,2014-11-07T01:49:35.413Z,"48 km SW of Champerico, Guatemala",earthquake,,12.6,,21,reviewed,us,us
2012-12-11T00:06:32.400Z,14.021,-92.464,16.1,4,md,6,234.8,,,us,usp000jwtp,2014-11-07T01:49:35.260Z,"61 km SSW of Ocós, Guatemala",earthquake,,,,,reviewed,unm,unm
2012-12-10T23:56:15.850Z,13.665,-91.533,17.8,4.3,mb,60,183.9,,1.38,us,usp000jwtn,2014-11-07T01:49:35.255Z,"64 km SSW of Nueva Concepción, Guatemala",earthquake,,26.3,,36,reviewed,us,us
2012-12-08T23:44:10.250Z,13.827,-91.866,35,4.4,mb,67,204.5,,1.02,us,usp000jwqb,2014-11-07T01:49:34.565Z,"51 km S of Champerico, Guatemala",earthquake,,,,36,reviewed,us,us
2012-12-07T03:45:44.040Z,14.135,-90.196,181.5,4.3,mb,33,188.3,,0.67,us,usp000jwjc,2014-11-07T01:49:33.448Z,"9 km NE of San Juan Tecuaco, Guatemala",earthquake,,8.9,,23,reviewed,us,us
2012-12-06T06:30:42.400Z,14.085,-92.414,85.8,4.3,mb,32,190.8,,,us,usp000jwh2,2014-11-07T01:49:33.210Z,"52 km SSW of Ocós, Guatemala",earthquake,,,,15,reviewed,unm,us
2012-12-06T06:25:36.400Z,13.844,-92.488,20,4,md,12,210.3,,,us,usp000jwh1,2014-11-07T01:49:33.207Z,"79 km SW of Champerico, Guatemala",earthquake,,,,,reviewed,unm,unm
2012-12-05T16:46:22.160Z,13.658,-92.137,10,4.4,mb,27,180.9,,1.33,us,usp000jwg9,2014-11-07T01:49:32.914Z,"Near the coast of Guatemala",earthquake,,,,7,reviewed,us,us
2012-12-05T07:40:16.010Z,13.754,-91.307,74.2,4,mb,35,181.1,,0.85,us,usp000jwfw,2014-11-07T01:49:32.844Z,"45 km SW of La Gomera, Guatemala",earthquake,,6.1,,11,reviewed,us,us
2012-12-03T23:58:35.430Z,14.16,-92.372,35,5.4,mwc,441,58.3,,0.91,us,usp000jwds,2022-05-03T16:00:20.972Z,"43 km SSW of Ocós, Guatemala",earthquake,,,,,reviewed,us,gcmt
2012-12-03T12:28:36.420Z,13.503,-90.381,72.1,4.4,mb,183,102.5,,0.88,us,usp000jwd4,2015-03-24T02:18:30.720Z,"near the coast of Guatemala",earthquake,,4,,132,reviewed,us,us
2012-11-30T09:37:59.700Z,13.894,-92.476,7.2,4,mb,22,187.5,,,us,usp000jw92,2014-11-07T01:49:27.836Z,"74 km SSW of Ocós, Guatemala",earthquake,,,,2,reviewed,unm,us
2012-11-29T22:06:22.700Z,13.993,-92.101,35,4.5,mb,62,109.6,,1.36,us,usp000jw88,2014-11-07T01:49:27.704Z,"38 km SSW of Champerico, Guatemala",earthquake,,,,34,reviewed,us,us
2012-11-29T19:32:31.750Z,13.757,-92.113,10,5.5,mwb,272,77.6,,1.02,us,usp000jw85,2025-12-22T16:34:50.513Z,"63 km SSW of Champerico, Guatemala",earthquake,,,,,reviewed,us,us
2012-11-28T23:38:18.620Z,14.209,-91.342,63,4.1,mb,26,168,,1.18,us,usp000jw76,2014-11-07T01:49:27.391Z,"4 km WNW of Nueva Concepción, Guatemala",earthquake,,10.4,,13,reviewed,us,us
2012-11-27T10:15:27.320Z,13.661,-91.976,35,4.6,mb,289,82.2,,0.94,us,usp000jw4t,2014-11-07T01:49:26.874Z,"70 km S of Champerico, Guatemala",earthquake,,,,224,reviewed,us,us
2012-11-24T11:21:07.530Z,13.976,-92.209,35,4.9,mb,307,68,,1.01,us,usp000jw0u,2014-11-07T01:49:25.998Z,"47 km SW of Champerico, Guatemala",earthquake,,,,246,reviewed,us,us
2012-11-24T10:12:50.360Z,13.956,-92.287,29.9,4.4,mb,115,168.6,,0.95,us,usp000jw0q,2014-11-07T01:49:25.978Z,"55 km SW of Champerico, Guatemala",earthquake,,13.5,,83,reviewed,us,us
2012-11-20T00:59:18.960Z,13.82,-91.772,35,4.5,mb,163,114.3,,1.08,us,usp000jvv1,2014-11-07T01:49:24.547Z,"54 km SSE of Champerico, Guatemala",earthquake,,,,120,reviewed,us,us
2012-11-19T20:04:07.590Z,13.784,-92.134,19.8,4.2,mb,23,169.2,,1.53,us,usp000jvus,2014-11-07T01:49:24.524Z,"61 km SSW of Champerico, Guatemala",earthquake,,38.1,,4,reviewed,us,us
2012-11-19T08:15:39.010Z,13.844,-91.667,48.3,4.3,mb,114,201.1,,1.16,us,usp000jvtf,2014-11-07T01:49:24.258Z,"55 km SW of Nueva Concepción, Guatemala",earthquake,,7.7,,83,reviewed,us,us
2012-11-19T06:54:15.390Z,13.986,-91.495,22.4,4,md,7,212.5,,,us,usp000jvt8,2014-11-07T01:49:24.238Z,"31 km SW of Nueva Concepción, Guatemala",earthquake,,,,,reviewed,unm,unm
2012-11-18T22:12:50.640Z,13.976,-92.418,35,4.4,mb,53,186.6,,1.21,us,usp000jvsj,2014-11-07T01:49:24.172Z,"63 km SSW of Ocós, Guatemala",earthquake,,,,32,reviewed,us,us
2012-11-18T19:43:22.800Z,13.904,-92.445,14,4,md,4,327.5,,,us,usp000jvsd,2014-11-07T01:49:24.142Z,"71 km SW of Champerico, Guatemala",earthquake,,,,,reviewed,unm,unm
2012-11-18T17:40:34.700Z,13.885,-92.429,34.1,4,md,4,328.3,,,us,usp000jvs6,2014-11-07T01:49:24.124Z,"71 km SW of Champerico, Guatemala",earthquake,,,,,reviewed,unm,unm
2012-11-17T21:19:28.750Z,13.86,-92.28,35,4.5,mb,68,188.7,,1.18,us,usp000jvqx,2014-11-07T01:49:23.979Z,"62 km SW of Champerico, Guatemala",earthquake,,,,36,reviewed,us,us
2012-11-17T20:44:01.610Z,13.637,-91.814,28.3,4.5,mb,98,110.2,,1.21,us,usp000jvqu,2014-11-07T01:49:23.962Z,"73 km S of Champerico, Guatemala",earthquake,,17.8,,68,reviewed,us,us
2012-11-17T10:13:57.060Z,14.104,-92.399,35,4.3,mb,43,168,,1.09,us,usp000jvqd,2014-11-07T01:49:23.849Z,"50 km SSW of Ocós, Guatemala",earthquake,,,,23,reviewed,us,us
2012-11-17T06:47:44.490Z,14.006,-92.442,35,4.4,mb,163,90,,1,us,usp000jvq7,2014-11-07T01:49:23.802Z,"61 km SSW of Ocós, Guatemala",earthquake,,,,119,reviewed,us,us
2012-11-16T13:02:01.280Z,13.869,-91.864,35,4.8,mb,244,126.8,,1.22,us,usp000jvp9,2022-05-03T15:58:30.013Z,"47 km S of Champerico, Guatemala",earthquake,,,,200,reviewed,us,us
2012-11-15T17:11:19.690Z,13.888,-92.115,35,4.7,mb,197,123.6,,1.17,us,usp000jvn2,2014-11-07T01:49:23.263Z,"49 km SSW of Champerico, Guatemala",earthquake,,,,154,reviewed,us,us
2012-11-15T08:01:01.400Z,14.001,-91.87,35,4.9,mb,267,79.4,,1.16,us,usp000jvmh,2022-05-03T15:57:58.575Z,"32 km S of Champerico, Guatemala",earthquake,,,,206,reviewed,us,us
2012-11-14T00:09:35.740Z,13.997,-92.139,26.1,4.2,mb,44,167.2,,1.21,us,usp000jvjj,2014-11-07T01:49:22.536Z,"40 km SW of Champerico, Guatemala",earthquake,,6.9,,19,reviewed,us,us
2012-11-13T15:02:56.940Z,13.691,-92.243,35,4.5,mb,69,181.1,,1.23,us,usp000jvhw,2014-11-07T01:49:22.388Z,"75 km SSW of Champerico, Guatemala",earthquake,,,,47,reviewed,us,us
2012-11-13T09:08:02.550Z,13.992,-92.263,35,4.8,mb,212,108.2,,1.05,us,usp000jvhh,2014-11-07T01:49:22.337Z,"50 km SW of Champerico, Guatemala",earthquake,,,,168,reviewed,us,us
2012-11-13T05:31:57.020Z,13.724,-92.028,35,4.6,mb,289,79.4,,0.98,us,usp000jvgz,2014-11-07T01:49:22.203Z,"64 km S of Champerico, Guatemala",earthquake,,,,214,reviewed,us,us
2012-11-12T15:34:27.750Z,13.826,-92.488,35,4.2,mb,17,265.9,,1.14,us,usp000jvf1,2014-11-07T01:49:21.523Z,"80 km SW of Champerico, Guatemala",earthquake,,,,3,reviewed,us,us
2012-11-12T15:08:08.200Z,13.808,-92.473,35,4.5,mb,20,189.1,,1.49,us,usp000jvf0,2014-11-07T01:49:21.407Z,"80 km SW of Champerico, Guatemala",earthquake,,,,2,reviewed,us,us
2012-11-12T14:18:26.880Z,13.689,-92.486,23.8,4.4,mb,35,117.7,,1.28,us,usp000jvex,2014-11-07T01:49:21.303Z,"91 km SW of Champerico, Guatemala",earthquake,,24.1,,13,reviewed,us,us
2012-11-12T12:40:47.130Z,13.907,-92.466,35,4.3,mb,66,195.2,,0.96,us,usp000jves,2014-11-07T01:49:21.230Z,"Near the coast of Guatemala",earthquake,,,,36,reviewed,us,us
2012-11-12T06:05:21.890Z,14.371,-92.16,35,4.5,mb,145,125.3,,1.22,us,usp000jveb,2014-11-07T01:49:21.096Z,"15 km SSE of Ocós, Guatemala",earthquake,,,,102,reviewed,us,us
2012-11-12T05:56:49.390Z,13.763,-92.231,28,4.5,mb,27,169.8,,1.1,us,usp000jvea,2014-11-07T01:49:21.094Z,"68 km SSW of Champerico, Guatemala",earthquake,,21.5,,9,reviewed,us,us
2012-11-12T05:45:37.640Z,14.043,-92.386,35,4.2,mb,43,184.9,,1.42,us,usp000jve9,2014-11-07T01:49:21.090Z,"55 km SSW of Ocós, Guatemala",earthquake,,,,20,reviewed,us,us
2012-11-12T05:03:06.700Z,13.814,-92.393,20.8,4.3,mb,74,162.4,,0.98,us,usp000jve7,2014-11-07T01:49:21.080Z,"74 km SW of Champerico, Guatemala",earthquake,,12.7,,38,reviewed,us,us
2012-11-12T04:35:07.070Z,14.029,-92.419,35,4.2,mb,36,168.7,,1.47,us,usp000jve5,2014-11-07T01:49:21.074Z,"58 km SSW of Ocós, Guatemala",earthquake,,,,13,reviewed,us,us
2012-11-12T03:31:14.600Z,14.051,-92.279,35,4.7,mb,191,160,,1.02,us,usp000jve3,2025-12-22T16:34:24.499Z,"47 km SW of Champerico, Guatemala",earthquake,,,,146,reviewed,us,us
2012-11-12T03:02:59.720Z,13.982,-92.205,35,4.6,mb,176,109.6,,1.2,us,usp000jve2,2025-12-22T16:26:46.265Z,"46 km SW of Champerico, Guatemala",earthquake,,,,127,reviewed,us,us
2012-11-12T00:56:22.550Z,13.749,-92.401,35,4.2,mb,13,150.2,,1.07,us,usp000jve1,2014-11-07T01:49:21.040Z,"Near the coast of Guatemala",earthquake,,,,2,reviewed,us,us
2012-11-12T00:00:13.330Z,13.844,-92.145,35,4.5,mb,95,110.6,,1.37,us,usp000jvdy,2014-11-07T01:49:21.026Z,"55 km SSW of Champerico, Guatemala",earthquake,,,,64,reviewed,us,us
2012-11-11T23:49:26.920Z,14.035,-92.302,35,4.5,mb,88,109.9,,1.48,us,usp000jvdw,2014-11-07T01:49:21.012Z,"near the coast of Chiapas, Mexico",earthquake,,,,55,reviewed,us,us
2012-11-11T23:21:13.510Z,13.897,-92.299,34.5,5,mb,288,79.6,,1.25,us,usp000jvdu,2014-11-07T01:49:20.989Z,"Near the coast of Guatemala",earthquake,,6.5,,236,reviewed,us,us
2012-11-11T22:54:52.370Z,13.851,-92.097,35,4.6,mb,185,109.4,,1.29,us,usp000jvdr,2014-11-07T01:49:20.959Z,"52 km SSW of Champerico, Guatemala",earthquake,,,,118,reviewed,us,us
2012-11-11T22:49:36.950Z,13.814,-92.366,35,4.4,mb,35,181.1,,1.24,us,usp000jvdq,2014-11-07T01:49:20.947Z,"72 km SW of Champerico, Guatemala",earthquake,,,,12,reviewed,us,us
2012-11-11T22:44:30.370Z,13.76,-92.07,35,4.9,mb,313,79.5,,1.04,us,usp000jvdp,2025-12-22T16:35:28.271Z,"61 km SSW of Champerico, Guatemala",earthquake,,,,251,reviewed,us,us
2012-11-11T22:32:42.490Z,13.931,-92.032,35,4.2,mb,26,188.1,,0.96,us,usp000jvdk,2014-11-07T01:49:20.915Z,"42 km SSW of Champerico, Guatemala",earthquake,,,,13,reviewed,us,us
2012-11-11T22:28:05.770Z,13.695,-92.31,35,4.8,mb,23,212.8,,1.26,us,usp000jvdh,2014-11-07T01:49:20.908Z,"78 km SSW of Champerico, Guatemala",earthquake,,,,3,reviewed,us,us
2012-11-11T22:25:40.200Z,14.008,-92.248,35,4.8,mb,59,89.8,,1.29,us,usp000jvdg,2014-11-07T01:49:20.902Z,"48 km SW of Champerico, Guatemala",earthquake,,,,38,reviewed,us,us
2012-11-11T22:14:59.240Z,14.129,-92.164,20,6.5,mww,598,57.3,,1.08,us,usp000jvdf,2022-05-03T15:57:08.963Z,"32 km SW of Champerico, Guatemala",earthquake,,,,,reviewed,us,us
2012-11-11T15:45:16.750Z,13.909,-92.098,35,4.7,mb,183,117.3,,0.89,us,usp000jvd6,2014-11-07T01:49:20.750Z,"47 km SSW of Champerico, Guatemala",earthquake,,,,131,reviewed,us,us
2012-11-11T09:51:30.620Z,13.746,-92.408,31.3,4,mb,30,189,,1.42,us,usp000jvcp,2014-11-07T01:49:20.617Z,"80 km SW of Champerico, Guatemala",earthquake,,26.1,,21,reviewed,us,us
2012-11-11T05:40:08.610Z,13.855,-91.682,35,4.5,mb,127,168.9,,1,us,usp000jvcc,2014-11-07T01:49:20.576Z,"54 km SSE of Champerico, Guatemala",earthquake,,,,91,reviewed,us,us
2012-11-11T04:57:47.450Z,13.877,-91.671,29,4.4,mb,59,182,,0.8,us,usp000jvc4,2014-11-07T01:49:20.533Z,"52 km SSE of Champerico, Guatemala",earthquake,,16.9,,36,reviewed,us,us
2012-11-10T20:22:09.480Z,13.921,-92.465,5.9,4.5,mb,61,123,,1.12,us,usp000jvb9,2014-11-07T01:49:20.281Z,"71 km SSW of Ocós, Guatemala",earthquake,,10,,30,reviewed,us,us
2012-11-10T17:51:56.580Z,13.917,-92.156,40,4.5,mb,105,167.3,,1,us,usp000jvb6,2014-11-07T01:49:20.264Z,"49 km SSW of Champerico, Guatemala",earthquake,,5.7,,76,reviewed,us,us
2012-11-10T17:15:09.900Z,13.815,-92.224,42.1,5.1,mb,233,68.1,,0.96,us,usp000jvb3,2025-12-22T16:36:35.616Z,"62 km SSW of Champerico, Guatemala",earthquake,,3.7,,153,reviewed,us,us
2012-11-10T11:45:22.890Z,14.171,-92.365,16.3,4.2,mb,43,152,,,us,usp000jvaq,2014-11-07T01:49:20.107Z,"41 km SSW of Ocós, Guatemala",earthquake,,,,12,reviewed,unm,us
2012-11-09T18:32:16.620Z,13.584,-92.494,17.8,4.4,mb,53,191.7,,1.37,us,usp000jv9f,2014-11-07T01:49:19.880Z,"100 km SW of Champerico, Guatemala",earthquake,,27.3,,35,reviewed,us,us
2012-11-09T14:42:42.520Z,14.063,-92.25,35,4.6,mb,37,109.8,,1.48,us,usp000jv94,2014-11-07T01:49:19.834Z,"near the coast of Chiapas, Mexico",earthquake,,,,9,reviewed,us,us
2012-11-09T12:43:05.530Z,13.85,-92.479,32.6,4.3,mb,45,189.1,,1.17,us,usp000jv91,2014-11-07T01:49:19.825Z,"78 km SW of Champerico, Guatemala",earthquake,,27.2,,24,reviewed,us,us
2012-11-09T12:14:34.740Z,13.783,-92.116,35,4,md,23,205.7,,1.83,us,usp000jv8z,2014-11-07T01:49:19.819Z,"60 km SSW of Champerico, Guatemala",earthquake,,,,,reviewed,us,unm
2012-11-09T08:52:11.340Z,13.934,-92.185,35,4.3,mb,152,117.4,,1.3,us,usp000jv8t,2014-11-07T01:49:19.786Z,"49 km SW of Champerico, Guatemala",earthquake,,,,106,reviewed,us,us
2012-11-08T22:44:57.920Z,14.017,-92.411,35,4,mb,18,189.6,,1.28,us,usp000jv84,2014-11-07T01:49:19.681Z,"59 km SSW of Ocós, Guatemala",earthquake,,,,4,reviewed,us,us
2012-11-08T22:13:02.860Z,13.789,-92.277,35,4.2,mb,15,168.8,,1.14,us,usp000jv82,2014-11-07T01:49:19.672Z,"68 km SW of Champerico, Guatemala",earthquake,,,,6,reviewed,us,us
2012-11-08T18:58:19.000Z,13.575,-91.882,35,4.6,mb,25,165.6,,1.51,us,usp000jv7y,2014-11-07T01:49:19.644Z,"79 km S of Champerico, Guatemala",earthquake,,,,8,reviewed,us,us
2012-11-08T17:29:29.080Z,13.822,-91.895,35,4.3,mb,18,203.3,,1.32,us,usp000jv7s,2014-11-07T01:49:19.620Z,"52 km S of Champerico, Guatemala",earthquake,,,,3,reviewed,us,us
2012-11-08T14:34:05.270Z,13.859,-92.153,35,4.3,mb,23,114.8,,1.32,us,usp000jv7k,2014-11-07T01:49:19.603Z,"54 km SSW of Champerico, Guatemala",earthquake,,,,5,reviewed,us,us
2012-11-08T05:43:18.870Z,13.851,-92.209,35,4.3,mb,33,205.7,,1,us,usp000jv6z,2014-11-07T01:49:19.530Z,"58 km SSW of Champerico, Guatemala",earthquake,,,,10,reviewed,us,us
2012-11-08T02:27:15.040Z,14.238,-92.373,35,4.8,mb,132,161.3,,1.21,us,usp000jv6r,2014-11-07T01:49:19.485Z,"35 km SSW of Ocós, Guatemala",earthquake,,,,92,reviewed,us,us
2012-11-08T02:20:36.700Z,14.051,-92.404,17.4,4.9,mb,324,94.8,,,us,usp000jv6p,2014-11-07T01:49:19.447Z,"55 km SSW of Ocós, Guatemala",earthquake,,,,239,reviewed,unm,us
2012-11-08T02:19:01.500Z,13.788,-92.095,39.8,4.3,mb,52,109.4,,0.95,us,usp000jv6n,2014-11-07T01:49:19.443Z,"59 km SSW of Champerico, Guatemala",earthquake,,8,,21,reviewed,us,us
2012-11-08T01:07:36.800Z,14.145,-92.366,35,4.5,mb,63,208.6,,1.19,us,usp000jv6j,2014-11-07T01:49:19.361Z,"44 km SSW of Ocós, Guatemala",earthquake,,,,44,reviewed,us,us
2012-11-08T00:58:52.740Z,13.796,-92.234,35,4.3,mb,59,162.8,,1.3,us,usp000jv6g,2014-11-07T01:49:19.350Z,"65 km SSW of Champerico, Guatemala",earthquake,,,,36,reviewed,us,us
2012-11-08T00:10:53.000Z,13.865,-92.285,20,4.2,mb,13,205.3,,,us,usp000jv6c,2014-11-07T01:49:19.339Z,"62 km SW of Champerico, Guatemala",earthquake,,,,3,reviewed,unm,us
2012-11-07T22:44:50.240Z,13.974,-91.861,35,4.9,mb,87,109.1,,0.97,us,usp000jv66,2014-11-07T01:49:19.306Z,"35 km S of Champerico, Guatemala",earthquake,,,,42,reviewed,us,us
2012-11-07T22:42:48.220Z,13.849,-92.156,35,5.7,mwc,382,79.6,,1.17,us,usp000jv65,2022-05-03T15:56:27.681Z,"55 km SSW of Champerico, Guatemala",earthquake,,,,,reviewed,us,gcmt
2012-11-07T22:27:46.940Z,13.819,-92.204,35,4.1,mb,36,109.6,,1.24,us,usp000jv63,2014-11-07T01:49:19.254Z,"61 km SSW of Champerico, Guatemala",earthquake,,,,8,reviewed,us,us
2012-11-07T21:17:10.500Z,13.844,-91.641,21.8,4,md,15,222.8,,,us,usp000jv5y,2014-11-07T01:49:19.218Z,"53 km SW of Nueva Concepción, Guatemala",earthquake,,,,,reviewed,unm,unm
2012-11-07T19:55:33.240Z,13.967,-92.193,26.8,5.1,mb,229,94.4,,1.17,us,usp000jv5x,2022-05-03T15:56:24.130Z,"47 km SW of Champerico, Guatemala",earthquake,,6.1,,167,reviewed,us,us
2012-11-07T18:09:26.360Z,14.179,-92.332,35,4.3,mb,35,123.8,,1.14,us,usp000jv5t,2014-11-07T01:49:19.187Z,"39 km SSW of Ocós, Guatemala",earthquake,,,,10,reviewed,us,us
2012-11-07T18:01:07.570Z,13.719,-92.087,35,4,mb,16,109.4,,1.08,us,usp000jv5s,2014-11-07T01:49:19.185Z,"66 km SSW of Champerico, Guatemala",earthquake,,,,3,reviewed,us,us
2012-11-07T17:57:21.240Z,14.025,-92.3,35,4.2,mb,18,204.6,,0.98,us,usp000jv5r,2014-11-07T01:49:19.183Z,"51 km SW of Champerico, Guatemala",earthquake,,,,7,reviewed,us,us
2012-11-07T17:16:00.800Z,13.913,-92.041,35,4.6,mb,18,133.7,,1.26,us,usp000jv5q,2014-11-07T01:49:19.180Z,"44 km SSW of Champerico, Guatemala",earthquake,,,,2,reviewed,us,us
2012-11-07T17:07:11.970Z,14.104,-92.026,35,4.7,mb,51,71.8,,0.97,us,usp000jv5p,2014-11-07T01:49:19.175Z,"24 km SSW of Champerico, Guatemala",earthquake,,,,8,reviewed,us,us
2012-11-07T17:05:16.560Z,14.038,-92.033,35,4.4,mb,18,94,,1.18,us,usp000jv5n,2014-11-07T01:49:19.172Z,"31 km SSW of Champerico, Guatemala",earthquake,,,,2,reviewed,us,us
2012-11-07T17:04:04.170Z,13.813,-91.751,35,4.9,mb,279,64.3,,1.08,us,usp000jv5m,2014-11-07T01:49:19.151Z,"55 km SSE of Champerico, Guatemala",earthquake,,,,193,reviewed,us,us
2012-11-07T16:57:05.760Z,14.147,-91.749,35,4.7,mb,25,195.1,,1.26,us,usp000jv5k,2014-11-07T01:49:19.148Z,"23 km SE of Champerico, Guatemala",earthquake,,,,4,reviewed,us,us
2012-11-07T16:52:26.820Z,13.652,-92.253,35,4.8,mb,17,212.9,,0.92,us,usp000jv5h,2014-11-07T01:49:19.143Z,"79 km SSW of Champerico, Guatemala",earthquake,,,,2,reviewed,us,us
2012-11-07T16:49:46.320Z,13.703,-92.162,35,4.7,mb,32,162,,1.1,us,usp000jv5g,2014-11-07T01:49:19.140Z,"70 km SSW of Champerico, Guatemala",earthquake,,,,3,reviewed,us,us
2012-11-07T16:35:46.930Z,13.988,-91.895,24,7.4,mww,751,25.5,,1.27,us,usp000jv5f,2024-10-25T06:36:07.691Z,"33 km S of Champerico, Guatemala",earthquake,,,,,reviewed,us,us
2012-11-05T12:21:26.040Z,13.77,-90.627,74.1,4.3,mb,79,115.5,,0.87,us,usp000jv2a,2014-11-07T01:49:18.418Z,"20 km SSE of Iztapa, Guatemala",earthquake,,5,,46,reviewed,us,us
2012-11-05T05:32:33.080Z,14.483,-90.93,187.6,4.1,md,8,168.8,,,us,usp000jv21,2014-11-07T01:49:18.383Z,"3 km SE of Yepocapa, Guatemala",earthquake,,,,,reviewed,unm,unm
2012-11-04T19:12:56.170Z,13.979,-91.357,73,4.6,mb,93,81.9,,1.3,us,usp000jv1f,2014-11-07T01:49:18.223Z,"25 km SSW of Nueva Concepción, Guatemala",earthquake,,5.5,,49,reviewed,us,us
2012-11-02T08:57:07.290Z,13.896,-92.345,15,4.4,mb,182,79.8,,,us,usp000juxh,2014-11-07T01:49:17.131Z,"64 km SW of Champerico, Guatemala",earthquake,,,,133,reviewed,unm,us
2012-11-02T03:28:21.000Z,14.081,-92.181,37.2,4.5,mb,98,139.5,,1.34,us,usp000jux4,2014-11-07T01:49:16.922Z,"37 km SW of Champerico, Guatemala",earthquake,,6.8,,52,reviewed,us,us
2012-10-23T00:21:11.640Z,14.265,-89.815,255,4.5,mb,88,106.5,,0.92,us,usp000jub9,2014-11-07T01:49:07.932Z,"7 km NNW of Yupiltepeque, Guatemala",earthquake,,3.9,,60,reviewed,us,us
2012-10-17T01:26:40.200Z,14.018,-91.294,69.6,4.4,mb,99,177.5,,1.2,us,usp000ju2p,2014-11-07T01:49:06.338Z,"20 km S of Nueva Concepción, Guatemala",earthquake,,7.3,,81,reviewed,us,us
2012-10-15T17:52:20.960Z,14.062,-91.01,82.3,5.5,mwb,421,42.4,,1.23,us,usp000ju15,2022-05-03T15:52:41.992Z,"5 km ESE of La Gomera, Guatemala",earthquake,,,,,reviewed,us,us
2012-10-14T10:41:23.260Z,14.684,-92.289,68.8,5.5,mwr,552,58.3,,1.14,us,usp000jtz6,2025-12-22T16:33:42.485Z,"5 km SE of Tinajas 1ra. Sección, Mexico",earthquake,,,,,reviewed,us,us
2012-10-09T07:50:13.560Z,13.676,-91.311,35,4.1,mb,51,166.3,,1.35,us,usp000jtsb,2014-11-07T01:49:04.110Z,"52 km SSW of La Gomera, Guatemala",earthquake,,,,28,reviewed,us,us
2012-10-02T03:52:49.460Z,13.819,-89.152,81.5,4.4,mb,18,137.3,,0.88,us,usp000jtcw,2014-11-07T01:49:00.607Z,"3 km ENE of Apopa, El Salvador",earthquake,,9.2,,3,reviewed,us,us
2012-09-27T23:39:29.100Z,14.21,-91.965,25.5,4.3,md,5,296.3,,,us,usp000jt4m,2014-11-07T01:48:56.080Z,"10 km SSW of Champerico, Guatemala",earthquake,,,,,reviewed,unm,unm
2012-09-27T13:14:32.100Z,15.341,-91.586,209.3,4.6,mb,21,149.1,,,us,usp000jt3q,2014-11-07T01:48:55.680Z,"5 km ENE of Santa Bárbara, Guatemala",earthquake,,,,10,reviewed,unm,us
2012-09-25T01:35:30.500Z,13.668,-92.373,16.8,4.1,mb,52,204.2,,,us,usp000jsxf,2014-11-07T01:48:54.621Z,"85 km SW of Champerico, Guatemala",earthquake,,,,30,reviewed,unm,us
2012-09-20T09:29:51.730Z,13.987,-91.014,72.6,4.1,mb,42,184.2,,0.84,us,usp000jsm7,2014-11-07T01:48:53.037Z,"11 km SSE of La Gomera, Guatemala",earthquake,,7.6,,27,reviewed,us,us
2012-09-13T05:46:13.450Z,14.018,-91.02,65,4.2,mb,24,180.1,,0.98,us,usp000js8p,2014-11-07T01:48:51.169Z,"7 km SSE of La Gomera, Guatemala",earthquake,,9.6,,10,reviewed,us,us
2012-09-11T08:33:49.100Z,15.284,-92.001,180.7,4,md,6,221.8,,,us,usp000js4y,2014-11-07T01:48:50.381Z,"6 km ESE of Tectitán, Guatemala",earthquake,,,,,reviewed,unm,unm
2012-09-07T20:38:38.680Z,13.615,-92.377,10,4,md,18,209.8,,1.4,us,usp000jryd,2014-11-07T01:48:48.703Z,"90 km SSW of Champerico, Guatemala",earthquake,,,,,reviewed,us,unm
2012-09-07T18:10:05.900Z,14.783,-91.299,190.6,4.5,mb,42,157.5,,,us,usp000jry6,2014-11-07T01:48:48.607Z,"3 km WNW of Santa Lucía Utatlán, Guatemala",earthquake,,,,17,reviewed,unm,us
2012-08-28T18:55:18.160Z,13.821,-91.02,59.3,4.1,md,21,135.6,,1.38,us,usp000jr05,2014-11-07T01:48:39.140Z,"24 km WSW of Puerto San José, Guatemala",earthquake,,12,,,reviewed,us,snet
2012-08-26T22:34:53.120Z,13.909,-91.554,63.8,4.2,mb,45,196.6,,1.1,us,usp000jqu8,2014-11-07T01:48:37.681Z,"42 km SW of Nueva Concepción, Guatemala",earthquake,,6.6,,20,reviewed,us,us
2012-08-26T11:13:39.160Z,13.539,-90.233,77.1,4.2,mb,81,205.3,,1.1,us,usp000jqrp,2014-11-07T01:48:37.344Z,"41 km SW of San Francisco Menéndez, El Salvador",earthquake,,8.5,,65,reviewed,us,us
2012-08-19T18:42:58.660Z,13.617,-90.293,86.3,4.3,md,19,182.3,,1.12,us,usp000jqh3,2014-11-07T01:48:35.935Z,"39 km SW of San Francisco Menéndez, El Salvador",earthquake,,10,,,reviewed,us,snet
2012-08-10T16:51:00.000Z,13.54,-89.825,76.3,4.2,mb,14,175.2,,,us,usp000jq4p,2014-11-07T01:48:32.798Z,"5 km S of Acajutla, El Salvador",earthquake,,,,1,reviewed,snet,us
2012-08-02T15:36:33.560Z,14.581,-89.01,25.1,4.6,mb,269,92.9,,1.08,us,usp000jpss,2015-03-24T01:31:41.664Z,"8 km WNW of Lucerna, Honduras",earthquake,,8.3,,220,reviewed,us,us
2012-07-31T00:20:00.000Z,13.673,-88.785,6,4,mb,8,163,,,us,usp000jpnt,2014-11-07T01:48:25.396Z,"0 km NNW of Apastepeque, El Salvador",earthquake,,,,6,reviewed,snet,us
2012-07-29T12:22:11.810Z,14.191,-92.294,18,5.9,mww,558,28.1,,1.06,us,usp000jpm2,2024-06-17T19:54:02.868Z,"36 km SSW of Ocós, Guatemala",earthquake,,,,,reviewed,us,us
2012-07-27T23:53:07.910Z,14.186,-91.552,73.9,4.2,mb,68,203.6,,0.88,us,usp000jphf,2014-11-07T01:48:24.545Z,"23 km WSW of Tiquisate, Guatemala",earthquake,,8.1,,41,reviewed,us,us
2012-07-27T02:06:56.620Z,14.589,-90.608,216,4.7,mb,218,90.7,,1.09,us,usp000jpgg,2014-11-07T01:48:24.286Z,"4 km S of Mixco, Guatemala",earthquake,,5.5,,174,reviewed,us,us
2012-07-22T10:36:41.740Z,14.504,-89.112,50.6,4.4,mb,157,87.3,,0.97,us,usp000jpae,2015-03-24T02:15:02.295Z,"9 km NE of Sinuapa, Honduras",earthquake,,5.6,,117,reviewed,us,us
2012-07-17T16:01:43.410Z,13.532,-89.884,77.5,4.5,mb,44,111.9,,1.2,us,usp000jp45,2014-11-07T01:48:20.687Z,"9 km SW of Acajutla, El Salvador",earthquake,,6,,17,reviewed,us,us
2012-07-16T23:03:02.690Z,14.332,-90.262,38.5,4.2,mb,15,115.4,,1.1,us,usp000jp32,2014-11-07T01:48:20.552Z,"5 km SSE of Nueva Santa Rosa, Guatemala",earthquake,,13.2,,1,reviewed,us,us
2012-07-16T21:03:01.200Z,14.146,-90.364,37.1,4.7,mb,151,93.6,,1.17,us,usp000jp2w,2014-11-07T01:48:20.514Z,"7 km NNE of Chiquimulilla, Guatemala",earthquake,,6.7,,121,reviewed,us,us
2012-07-12T15:10:06.800Z,13.911,-92.027,32.5,4.2,mb,54,167.7,,1.29,us,usp000jnxn,2014-11-07T01:48:19.185Z,"44 km SSW of Champerico, Guatemala",earthquake,,19.1,,32,reviewed,us,us
2012-07-12T02:34:57.630Z,13.831,-90.49,100.7,3.8,md,6,212.5,,1.34,us,usp000jnwq,2014-11-07T01:48:18.826Z,"26 km ESE of Iztapa, Guatemala",earthquake,,17.6,,,reviewed,us,snet
2012-07-12T01:43:01.620Z,14.75,-90.938,202.2,5.2,mwb,521,61.6,,1.15,us,usp000jnwm,2025-12-22T16:30:55.889Z,"5 km W of Comalapa, Guatemala",earthquake,,,,,reviewed,us,us
2012-07-05T07:50:25.370Z,14.121,-91.819,78,4,mb,30,171.4,,1.14,us,usp000jnn1,2014-11-07T01:48:16.422Z,"21 km SSE of Champerico, Guatemala",earthquake,,9,,22,reviewed,us,us
2012-07-02T17:42:58.300Z,14.218,-90.613,76.9,4.4,mb,25,107.5,,1.22,us,usp000jngs,2014-11-07T01:48:14.659Z,"3 km ESE of Guanagazapa, Guatemala",earthquake,,5.4,,4,reviewed,us,us
2012-06-27T06:30:59.860Z,13.834,-89.967,132.6,5.7,mww,556,56.5,,1.07,us,usp000jn9s,2022-05-03T15:43:01.802Z,"5 km E of San Francisco Menéndez, El Salvador",earthquake,,4,,,reviewed,us,us
2012-06-26T17:19:04.150Z,15.378,-92.049,168.1,5.4,mb,584,35.5,,1.17,us,usp000jn91,2025-12-22T16:30:27.093Z,"8 km N of Tectitán, Guatemala",earthquake,,,,290,reviewed,us,us
2012-06-25T14:37:49.650Z,13.906,-90.213,91.2,4.6,mb,23,171.1,,0.73,us,usp000jn7j,2014-11-07T01:48:09.102Z,"7 km S of Pasaco, Guatemala",earthquake,,7.2,,10,reviewed,us,us
2012-06-25T12:03:34.000Z,13.876,-92.259,20,4,md,9,305.5,,,us,usp000jn7e,2014-11-07T01:48:09.073Z,"59 km SW of Champerico, Guatemala",earthquake,,,,,reviewed,unm,unm
2012-06-25T03:42:49.690Z,13.553,-91.521,41.6,4.6,mb,278,158.7,,0.99,us,usp000jn72,2014-11-07T01:48:08.851Z,"75 km SSW of Nueva Concepción, Guatemala",earthquake,,5.2,,237,reviewed,us,us
2012-06-05T05:13:16.540Z,13.915,-91.03,73.2,4.3,mb,138,108.9,,0.86,us,usp000jmbx,2014-11-07T01:48:00.840Z,"18 km S of La Gomera, Guatemala",earthquake,,3.8,,82,reviewed,us,us
2012-06-04T05:12:00.260Z,13.728,-90.801,83.1,4.7,mb,402,66.6,,0.97,us,usp000jmac,2015-03-24T01:30:04.104Z,"22 km S of Puerto San José, Guatemala",earthquake,,4.7,,300,reviewed,us,us
2012-05-31T17:37:30.670Z,14.258,-90.396,241.8,4.6,mb,80,166.8,,1.06,us,usp000jm63,2014-11-07T01:47:55.552Z,"6 km SW of Barberena, Guatemala",earthquake,,4.7,,63,reviewed,us,us
2012-05-26T01:19:28.380Z,13.548,-92.039,65.1,4.7,mb,265,104.1,,0.89,us,usp000jkxr,2014-11-07T01:47:52.864Z,"83 km S of Champerico, Guatemala",earthquake,,5.4,,210,reviewed,us,us
2012-05-19T11:26:40.070Z,13.721,-91.869,35,4,mb,23,138.3,,1.11,us,usp000jkm4,2014-11-07T01:47:48.914Z,"63 km S of Champerico, Guatemala",earthquake,,,,3,reviewed,us,us
2012-05-11T23:37:01.680Z,14.051,-92.005,59.4,4.3,mb,88,115.9,,1.25,us,usp000jkay,2014-11-07T01:47:46.881Z,"28 km SSW of Champerico, Guatemala",earthquake,,4.8,,39,reviewed,us,us
2012-05-11T06:15:00.460Z,15.611,-88.819,8,4.4,mb,113,105.3,,1.08,us,usp000jk9v,2015-03-24T01:29:15.422Z,"15 km N of Morales, Guatemala",earthquake,,9.4,,76,reviewed,us,us
2012-05-04T18:57:52.080Z,14.452,-91.285,98.2,4.3,mb,104,147.7,,1.17,us,usp000jk08,2015-03-24T01:29:00.976Z,"6 km WNW of Santa Bárbara, Guatemala",earthquake,,6.6,,82,reviewed,us,us
2012-05-01T09:10:38.900Z,13.603,-91.74,19.1,4.1,md,4,333.9,,,us,usp000jjun,2014-11-07T01:47:41.547Z,"78 km SSE of Champerico, Guatemala",earthquake,,,,,reviewed,unm,unm
2012-05-01T06:18:56.090Z,13.784,-90.964,53.1,4.3,mb,56,185.4,,0.92,us,usp000jjuh,2014-11-07T01:47:41.429Z,"22 km SW of Puerto San José, Guatemala",earthquake,,6.7,,37,reviewed,us,us
2012-04-28T06:36:27.670Z,15.701,-89.345,28,4.2,mb,50,60.6,,1.35,us,usp000jjq9,2014-11-07T01:47:37.798Z,"18 km N of El Estor, Guatemala",earthquake,,20.3,,29,reviewed,us,us
2012-04-23T00:20:34.440Z,15.766,-89.211,10,5.2,mb,385,70.5,,1.05,us,usp000jjem,2022-05-03T15:41:59.534Z,"28 km NNE of El Estor, Guatemala",earthquake,,,,296,reviewed,us,us
2012-04-22T08:07:50.200Z,14.281,-91.457,71,4.1,mb,46,189.1,,0.9,us,usp000jjd7,2015-03-24T02:27:40.474Z,"10 km W of Tiquisate, Guatemala",earthquake,,8.1,,27,reviewed,us,us
2012-04-19T00:47:59.600Z,13.601,-90.067,71.7,4.4,mb,61,176.3,,,us,usp000jj77,2014-11-07T01:47:34.144Z,"25 km W of Acajutla, El Salvador",earthquake,,,,40,reviewed,snet,us
2012-04-18T10:50:58.590Z,15.07,-92.29,130.2,4.5,mb,159,109.9,,,us,usp000jj68,2014-11-07T01:47:33.906Z,"8 km WNW of Unión Roja, Mexico",earthquake,,,,109,reviewed,unm,us
2012-04-15T05:32:13.300Z,17.254,-91.132,13.3,4.6,mb,131,61.1,,0.98,us,usp000jj08,2014-11-07T01:47:32.210Z,"31 km NE of Nuevo Francisco León, Mexico",earthquake,,11.8,,105,reviewed,us,us
2012-04-13T13:49:54.200Z,14.59,-92.44,76.4,4.6,mb,89,141.8,,,us,usp000jhv8,2014-11-07T01:47:30.868Z,"14 km S of Puerto Madero, Mexico",earthquake,,,,48,reviewed,unm,us
2012-03-31T18:55:03.220Z,14.262,-92.37,52.7,4.4,mb,138,131,,1.12,us,usp000jh24,2014-11-07T01:47:21.042Z,"33 km SW of Ocós, Guatemala",earthquake,,3.5,,79,reviewed,us,us
2012-03-26T02:01:19.670Z,14.05,-90.23,42.1,4.5,mb,84,115.3,,1.16,us,usp000jgt6,2015-03-24T01:59:59.443Z,"5 km SE of San Juan Tecuaco, Guatemala",earthquake,,7.2,,48,reviewed,us,us
2012-03-15T15:14:07.130Z,13.627,-90.583,56.1,4,mb,31,208.8,,1.51,us,usp000jga6,2014-11-07T01:47:15.198Z,"36 km SSE of Iztapa, Guatemala",earthquake,,6.8,,1,reviewed,us,us
2012-02-24T20:01:48.090Z,14.467,-90.728,163.9,4.7,mb,148,88.8,,1.34,us,usp000jfb7,2014-11-07T01:47:04.051Z,"3 km SSW of Santa María de Jesús, Guatemala",earthquake,,,,90,reviewed,us,us
2012-02-16T20:14:41.090Z,14.614,-92.4,76.7,4.9,mb,278,70,,0.86,us,usp000jf0n,2025-12-22T16:12:40.501Z,"12 km S of Puerto Madero, Mexico",earthquake,,3.2,,189,reviewed,us,us
2012-02-14T03:48:22.580Z,13.628,-91.222,47.7,4.2,mb,22,198.2,,1.01,us,usp000jex2,2014-11-07T01:47:01.039Z,"53 km SSW of La Gomera, Guatemala",earthquake,,13.4,,13,reviewed,us,us
2012-02-08T02:38:25.890Z,13.735,-91.035,47.3,4,mb,21,193.2,,1.27,us,usp000jep1,2014-11-07T01:46:59.268Z,"31 km SW of Puerto San José, Guatemala",earthquake,,13.6,,12,reviewed,us,us
2012-01-27T04:19:51.420Z,14.196,-90.228,35,4.6,mb,72,111.5,,1.19,us,usp000je12,2015-03-24T01:52:49.223Z,"5 km E of Santa María Ixhuatán, Guatemala",earthquake,,,,46,reviewed,us,us
2012-01-26T17:13:39.550Z,15.313,-90.928,62.2,4.4,mb,135,89.6,,0.89,us,usp000je0b,2014-11-07T01:46:50.688Z,"7 km WSW of Uspantán, Guatemala",earthquake,,3.7,,87,reviewed,us,us
2012-01-26T13:25:31.420Z,14.186,-90.991,79.6,4.4,mb,111,109,,1.18,us,usp000je06,2015-03-24T01:56:50.747Z,"6 km SW of La Democracia, Guatemala",earthquake,,,,68,reviewed,us,us
2012-01-19T03:47:44.350Z,14.027,-90.426,99.4,4.5,mb,61,81.3,,1.11,us,usp000jdp7,2015-03-24T02:07:13.977Z,"5 km S of Guazacapán, Guatemala",earthquake,,6.2,,41,reviewed,us,us
2012-01-10T18:02:09.070Z,14.279,-91.794,52.8,4.1,mb,55,187.1,,1.41,us,usp000jdam,2014-11-07T01:46:45.937Z,"12 km E of Champerico, Guatemala",earthquake,,7.5,,28,reviewed,us,us
2012-01-09T20:15:00.490Z,13.953,-90.439,100.3,4.4,mb,18,227.9,,0.75,us,usp000jd9n,2014-11-07T01:46:45.397Z,"13 km SSE of Taxisco, Guatemala",earthquake,,14.7,,4,reviewed,us,us
2012-01-09T18:34:10.460Z,13.83,-90.591,61.4,4.5,mb,66,174.9,,1.3,us,usp000jd9f,2014-11-07T01:46:45.336Z,"17 km SE of Iztapa, Guatemala",earthquake,,7.1,,50,reviewed,us,us
2012-01-05T09:15:34.570Z,13.551,-90.639,68.1,4.4,mb,102,101.2,,1.14,us,usp000jd2n,2014-11-07T01:46:43.669Z,"42 km S of Iztapa, Guatemala",earthquake,,6.6,,69,reviewed,us,us
2012-01-01T07:40:27.240Z,13.614,-90.509,80.6,4.3,mb,46,158.8,,0.96,us,usp000jcwv,2014-11-07T01:46:41.553Z,"41 km SSE of Iztapa, Guatemala",earthquake,,8.9,,24,reviewed,us,us
2011-12-31T09:54:58.480Z,14.211,-92.067,38.5,4.4,mb,104,156.4,,1.3,us,usp000jcvw,2014-11-07T01:46:39.008Z,"19 km WSW of Champerico, Guatemala",earthquake,,7.3,,71,reviewed,us,us
2011-12-29T05:19:57.210Z,15.413,-91.307,10,4.6,mb,122,117.5,,1.2,us,usp000jcsu,2015-03-24T01:24:23.172Z,"7 km N of Aguacatán, Guatemala",earthquake,,,,103,reviewed,us,us
2011-12-25T13:25:14.240Z,14.894,-92.118,95.7,4.3,mb,75,115.4,,1.28,us,usp000jcms,2014-11-07T01:46:37.277Z,"6 km NW of Catarina, Guatemala",earthquake,,5.9,,42,reviewed,us,us
2011-12-22T04:50:20.020Z,14.065,-91.95,52.1,4.7,mb,213,93.9,,1.19,us,usp000jcg3,2014-11-07T01:46:36.313Z,"25 km S of Champerico, Guatemala",earthquake,,,,149,reviewed,us,us
2011-12-18T05:03:20.180Z,15.786,-92.003,235.1,4.5,mb,167,91,,1.12,us,usp000jcbu,2014-11-07T01:46:35.244Z,"5 km SE of San Caralampio, Mexico",earthquake,,,,120,reviewed,us,us
2011-12-08T14:35:40.470Z,13.773,-89.606,35,4.6,mb,37,179.2,,1.35,us,usp000jbyv,2014-11-07T01:46:32.147Z,"7 km ENE of Izalco, El Salvador",earthquake,,,,26,reviewed,us,us
2011-12-07T21:41:27.860Z,13.688,-89.68,33.7,4.4,mb,30,124.2,,1.38,us,usp000jbxy,2014-11-07T01:46:31.905Z,"5 km SE of Sonsonate, El Salvador",earthquake,,27.2,,8,reviewed,us,us
2011-12-05T07:34:59.800Z,13.922,-91.183,44.5,4.3,mb,43,137,,1.64,us,usp000jbup,2014-11-07T01:46:31.228Z,"22 km SW of La Gomera, Guatemala",earthquake,,11.4,,24,reviewed,us,us
2011-12-02T19:36:46.810Z,15.883,-91.294,27.4,4.7,mb,223,90.4,,1.14,us,usp000jbr3,2015-03-24T02:07:42.202Z,"9 km NNE of Barillas, Guatemala",earthquake,,4.5,,172,reviewed,us,us
2011-11-29T06:26:34.130Z,13.577,-88.893,157.6,4.7,mb,126,82.1,,0.9,us,usp000jbk4,2014-11-07T01:46:25.727Z,"8 km NNW of Zacatecoluca, El Salvador",earthquake,,4.3,,90,reviewed,us,us
2011-11-17T13:30:58.910Z,13.973,-91.718,34,5.8,mww,365,66,,1.17,us,usp000jazh,2024-06-17T18:27:08.327Z,"41 km SSE of Champerico, Guatemala",earthquake,,,,,reviewed,us,us
2011-11-17T13:06:36.490Z,13.917,-91.633,35,5.2,mwc,298,65.7,,1,us,usp000jazg,2025-12-22T16:09:04.540Z,"47 km SW of Nueva Concepción, Guatemala",earthquake,,,,,reviewed,us,gcmt
2011-11-17T12:44:46.580Z,13.945,-91.755,35,4.6,mb,171,76.2,,1.11,us,usp000jazf,2014-11-07T01:46:22.019Z,"42 km SSE of Champerico, Guatemala",earthquake,,,,121,reviewed,us,us
2011-11-11T18:09:42.630Z,14.152,-90.244,15.4,4.5,mb,102,93.5,,1.41,us,usp000jaq4,2015-03-24T01:59:48.492Z,"5 km SE of Santa María Ixhuatán, Guatemala",earthquake,,12.1,,80,reviewed,us,us
2011-11-10T12:49:56.410Z,13.633,-90.653,55.7,4.5,mb,122,108.3,,1.18,us,usp000janu,2015-03-24T01:22:54.594Z,"33 km S of Iztapa, Guatemala",earthquake,,,,68,reviewed,us,us
2011-11-08T13:05:56.800Z,15.419,-92.122,180.8,4,md,5,281.3,,,us,usp000jak1,2014-11-07T01:46:19.321Z,"1 km SSW of Amatenango de la Frontera, Mexico",earthquake,,,,,reviewed,unm,unm
2011-11-03T02:14:28.200Z,14.986,-91.198,249.8,4.1,mb,12,156.1,,,us,usp000ja96,2014-11-07T01:46:16.804Z,"2 km NNE of Patzité, Guatemala",earthquake,,,,2,reviewed,unm,us
2011-10-31T06:28:32.550Z,14.416,-92.052,89.2,4.5,mb,92,178,,1.09,us,usp000ja5f,2014-11-07T01:46:12.802Z,"18 km SE of Ocós, Guatemala",earthquake,,7.6,,67,reviewed,us,us
2011-10-30T03:24:58.890Z,13.611,-91.329,44.4,4.3,mb,54,150.4,,1.31,us,usp000ja41,2015-03-24T01:22:14.655Z,"60 km SSW of La Gomera, Guatemala",earthquake,,10.6,,35,reviewed,us,us
2011-10-26T02:18:28.680Z,14.189,-90.153,10,4.4,mb,18,159.4,,1.21,us,usp000j9x6,2014-11-07T01:46:11.287Z,"4 km SSE of Oratorio, Guatemala",earthquake,,,,11,reviewed,us,us
2011-10-20T00:05:08.330Z,14.116,-90.706,88.2,4.3,mb,55,189,,1.16,us,usp000j9jy,2014-11-07T01:46:08.088Z,"13 km SSW of Guanagazapa, Guatemala",earthquake,,8.5,,35,reviewed,us,us
2011-10-19T17:34:40.770Z,14.272,-90.152,9.8,4.3,mb,25,158.6,,1.2,us,usp000j9jf,2014-11-07T01:46:08.009Z,"2 km WNW of San José Acatempa, Guatemala",earthquake,,26.3,,6,reviewed,us,us
2011-10-14T00:00:39.770Z,13.822,-89.938,44.1,4.3,mb,12,110.1,,1.03,us,usp000j9ak,2014-11-07T01:46:06.538Z,"8 km ESE of San Francisco Menéndez, El Salvador",earthquake,,28,,5,reviewed,us,us
2011-10-11T00:20:10.990Z,15.225,-90.58,10,4.5,mb,86,161.5,,1.15,us,usp000j96x,2015-03-24T01:21:43.624Z,"14 km NNE of Cubulco, Guatemala",earthquake,,,,55,reviewed,us,us
2011-10-09T05:15:06.800Z,13.925,-92.091,35,4.4,mb,11,284.1,,1.04,us,usp000j944,2014-11-07T01:46:05.456Z,"45 km SSW of Champerico, Guatemala",earthquake,,,,3,reviewed,us,us
2011-10-09T04:31:44.280Z,13.877,-92.108,16.4,4.1,mb,26,210.4,,0.82,us,usp000j942,2014-11-07T01:46:05.437Z,"50 km SSW of Champerico, Guatemala",earthquake,,27,,17,reviewed,us,us
2011-10-05T22:06:16.000Z,15.75,-91.15,22,4.2,mb,19,114,,,us,usp000j8z3,2014-11-07T01:46:04.096Z,"7 km SW of San Luis Ixcán, Guatemala",earthquake,,,,5,reviewed,unm,us
2011-10-05T16:36:02.700Z,13.829,-91.462,35,4,mb,8,298.6,,1.25,us,usp000j8yn,2014-11-07T01:46:04.007Z,"44 km SSW of Nueva Concepción, Guatemala",earthquake,,,,2,reviewed,us,us
2011-10-01T17:07:07.470Z,13.966,-90.318,48.4,4.2,mb,33,107.1,,1.64,us,usp000j8tp,2014-11-07T01:46:01.786Z,"12 km W of Pasaco, Guatemala",earthquake,,13.3,,13,reviewed,us,us
2011-09-25T21:29:37.150Z,13.941,-90.316,6.5,4.6,mb,44,121.5,,1.15,us,usp000j8jj,2014-11-07T01:45:57.182Z,"12 km WSW of Pasaco, Guatemala",earthquake,,29.1,,24,reviewed,us,us
2011-09-24T09:58:00.800Z,14.235,-90.121,42,4.3,mb,42,106.9,,1.19,us,usp000j8ge,2014-11-07T01:45:56.922Z,"3 km S of San José Acatempa, Guatemala",earthquake,,9.1,,17,reviewed,us,us
2011-09-20T04:28:48.790Z,14.139,-90.26,10,4.8,mwc,133,88.1,,1.15,us,usp000j8ah,2015-03-24T01:21:19.719Z,"5 km SSE of Santa María Ixhuatán, Guatemala",earthquake,,,,,reviewed,us,gcmt
2011-09-20T00:22:48.630Z,14.114,-90.098,10,4.3,mb,56,164.8,,1.21,us,usp000j8a7,2014-11-07T01:45:55.870Z,"8 km NNW of Moyuta, Guatemala",earthquake,,,,41,reviewed,us,us
2011-09-19T20:30:00.820Z,14.154,-90.216,10,4.6,mb,54,88,,1.37,us,usp000j8a3,2015-03-24T01:21:18.317Z,"7 km ESE of Santa María Ixhuatán, Guatemala",earthquake,,,,30,reviewed,us,us
2011-09-19T19:17:50.910Z,14.228,-90.283,10,4.9,mwc,125,72.4,,1.28,us,usp000j8a1,2015-03-24T01:21:16.918Z,"4 km NNW of Santa María Ixhuatán, Guatemala",earthquake,,,,,reviewed,us,gcmt
2011-09-19T18:33:55.870Z,14.186,-90.238,9,5.6,mwr,286,59.6,,1.4,us,usp000j89y,2024-06-16T05:48:04.898Z,"3 km E of Santa María Ixhuatán, Guatemala",earthquake,,,,,reviewed,us,us
2011-09-19T17:59:54.050Z,14.239,-90.21,10,5.2,mwc,119,87.5,,1.39,us,usp000j89x,2022-04-08T22:05:55.195Z,"3 km WNW of Oratorio, Guatemala",earthquake,,,,,reviewed,us,gcmt
2011-09-12T10:25:20.300Z,14.731,-91.62,118.5,4.5,mb,149,82.7,,0.92,us,usp000j7yf,2014-11-07T01:45:53.039Z,"9 km NNW of El Palmar, Guatemala",earthquake,,5.3,,105,reviewed,us,us
2011-09-10T11:14:45.400Z,13.82,-92.077,20,4,md,16,291.4,,,us,usp000j7vu,2014-11-07T01:45:52.514Z,"55 km SSW of Champerico, Guatemala",earthquake,,,,,reviewed,unm,unm
2011-09-09T04:30:32.990Z,13.55,-90.606,71.1,4.2,mb,29,167.6,,0.96,us,usp000j7tx,2015-03-24T02:04:15.961Z,"43 km SSE of Iztapa, Guatemala",earthquake,,9.4,,21,reviewed,us,us
2011-09-06T23:31:40.130Z,13.571,-90.451,63.7,4.2,mb,21,87.8,,0.63,us,usp000j7qn,2014-11-07T01:45:51.023Z,"48 km SE of Iztapa, Guatemala",earthquake,,8.1,,10,reviewed,us,us
2011-09-04T17:04:06.330Z,13.675,-90.377,10,4.1,md,11,115.8,,1.27,us,usp000j7kx,2014-11-07T01:45:50.122Z,"38 km SSW of Pasaco, Guatemala",earthquake,,,,,reviewed,us,snet
2011-08-27T11:28:09.830Z,14.236,-90.148,50.3,5,mwc,161,77.9,,0.88,us,usp000j746,2022-04-08T22:00:20.785Z,"3 km ENE of Oratorio, Guatemala",earthquake,,5.6,,,reviewed,us,gcmt
2011-08-24T04:48:00.890Z,13.986,-90.415,35,4.4,mb,23,160.7,,1.37,us,usp000j6y0,2014-11-07T01:45:41.763Z,"9 km S of Guazacapán, Guatemala",earthquake,,,,9,reviewed,us,us
2011-08-23T03:55:59.040Z,14.283,-90.131,42.1,4.4,mb,72,88.1,,1.14,us,usp000j6we,2015-03-24T01:56:55.518Z,"2 km NNW of San José Acatempa, Guatemala",earthquake,,10,,50,reviewed,us,us
2011-08-22T18:05:21.130Z,14.449,-90.107,10,4,mb,13,156.6,,1.33,us,usp000j6vs,2014-11-07T01:45:41.199Z,"8 km ESE of San Rafael Las Flores, Guatemala",earthquake,,,,4,reviewed,us,us
2011-08-19T05:19:15.090Z,14.263,-90.116,20.6,4.3,mb,31,189.6,,0.67,us,usp000j6nw,2015-03-24T02:22:04.771Z,"1 km ESE of San José Acatempa, Guatemala",earthquake,,18.7,,20,reviewed,us,us
2011-08-18T05:54:26.430Z,14.199,-90.12,39,4.3,mb,38,190.1,,0.89,us,usp000j6mm,2014-11-07T01:45:37.956Z,"6 km ESE of Oratorio, Guatemala",earthquake,,11,,26,reviewed,us,us
2011-08-16T14:46:15.100Z,13.864,-90.137,10,4.3,mb,13,149.5,,1.21,us,usp000j6j3,2014-11-07T01:45:37.329Z,"13 km W of San Francisco Menéndez, El Salvador",earthquake,,0,,5,reviewed,us,us
2011-08-14T15:21:24.750Z,14.295,-91.573,63.1,5,mwc,307,72.1,,0.82,us,usp000j6fc,2025-12-22T16:05:52.481Z,"22 km SSW of San Lorenzo, Guatemala",earthquake,,,,,reviewed,us,gcmt
2011-08-01T03:28:39.760Z,14.015,-90.508,96.1,4.3,mb,39,139.5,,1.13,us,usp000j5tm,2015-03-24T02:21:39.939Z,"7 km SW of Taxisco, Guatemala",earthquake,,10.5,,34,reviewed,us,us
2011-07-27T08:04:44.760Z,13.79,-90.661,37.8,4.1,mb,61,121.2,,1.58,us,usp000j5jr,2014-11-07T01:45:27.230Z,"16 km SSE of Iztapa, Guatemala",earthquake,,14.7,,41,reviewed,us,us
2011-07-27T05:59:15.080Z,14.583,-91.515,112,4.6,mb,154,108.8,,1.14,us,usp000j5jj,2015-03-24T01:19:27.012Z,"0 km SE of San Francisco Zapotitlán, Guatemala",earthquake,,6.6,,116,reviewed,us,us
2011-07-26T00:19:08.230Z,14.014,-90.059,30.4,4.2,mb,31,116.7,,1.41,us,usp000j5gu,2015-03-24T02:22:16.183Z,"3 km SE of Moyuta, Guatemala",earthquake,,28.2,,22,reviewed,us,us
2011-07-15T23:43:07.800Z,14.004,-91.743,35,4,mb,20,141.6,,1.04,us,usp000j4zu,2014-11-07T01:45:22.443Z,"36 km SSE of Champerico, Guatemala",earthquake,,,,14,reviewed,us,us
2011-07-11T16:02:41.970Z,15.734,-92.31,193,4.6,mb,126,91.2,,1.2,us,usp000j4nq,2014-11-07T01:45:20.666Z,"3 km WSW of Chicomuselo, Mexico",earthquake,,,,83,reviewed,us,us
2011-07-05T09:25:48.200Z,14.179,-92.125,30.3,4,md,8,293.7,,,us,usp000j468,2014-11-07T01:45:16.873Z,"26 km WSW of Champerico, Guatemala",earthquake,,,,,reviewed,unm,unm
2011-06-26T17:54:15.800Z,13.529,-90.803,20,4,md,5,135.2,,,us,usp000j3t6,2014-11-07T01:45:10.839Z,"44 km S of Puerto San José, Guatemala",earthquake,,,,,reviewed,unm,unm
2011-06-18T17:30:19.520Z,14.021,-91.64,32,5.5,mww,345,65.7,,1.01,us,usp000j3cw,2022-07-19T18:06:13.375Z,"41 km WSW of Nueva Concepción, Guatemala",earthquake,,,,,reviewed,us,us
2011-06-10T04:44:37.740Z,13.774,-91.522,35,4,mb,15,180.1,,1.21,us,usp000j2xw,2014-11-07T01:45:03.979Z,"52 km SSW of Nueva Concepción, Guatemala",earthquake,,,,6,reviewed,us,us
2011-06-03T19:20:13.190Z,14.217,-91.588,78.7,4.6,mb,99,149.8,,1.26,us,usp000j2nh,2022-07-19T16:49:06.531Z,"25 km WSW of Tiquisate, Guatemala",earthquake,,7.3,,71,reviewed,us,us
2011-06-01T02:27:18.720Z,14.289,-90.828,127.2,4.3,mb,35,114.7,,1.11,us,usp000j2h5,2014-11-07T01:44:58.316Z,"4 km WSW of Escuintla, Guatemala",earthquake,,8.9,,27,reviewed,us,us
2011-05-29T14:17:54.300Z,14.147,-92.14,15,4.1,md,4,326.1,,,us,usp000j2du,2014-11-07T01:44:56.230Z,"29 km WSW of Champerico, Guatemala",earthquake,,,,,reviewed,unm,unm
2011-05-28T15:56:48.300Z,13.696,-90.959,77.9,4.3,md,5,291.5,,,us,usp000j2c0,2014-11-07T01:44:55.864Z,"29 km SSW of Puerto San José, Guatemala",earthquake,,,,,reviewed,unm,snet
2011-05-11T03:18:32.550Z,14.005,-91.906,23.2,3.9,md,7,205.5,,1.29,us,usp000j1d7,2014-11-07T01:44:49.374Z,"31 km S of Champerico, Guatemala",earthquake,,22.2,,,reviewed,us,unm
2011-05-08T13:31:20.520Z,13.761,-91.52,40.4,4.1,md,16,198.5,,1.56,us,usp000j17b,2014-11-07T01:44:47.690Z,"54 km SSW of Nueva Concepción, Guatemala",earthquake,,13.6,,,reviewed,us,unm
2011-04-14T04:51:07.500Z,14.388,-92.458,27.4,4,md,5,257.8,,,us,usp000hzxf,2014-11-07T01:44:32.876Z,"30 km WSW of Brisas Barra de Suchiate, Mexico",earthquake,,,,,reviewed,unm,unm
2011-04-05T14:14:55.760Z,13.995,-90.325,114.3,4.6,mb,55,77.9,,1.19,us,usp000hzbe,2014-11-07T01:44:28.792Z,"11 km SSW of San Juan Tecuaco, Guatemala",earthquake,,7.1,,17,reviewed,us,us
2011-03-31T00:55:50.340Z,14.534,-92.17,51.8,4.4,mb,18,176.9,,1.07,us,usp000hyyt,2014-11-07T01:44:22.724Z,"3 km NE of Ocós, Guatemala",earthquake,,7.9,,5,reviewed,us,us
2011-03-29T11:30:18.820Z,15.853,-89.427,10,4.1,mb,17,249.5,,1.11,us,usp000hyv3,2014-11-07T01:44:22.009Z,"20 km ENE of Chahal Guatemala, Guatemala",earthquake,,,,5,reviewed,us,us
2011-03-28T12:19:16.670Z,13.776,-90.807,76.7,4.5,mb,112,115.9,,1.1,us,usp000hyt4,2022-07-19T10:40:43.539Z,"16 km S of Puerto San José, Guatemala",earthquake,,5.7,,70,reviewed,us,us
2011-03-27T06:20:56.010Z,14.374,-92.347,35,5.6,mww,396,58.3,,1.03,us,usp000hyqk,2022-07-19T10:27:02.369Z,"22 km SW of Brisas Barra de Suchiate, Mexico",earthquake,,,,,reviewed,us,us
2011-03-15T22:39:57.850Z,13.558,-90.933,10,4.3,mb,29,97.9,,1.05,us,usp000hxe8,2014-11-07T01:44:10.321Z,"42 km SSW of Puerto San José, Guatemala",earthquake,,29.2,,7,reviewed,us,us
2011-03-15T00:32:44.730Z,13.715,-90.727,90.6,4.8,mb,55,73.3,,1.15,us,usp000hx9f,2014-11-07T01:44:09.207Z,"24 km S of Iztapa, Guatemala",earthquake,,8.5,,35,reviewed,us,us
2011-03-14T09:05:25.100Z,15.46,-92.157,228.5,4,md,6,237.8,,,us,usp000hx4g,2014-11-07T01:44:08.066Z,"0 km NNE of Bejucal de Ocampo, Mexico",earthquake,,,,,reviewed,unm,unm
2011-03-10T17:03:12.970Z,15.37,-91.974,188.7,4.1,md,5,240.7,,0.25,us,usp000hvn2,2014-11-07T01:43:54.308Z,"5 km SW of Cuilco, Guatemala",earthquake,,23,,,reviewed,us,unm
2011-03-10T14:30:48.940Z,14.264,-90.366,35,4.6,mb,22,172.6,,1.55,us,usp000hvmw,2014-11-07T01:43:54.246Z,"Guatemala",earthquake,,,,22,reviewed,us,us
2011-03-10T14:30:21.780Z,14.157,-90.378,35,4.4,mb,45,107.2,,1.32,us,usp000hvmv,2014-11-07T01:43:54.241Z,"8 km N of Chiquimulilla, Guatemala",earthquake,,,,26,reviewed,us,us
2011-03-09T13:08:33.100Z,17.295,-91.102,94.5,4.3,md,5,182.6,,,us,usp000hvju,2014-11-07T01:43:53.620Z,"28 km S of San Carlos, Mexico",earthquake,,,,,reviewed,unm,unm
2011-03-08T11:57:58.010Z,14.371,-92.356,35,4.4,mb,53,192.2,,1.5,us,usp000hvgv,2014-11-07T01:43:53.040Z,"23 km SW of Brisas Barra de Suchiate, Mexico",earthquake,,,,24,reviewed,us,us
2011-03-06T09:45:18.770Z,13.841,-91.41,59.4,4.3,mb,68,131.7,,1.25,us,usp000hve0,2014-11-07T01:43:52.086Z,"41 km SSW of Nueva Concepción, Guatemala",earthquake,,6.7,,34,reviewed,us,us
2011-03-06T05:49:51.700Z,14.236,-91.962,25.7,4.3,md,5,201.4,,,us,usp000hvdq,2014-11-07T01:43:52.045Z,"8 km SW of Champerico, Guatemala",earthquake,,,,,reviewed,unm,unm
2011-03-02T00:59:52.000Z,16.06,-91.38,20,4.5,mb,90,139.9,,,us,usp000hv84,2014-11-07T01:43:50.406Z,"10 km SW of Santo Domingo de las Palmas, Mexico",earthquake,,,,55,reviewed,unm,us
2011-03-01T21:46:42.050Z,13.561,-88.452,198.8,4.7,mb,27,146.4,,1.14,us,usp000hv80,2014-11-07T01:43:50.352Z,"8 km N of Santiago de María, El Salvador",earthquake,,7.4,,20,reviewed,us,us
2011-02-20T00:58:19.300Z,13.663,-90.609,65.5,4.5,mb,88,135.5,,0.9,us,usp000husk,2014-11-07T01:43:41.463Z,"31 km SSE of Iztapa, Guatemala",earthquake,,6.7,,49,reviewed,us,us
2011-02-19T10:31:14.190Z,14.331,-92.225,53.2,4.4,mb,60,123.7,,1.07,us,usp000hurp,2014-11-07T01:43:41.348Z,"20 km S of Ocós, Guatemala",earthquake,,6.8,,33,reviewed,us,us
2011-01-27T22:59:58.220Z,13.801,-90.794,10,4,mb,8,158.2,,0.45,us,usp000htr4,2014-11-07T01:43:30.608Z,"14 km SSE of Puerto San José, Guatemala",earthquake,,,,5,reviewed,us,us
2011-01-26T12:18:42.810Z,13.571,-91.175,35,4.1,mb,16,132.4,,0.95,us,usp000htp3,2014-11-07T01:43:30.062Z,"54 km SW of Puerto San José, Guatemala",earthquake,,,,3,reviewed,us,us
2011-01-24T01:14:47.460Z,13.898,-89.835,35,4,md,9,177.4,,1.03,us,usp000htk0,2014-11-07T01:43:29.084Z,"2 km SSE of Ahuachapán, El Salvador",earthquake,,,,,reviewed,us,snet
2011-01-18T11:15:36.200Z,13.887,-91.987,15,4,md,8,202.4,,,us,usp000htam,2014-11-07T01:43:27.410Z,"45 km S of Champerico, Guatemala",earthquake,,,,,reviewed,unm,unm
2011-01-14T23:55:43.300Z,14.847,-91.173,248.9,4,md,6,158.9,,,us,usp000ht4d,2014-11-07T01:43:26.529Z,"7 km NNW of Concepción, Guatemala",earthquake,,,,,reviewed,unm,unm
2011-01-14T19:14:01.400Z,14.387,-92.249,27.5,4,md,4,179.4,,,us,usp000ht3y,2014-11-07T01:43:26.477Z,"14 km SSW of Ocós, Guatemala",earthquake,,,,,reviewed,unm,unm
2010-12-11T03:45:59.970Z,13.575,-90.696,82.5,4,mb,18,262.8,,1.08,us,usp000hqsh,2014-11-07T01:43:06.145Z,"39 km S of Iztapa, Guatemala",earthquake,,17.2,,5,reviewed,us,us
2010-11-15T05:03:14.040Z,16.401,-91.593,16.5,4.1,mb,24,106.5,,0.78,us,usp000hpp6,2014-11-07T01:42:55.498Z,"12 km NNE of El Edén, Mexico",earthquake,,9.5,,18,reviewed,us,us
2010-11-13T03:00:24.720Z,15.568,-90.105,10,4.2,mb,23,134.7,,1.17,us,usp000hpga,2014-11-07T01:42:54.293Z,"13 km W of Lanquín, Guatemala",earthquake,,,,14,reviewed,us,us
2010-11-09T10:26:49.140Z,14.373,-90.647,206.3,4.8,mb,63,142.4,,1.04,us,usp000hpak,2014-11-07T01:42:53.377Z,"4 km SSW of San Vicente Pacaya, Guatemala",earthquake,,,,36,reviewed,us,us
2010-11-03T15:13:32.090Z,14.013,-90.188,10,4.2,mb,8,299.4,,0.9,us,usp000hnz5,2014-11-07T01:42:51.128Z,"4 km NNE of Pasaco, Guatemala",earthquake,,0,,2,reviewed,us,us
2010-11-02T03:36:57.390Z,13.548,-91.378,42.2,4.9,mb,84,175.1,,1.22,us,usp000hnwd,2014-11-07T01:42:49.911Z,"68 km SSW of La Gomera, Guatemala",earthquake,,10.3,,51,reviewed,us,us
2010-10-28T17:11:48.310Z,13.661,-91.012,37.6,4.8,mb,127,109.4,,1.05,us,usp000hnqa,2014-11-07T01:42:46.642Z,"35 km SW of Puerto San José, Guatemala",earthquake,,7.8,,72,reviewed,us,us
2010-10-19T02:36:15.660Z,13.58,-91.048,35,4.1,md,4,197.3,,0.1,us,usp000hn90,2014-11-07T01:42:43.781Z,"45 km SSW of Puerto San José, Guatemala",earthquake,,,,,reviewed,us,unm
2010-10-16T06:43:11.910Z,14.01,-91.475,59.2,4.6,mb,125,103.1,,1.19,us,usp000hn5n,2022-07-18T22:13:45.117Z,"28 km SW of Nueva Concepción, Guatemala",earthquake,,,,68,reviewed,us,us
2010-10-15T23:41:06.550Z,14.079,-91.37,59.2,5,mwc,245,83.8,,1.27,us,usp000hn55,2022-07-18T22:12:07.220Z,"15 km SSW of Nueva Concepción, Guatemala",earthquake,,,,,reviewed,us,gcmt
2010-10-15T11:23:25.820Z,13.985,-91.463,59.3,4.6,mb,86,108.6,,1.5,us,usp000hn4n,2014-11-07T01:42:42.574Z,"29 km SW of Nueva Concepción, Guatemala",earthquake,,,,46,reviewed,us,us
2010-10-01T04:52:59.680Z,13.761,-90.45,87.9,4.6,mb,72,113.9,,0.9,us,usp000hmec,2014-11-07T01:42:34.830Z,"33 km SE of Iztapa, Guatemala",earthquake,,8.8,,41,reviewed,us,us
2010-09-27T03:38:13.670Z,13.671,-90.559,61.9,3.8,mb,14,121,,1.13,us,usp000hm86,2014-11-07T01:42:31.167Z,"33 km SSE of Iztapa, Guatemala",earthquake,,14.4,,4,reviewed,us,us
2010-09-23T04:10:05.600Z,14.198,-92.048,25,4.2,md,5,204.6,,,us,usp000hm35,2014-11-07T01:42:30.227Z,"18 km SW of Champerico, Guatemala",earthquake,,,,,reviewed,unm,unm
2010-09-22T11:25:12.700Z,14.276,-92.332,16.2,4.1,md,4,296.4,,,us,usp000hm27,2014-11-07T01:42:30.121Z,"29 km SSW of Ocós, Guatemala",earthquake,,,,,reviewed,unm,unm
2010-09-11T02:40:26.050Z,13.862,-90.916,104.7,4.4,mb,75,119,,0.94,us,usp000hkjc,2014-11-07T01:42:26.127Z,"12 km SW of Puerto San José, Guatemala",earthquake,,10,,53,reviewed,us,us
2010-08-29T04:39:26.400Z,14.004,-91.648,61.2,4.6,mb,122,98.8,,1.09,us,usp000hjwc,2014-11-07T01:42:18.613Z,"42 km SE of Champerico, Guatemala",earthquake,,9.2,,82,reviewed,us,us
2010-08-19T22:13:02.600Z,14.03,-91.121,67.7,5.5,mwc,227,63.6,,1.26,us,usp000hjfs,2022-07-18T18:45:16.188Z,"9 km SW of La Gomera, Guatemala",earthquake,,5,,,reviewed,us,gcmt
2010-08-18T15:12:35.030Z,14.002,-90.446,112.7,4.8,mb,77,112.7,,1.19,us,usp000hjd9,2022-07-18T18:43:40.036Z,"7 km SSE of Taxisco, Guatemala",earthquake,,6.9,,45,reviewed,us,us
2010-08-14T18:25:27.190Z,13.898,-91.685,35.2,4.3,mb,29,198,,1.64,us,usp000hj64,2014-11-07T01:42:14.611Z,"50 km SSE of Champerico, Guatemala",earthquake,,13.5,,8,reviewed,us,us
2010-08-13T09:31:44.870Z,13.855,-90.495,93.3,4.1,mb,25,191.4,,1.06,us,usp000hj1w,2014-11-07T01:42:13.953Z,"23 km S of Taxisco, Guatemala",earthquake,,12.9,,14,reviewed,us,us
2010-08-10T20:56:00.230Z,14.949,-91.511,158.6,5,mwc,250,65.6,,1.34,us,usp000hhx2,2025-12-22T15:49:09.308Z,"4 km NE of San Francisco la Unión, Guatemala",earthquake,,,,,reviewed,us,gcmt
2010-08-08T17:46:48.660Z,13.987,-92.379,9.9,4,mb,26,115.1,,1.24,us,usp000hhsj,2014-11-07T01:42:12.253Z,"60 km SW of Champerico, Guatemala",earthquake,,26.9,,7,reviewed,us,us
2010-08-01T13:08:17.500Z,14.247,-91.802,59.8,4.3,mb,56,189.4,,1.25,us,usp000hha8,2014-11-07T01:42:08.044Z,"12 km ESE of Champerico, Guatemala",earthquake,,,,33,reviewed,us,us
2010-07-24T12:04:48.700Z,13.947,-91.936,20,4.2,md,4,289.4,,,us,usp000hgpd,2014-11-07T01:42:00.269Z,"38 km S of Champerico, Guatemala",earthquake,,,,,reviewed,unm,unm
2010-07-15T05:50:56.300Z,14.218,-92.281,25.5,4,md,5,310.7,,,us,usp000hfaf,2014-11-07T01:41:53.379Z,"33 km SSW of Ocós, Guatemala",earthquake,,,,,reviewed,unm,unm
2010-07-07T07:19:43.860Z,14.13,-90.894,97.5,4.7,mb,145,115.5,,1.12,us,usp000hezp,2022-07-18T15:50:36.164Z,"9 km SSW of Masagua, Guatemala",earthquake,,6.1,,86,reviewed,us,us
2010-07-06T16:04:03.950Z,13.853,-91.986,10,4.4,mb,23,285.5,,1.17,us,usp000hez1,2014-11-07T01:41:51.065Z,"49 km S of Champerico, Guatemala",earthquake,,,,9,reviewed,us,us
2010-07-04T06:08:50.850Z,13.717,-90.774,42.3,4.3,mb,35,104.5,,1.04,us,usp000hevy,2014-11-07T01:41:50.429Z,"23 km SSE of Puerto San José, Guatemala",earthquake,,,,21,reviewed,us,us
2010-06-27T18:13:28.850Z,15.05,-89.578,10,4.4,mb,35,115.5,,1.2,us,usp000hem6,2014-11-07T01:41:45.074Z,"0 km NE of Río Hondo, Guatemala",earthquake,,,,18,reviewed,us,us
2010-06-23T21:35:23.540Z,13.899,-90.668,99.1,4.4,mb,66,101.3,,1.03,us,usp000heek,2014-11-07T01:41:43.785Z,"5 km SE of Iztapa, Guatemala",earthquake,,11.4,,37,reviewed,us,us
2010-06-21T06:26:31.810Z,14.313,-91.552,77.2,4.4,mb,97,93.1,,1.25,us,usp000hebh,2014-11-07T01:41:43.404Z,"Guatemala",earthquake,,6,,60,reviewed,us,us
2010-06-21T05:08:55.540Z,14.424,-91.562,65,4.2,mb,48,137.3,,1.23,us,usp000hebe,2014-11-07T01:41:43.395Z,"8 km SW of San Lorenzo, Guatemala",earthquake,,7.8,,37,reviewed,us,us
2010-06-20T23:22:02.660Z,14.056,-91.118,71.3,4.4,mb,85,108.2,,1.22,us,usp000heb4,2022-07-16T16:00:14.817Z,"7 km WSW of La Gomera, Guatemala",earthquake,,6.8,,33,reviewed,us,us
2010-06-20T17:46:05.560Z,13.517,-91.229,61.6,4.3,mb,31,133,,1.36,us,usp000hear,2014-11-07T01:41:43.278Z,"63 km SW of Puerto San José, Guatemala",earthquake,,8.9,,10,reviewed,us,us
2010-06-06T21:53:56.600Z,15.419,-92.004,208.8,4,md,7,214.9,,,us,usp000hdnu,2014-11-07T01:41:39.118Z,"6 km WNW of Cuilco, Guatemala",earthquake,,,,,reviewed,unm,unm
2010-06-05T18:27:09.000Z,14.228,-91.789,59.4,4.1,mb,21,194.5,,1.79,us,usp000hdmk,2014-11-07T01:41:38.919Z,"15 km ESE of Champerico, Guatemala",earthquake,,11.7,,3,reviewed,us,us
2010-05-16T13:40:54.300Z,16.639,-91.16,20,4.1,md,4,208.1,,,us,usp000hcu9,2014-11-07T01:41:29.809Z,"22 km SSE of Nueva Palestina, Mexico",earthquake,,,,,reviewed,unm,unm
2010-04-26T15:47:38.020Z,13.99,-90.519,115.7,4.2,mb,33,121.8,,1.36,us,usp000hbxr,2014-11-07T01:41:19.452Z,"10 km SSW of Taxisco, Guatemala",earthquake,,8,,11,reviewed,us,us
2010-04-23T19:51:33.200Z,13.692,-91.928,27.1,4.1,mb,7,209.4,,,us,usp000hbu0,2014-11-07T01:41:18.817Z,"66 km S of Champerico, Guatemala",earthquake,,,,1,reviewed,unm,us
2010-04-21T03:38:18.640Z,14.594,-91.867,60.6,4.8,mb,216,80,,1.08,us,usp000hbqp,2022-07-16T11:27:24.372Z,"4 km S of Flores Costa Cuca, Guatemala",earthquake,,4.5,,126,reviewed,us,us
2010-04-18T13:30:58.260Z,14.514,-91.987,63.8,5.6,mwb,354,61.7,,1.06,us,usp000hbm3,2022-07-16T11:11:12.618Z,"18 km SW of Flores Costa Cuca, Guatemala",earthquake,,,,,reviewed,us,us
2010-04-05T10:00:54.990Z,14.882,-91.245,204.3,4.7,mb,114,95,,1.19,us,usp000hahn,2022-07-16T09:53:31.081Z,"8 km ENE of Nahualá, Guatemala",earthquake,,4.4,,54,reviewed,us,us
2010-04-04T16:27:53.950Z,14.114,-92.381,3.8,4.1,md,15,204.4,,1.1,us,usp000habk,2014-11-07T01:41:11.106Z,"48 km SSW of Ocós, Guatemala",earthquake,,30.4,,,reviewed,us,unm
2010-03-30T20:40:40.040Z,13.996,-92.145,10,4.3,md,13,237,,1.8,us,usp000ha5g,2014-11-07T01:41:06.630Z,"41 km SW of Champerico, Guatemala",earthquake,,,,,reviewed,us,unm
2010-03-28T14:32:54.770Z,14.379,-92.008,35.5,4.5,md,16,82.5,,1.51,us,usp000ha2q,2014-11-07T01:41:06.153Z,"14 km NW of Champerico, Guatemala",earthquake,,13.2,,,reviewed,us,unm
2010-03-24T17:08:28.460Z,14.004,-91.385,56.3,5,mwc,186,90.7,,1.18,us,usp000h9y1,2022-07-16T08:50:45.311Z,"23 km SSW of Nueva Concepción, Guatemala",earthquake,,5.1,,,reviewed,us,gcmt
2010-03-23T12:35:39.700Z,15.365,-91.902,208.1,4,md,6,150.4,,,us,usp000h9wf,2014-11-07T01:41:05.023Z,"6 km SE of Cuilco, Guatemala",earthquake,,,,,reviewed,unm,unm
2010-03-21T06:35:23.400Z,13.859,-91.78,74.2,4.5,md,6,177.7,,,us,usp000h9sg,2014-11-07T01:41:04.005Z,"50 km SSE of Champerico, Guatemala",earthquake,,,,,reviewed,unm,unm
2010-03-20T21:55:43.510Z,15.927,-91.294,39.5,5.2,mwc,354,87,,1.03,us,usp000h9s0,2022-05-02T21:48:43.473Z,"13 km N of Barillas, Guatemala",earthquake,,4,,,reviewed,us,gcmt
2010-03-15T20:04:58.770Z,13.518,-89.299,42.8,4,mb,15,123.1,,1.32,us,usp000h9f8,2014-11-07T01:41:02.280Z,"4 km NE of La Libertad, El Salvador",earthquake,,12,,1,reviewed,us,us
2010-03-05T21:34:36.970Z,13.59,-90.921,18.5,5,mb,40,121.4,,0.76,us,usp000h8sp,2014-11-07T01:40:56.292Z,"38 km SSW of Puerto San José, Guatemala",earthquake,,11.9,,17,reviewed,us,us
2010-03-04T12:02:29.000Z,16.197,-91.221,5,4,md,5,217.6,,,us,usp000h8pm,2014-11-07T01:40:55.238Z,"10 km NE of Maravilla Tenejapa, Mexico",earthquake,,,,,reviewed,unm,unm
2010-03-01T08:57:20.300Z,15.288,-91.879,211.4,4.2,md,5,238.7,,,us,usp000h8cm,2014-11-07T01:40:52.205Z,"6 km NW of Concepción Tutuapa, Guatemala",earthquake,,,,,reviewed,unm,unm
2010-02-23T15:16:00.360Z,15.967,-91.26,10,5.6,mwc,255,39.2,,1.15,us,usp000h7mb,2022-07-16T03:06:37.242Z,"19 km NNE of Barillas, Guatemala",earthquake,,,,,reviewed,us,gcmt
2010-02-23T10:52:13.980Z,15.907,-91.207,9.1,5.3,mwc,268,90.4,,1.12,us,usp000h7m4,2022-07-16T03:09:48.166Z,"16 km NE of Barillas, Guatemala",earthquake,,6.2,,,reviewed,us,gcmt
2010-02-17T15:38:29.690Z,14.979,-91.82,167,4.5,mb,19,118.6,,1.07,us,usp000h7d7,2014-11-07T01:40:43.147Z,"3 km WNW of San Marcos, Guatemala",earthquake,,7.6,,9,reviewed,us,us
2010-02-09T21:07:43.690Z,14.17,-92.02,67.9,4.2,mb,28,114.7,,0.73,us,usp000h74a,2014-11-07T01:40:41.427Z,"17 km SW of Champerico, Guatemala",earthquake,,11,,9,reviewed,us,us
2010-02-09T17:58:12.830Z,16.024,-92.4,206.4,4.9,mb,123,74.9,,1.2,us,usp000h745,2014-11-07T01:40:41.399Z,"10 km ENE of Rizo de Oro, Mexico",earthquake,,,,61,reviewed,us,us
2010-01-30T22:50:09.660Z,13.597,-88.337,197.7,4.8,mb,190,60.7,,0.9,us,usp000h6t2,2014-11-07T01:40:35.415Z,"5 km NNE of Lolotique, El Salvador",earthquake,,,,113,reviewed,us,us
2010-01-26T01:04:48.880Z,13.908,-91.965,35,4.4,mb,35,133.4,,1.43,us,usp000h6mk,2014-11-07T01:40:34.312Z,"43 km S of Champerico, Guatemala",earthquake,,,,18,reviewed,us,us
2010-01-26T00:08:14.330Z,13.951,-91.83,35.6,4.7,mb,87,132.7,,1.27,us,usp000h6mg,2014-11-07T01:40:34.302Z,"38 km SSE of Champerico, Guatemala",earthquake,,7.8,,47,reviewed,us,us
2010-01-18T19:35:56.500Z,13.71,-90.341,68.5,4.3,mb,38,77.8,,1.36,us,usp000h6a7,2014-11-07T01:40:30.358Z,"32 km SSW of Pasaco, Guatemala",earthquake,,,,11,reviewed,us,us
2010-01-18T15:40:26.440Z,13.728,-90.132,54.7,5.9,mwc,269,47.3,,1.43,us,usp000h69z,2022-07-16T00:33:03.798Z,"17 km SW of San Francisco Menéndez, El Salvador",earthquake,,,,,reviewed,us,gcmt
2010-01-11T23:30:44.470Z,15.437,-88.761,10,5.1,mwc,113,87.8,,1.41,us,usp000h5z8,2022-07-15T23:58:54.190Z,"9 km ESE of Morales, Guatemala",earthquake,,,,,reviewed,us,gcmt
2010-01-07T00:49:43.070Z,14.054,-92.261,35,4.1,mb,21,162.1,,1.47,us,usp000h5tb,2014-11-07T01:40:25.587Z,"46 km SW of Champerico, Guatemala",earthquake,,,,6,reviewed,us,us
2010-01-06T00:28:34.850Z,14.221,-91.875,67.8,5.2,mwc,239,72.8,,1.06,us,usp000h5se,2022-07-15T23:52:05.107Z,"8 km SSE of Champerico, Guatemala",earthquake,,4.8,,,reviewed,us,gcmt
2010-01-05T05:36:21.640Z,14.019,-91.878,47.6,5,mb,186,79.4,,0.94,us,usp000h5rc,2022-07-15T23:44:40.887Z,"30 km S of Champerico, Guatemala",earthquake,,5.9,,111,reviewed,us,us
2010-01-02T16:09:20.960Z,14.262,-92.435,45.9,4.9,mwc,156,99.9,,1.23,us,usp000h5me,2016-11-10T02:22:16.104Z,"37 km SW of Ocós, Guatemala",earthquake,,6.4,,,reviewed,us,gcmt
2009-12-23T05:11:47.050Z,13.828,-92.003,10,4.4,mb,33,162.3,,1.37,us,usp000h59h,2014-11-07T01:40:18.117Z,"52 km S of Champerico, Guatemala",earthquake,,,,10,reviewed,us,us
2009-12-18T07:42:54.330Z,13.816,-91.51,17.1,4.3,mb,44,174.7,,1.38,us,usp000h556,2014-11-07T01:40:17.296Z,"48 km SSW of Nueva Concepción, Guatemala",earthquake,,24,,25,reviewed,us,us
2009-12-07T02:02:37.400Z,14.012,-92.285,57.9,5.1,mb,125,95.1,,1.01,us,usp000h4u0,2014-11-07T01:40:14.752Z,"50 km SW of Champerico, Guatemala",earthquake,,9.3,,74,reviewed,us,us
2009-12-02T11:46:17.770Z,13.505,-90.627,35,5.1,mwc,141,95.8,,1.38,us,usp000h4ny,2022-07-15T22:00:21.562Z,"48 km S of Iztapa, Guatemala",earthquake,,,,,reviewed,us,gcmt
2009-11-30T02:43:50.800Z,14.048,-91.511,71.6,4.4,md,11,171.4,,,us,usp000h4kh,2014-11-07T01:40:09.807Z,"28 km SW of Nueva Concepción, Guatemala",earthquake,,,,,reviewed,unm,unm
2009-11-26T19:08:11.360Z,13.514,-89.907,56.8,5.9,mwb,435,25.6,,1.48,us,usp000h4fa,2022-07-15T21:47:10.338Z,"12 km SW of Acajutla, El Salvador",earthquake,,,,,reviewed,us,us
2009-11-21T21:18:46.930Z,14.198,-92.165,65.8,5.1,mwc,259,89.9,,0.93,us,usp000h49u,2025-12-22T15:41:54.736Z,"29 km WSW of Champerico, Guatemala",earthquake,,4.6,,,reviewed,us,gcmt
2009-11-10T15:19:27.790Z,14.388,-90.268,191.8,4.5,mb,23,96.9,,1.38,us,usp000h3xz,2014-11-07T01:40:05.873Z,"1 km NE of Nueva Santa Rosa, Guatemala",earthquake,,8.6,,6,reviewed,us,us
2009-11-10T10:55:01.750Z,13.897,-91.431,84.9,4.4,mb,46,187,,1.05,us,usp000h3xx,2014-11-07T01:40:05.867Z,"36 km SSW of Nueva Concepción, Guatemala",earthquake,,11.9,,18,reviewed,us,us
2009-11-07T14:08:52.220Z,14.859,-92.392,106.2,4.2,mb,31,151.1,,1.18,us,usp000h3u9,2014-11-07T01:40:05.074Z,"6 km E of Mazatán, Mexico",earthquake,,5.3,,9,reviewed,us,us
2009-11-07T11:04:41.390Z,13.836,-91.624,76.9,4.5,mb,53,187.5,,1.01,us,usp000h3u6,2014-11-07T01:40:05.054Z,"53 km SW of Nueva Concepción, Guatemala",earthquake,,10.7,,20,reviewed,us,us
2009-11-07T10:59:27.850Z,13.807,-91.574,81.3,4.2,mb,43,116.8,,1.01,us,usp000h3u5,2014-11-07T01:40:05.049Z,"52 km SW of Nueva Concepción, Guatemala",earthquake,,11.5,,16,reviewed,us,us
2009-10-18T16:19:47.090Z,15.921,-88.116,10,4.6,mb,55,95.9,,1.42,us,usp000h350,2022-07-15T19:32:19.463Z,"19 km NNW of Omoa, Honduras",earthquake,,,,24,reviewed,us,us
2009-10-09T07:32:50.600Z,17.015,-90.809,75.4,4.2,md,6,110.1,,,us,usp000h2n9,2014-11-07T01:39:54.196Z,"23 km NNE of Frontera Corozal, Mexico",earthquake,,,,,reviewed,unm,unm
2009-10-06T08:10:10.150Z,13.861,-90.496,113.1,4.5,mb,37,120.6,,1.04,us,usp000h2ef,2014-11-07T01:39:52.796Z,"23 km S of Taxisco, Guatemala",earthquake,,6.5,,16,reviewed,us,us
2009-10-04T20:13:32.940Z,13.972,-92.432,32.6,4.6,mb,63,164.4,,1.44,us,usp000h2ct,2014-11-07T01:39:52.464Z,"64 km SSW of Ocós, Guatemala",earthquake,,,,28,reviewed,us,us
2009-10-02T04:42:05.670Z,14.667,-91.021,168.9,4.8,mb,287,70.9,,1.11,us,usp000h27f,2014-11-07T01:39:51.055Z,"1 km SSW of Patzún, Guatemala",earthquake,,,,159,reviewed,us,us
2009-09-30T17:56:28.580Z,13.631,-90.433,87.3,4.2,mb,27,157.4,,1.22,us,usp000h23v,2014-11-07T01:39:46.500Z,"44 km SE of Iztapa, Guatemala",earthquake,,7.2,,6,reviewed,us,us
2009-09-25T12:20:37.510Z,14.159,-91.797,87.9,4.7,mb,140,71.9,,0.92,us,usp000h1uz,2014-11-07T01:39:44.788Z,"19 km SE of Champerico, Guatemala",earthquake,,5.9,,67,reviewed,us,us
2009-09-19T09:14:30.330Z,15.123,-91.206,10,4.2,mb,27,188.3,,0.76,us,usp000h1np,2022-07-15T17:51:52.724Z,"3 km E of Santa Lucia La Reforma, Guatemala",earthquake,,,,10,reviewed,us,us
2009-08-27T15:19:55.220Z,13.969,-91.311,65.5,4.1,mb,22,108.4,,1.14,us,usp000h0xn,2014-11-07T01:39:34.042Z,"25 km S of Nueva Concepción, Guatemala",earthquake,,15.1,,6,reviewed,us,us
2009-08-27T09:55:17.880Z,14.485,-90.468,184.9,4.2,mb,20,123.7,,1.11,us,usp000h0x9,2014-11-07T01:39:34.003Z,"3 km NW of Fraijanes, Guatemala",earthquake,,10.6,,6,reviewed,us,us
2009-08-26T23:53:47.000Z,13.88,-92.4,20,4.1,mb,23,181.1,,,us,usp000h0wt,2014-11-07T01:39:33.953Z,"69 km SW of Champerico, Guatemala",earthquake,,,,11,reviewed,unm,us
2009-08-25T05:58:12.550Z,13.703,-90.665,89.8,4.3,mb,61,100.6,,0.91,us,usp000h0uk,2014-11-07T01:39:33.573Z,"25 km S of Iztapa, Guatemala",earthquake,,10.8,,25,reviewed,us,us
2009-08-25T05:31:52.020Z,14.557,-92.116,119.6,4.4,mb,35,185.7,,1,us,usp000h0uf,2014-11-07T01:39:33.560Z,"9 km ESE of La Libertad, Mexico",earthquake,,12.9,,17,reviewed,us,us
2009-08-15T07:12:10.240Z,14.958,-91.396,166.3,4.3,mb,41,175.2,,1.19,us,usp000h0da,2014-11-07T01:39:30.710Z,"5 km ENE of San Francisco El Alto, Guatemala",earthquake,,19.1,,28,reviewed,us,us
2009-08-06T03:59:24.000Z,16.92,-92.2,124,4.6,mb,88,92,,,us,usp000h00z,2014-11-07T01:39:28.152Z,"6 km W of Sibacá, Mexico",earthquake,,,,14,reviewed,unm,us
2009-08-05T07:27:50.200Z,16.953,-91.913,10,4.1,mb,40,109.9,,1.1,us,usp000h001,2014-11-07T01:39:27.896Z,"6 km SE of Chiquinival, Mexico",earthquake,,,,22,reviewed,us,us
2009-07-13T06:29:49.900Z,14.4,-91.683,107.7,4.3,mb,40,152.3,,,us,usp000gz6p,2014-11-07T01:39:19.161Z,"15 km S of Retalhuleu, Guatemala",earthquake,,,,27,reviewed,unm,us
2009-07-01T13:49:10.280Z,13.921,-91.413,62,4.4,md,15,204,,0.94,us,usp000gyu5,2014-11-07T01:39:15.313Z,"33 km SSW of Nueva Concepción, Guatemala",earthquake,,9.5,,,reviewed,us,unm
2009-06-14T14:18:19.900Z,15.338,-90.576,42.6,5.1,mwc,239,105.4,,1.17,us,usp000gy6p,2022-07-15T11:55:40.962Z,"6 km S of San Cristóbal Verapaz, Guatemala",earthquake,,4.5,,,reviewed,us,gcmt
2009-05-28T00:23:43.950Z,14.403,-92.303,51.2,5.1,mwc,234,72,,1.28,us,usp000gxkb,2022-07-15T10:48:22.284Z,"16 km SW of Ocós, Guatemala",earthquake,,,,,reviewed,us,gcmt
2009-05-22T00:24:21.100Z,13.875,-90.742,69.1,5.5,mwc,282,60.4,,1.16,us,usp000gxd3,2025-12-22T15:25:23.721Z,"7 km SSW of Iztapa, Guatemala",earthquake,,,,,reviewed,us,us
2009-05-20T21:40:09.000Z,14.125,-90.949,137.2,4.2,md,11,166.4,,0.87,us,usp000gxbq,2014-11-07T01:38:59.803Z,"11 km S of La Democracia, Guatemala",earthquake,,10.4,,,reviewed,us,unm
2009-05-04T10:43:51.590Z,13.932,-89.463,41.8,4.2,mb,32,114.4,,1.03,us,usp000gwu0,2014-11-07T01:38:54.981Z,"4 km NE of El Congo, El Salvador",earthquake,,12.7,,12,reviewed,us,us
2009-05-04T05:17:57.240Z,13.934,-89.71,49.4,4.7,mb,76,87.4,,1.16,us,usp000gwtr,2022-07-15T09:24:56.894Z,"6 km SE of Atiquizaya, El Salvador",earthquake,,11.5,,49,reviewed,us,us
2009-05-03T21:59:47.530Z,14.547,-91.365,117.6,4.3,mb,31,68.7,,1.17,us,usp000gwtc,2014-11-07T01:38:54.676Z,"2 km N of San Miguel Panán, Guatemala",earthquake,,,,17,reviewed,us,us
2009-05-03T16:21:45.270Z,14.546,-91.143,108,6.3,mwc,451,53,,1.24,us,usp000gwt5,2022-07-15T09:23:16.442Z,"5 km S of San Lucas Tolimán, Guatemala",earthquake,,,,,reviewed,us,gcmt
2009-04-13T21:09:36.740Z,13.64,-90.968,70.8,4.3,mb,39,106.1,,1.33,us,usp000gw3q,2014-11-07T01:38:46.316Z,"35 km SSW of Puerto San José, Guatemala",earthquake,,12.4,,17,reviewed,us,us
2009-04-12T00:18:56.640Z,14.327,-90.537,10,4.3,mb,30,121.2,,1.31,us,usp000gw1t,2014-11-07T01:38:46.030Z,"12 km NNW of Pueblo Nuevo Viñas, Guatemala",earthquake,,,,7,reviewed,us,us
2009-04-07T20:50:10.910Z,14.395,-90.379,10,4.6,mb,42,88.4,,1.35,us,usp000gvw5,2022-07-15T07:21:41.536Z,"1 km NW of Santa Cruz Naranjo, Guatemala",earthquake,,,,28,reviewed,us,us
2009-04-07T15:13:59.830Z,14.213,-90.403,10,4.4,mb,25,88.3,,1.11,us,usp000gvvr,2022-07-15T07:26:33.332Z,"8 km E of Pueblo Nuevo Viñas, Guatemala",earthquake,,,,8,reviewed,us,us
2009-04-05T03:22:15.600Z,14.304,-90.425,10,4.9,mwc,75,107.3,,1.37,us,usp000gvsc,2022-07-15T07:04:22.981Z,"6 km W of Barberena, Guatemala",earthquake,,,,,reviewed,us,gcmt
2009-04-05T02:10:45.960Z,14.31,-90.555,10,4.4,mb,47,112.9,,1.26,us,usp000gvsb,2022-07-15T07:02:46.987Z,"12 km NW of Pueblo Nuevo Viñas, Guatemala",earthquake,,,,24,reviewed,us,us
2009-04-04T21:22:05.820Z,14.378,-90.413,10,5.2,mwc,94,93.9,,1.33,us,usp000gvs1,2022-07-15T07:01:09.392Z,"4 km WSW of Santa Cruz Naranjo, Guatemala",earthquake,,,,,reviewed,us,gcmt
2009-04-04T20:55:51.820Z,14.052,-90.574,10,4.5,mb,42,112.9,,1.31,us,usp000gvs0,2022-07-15T07:12:20.026Z,"11 km W of Taxisco, Guatemala",earthquake,,,,21,reviewed,us,us
2009-04-02T07:00:53.750Z,14.08,-92.222,21.9,4.5,mb,63,139.3,,1.38,us,usp000gvnz,2014-11-07T01:38:42.436Z,"40 km SW of Champerico, Guatemala",earthquake,,12.6,,26,reviewed,us,us
2009-04-01T15:31:30.450Z,13.531,-90.763,62.9,4.4,mb,27,107.6,,1.46,us,usp000gvnd,2014-11-07T01:38:42.194Z,"44 km S of Puerto San José, Guatemala",earthquake,,13.4,,1,reviewed,us,us
2009-03-30T07:08:30.740Z,14.211,-91.751,94.6,4.9,mb,163,93.5,,0.83,us,usp000gvj7,2014-11-07T01:38:38.622Z,"19 km ESE of Champerico, Guatemala",earthquake,,5.7,,91,reviewed,us,us
2009-03-28T07:36:55.200Z,15.331,-91.891,204.7,4.4,mb,32,78.4,,,us,usp000gvgh,2014-11-07T01:38:38.335Z,"10 km SE of Cuilco, Guatemala",earthquake,,,,16,reviewed,unm,us
2009-03-14T01:01:02.980Z,13.755,-89.92,132.5,4.5,mb,39,171.6,,0.98,us,usp000guz3,2022-07-15T05:54:36.550Z,"7 km WSW of Jujutla, El Salvador",earthquake,,15.6,,31,reviewed,us,us
2009-03-09T06:01:11.140Z,13.54,-90.57,49.8,5.4,mwc,255,49.2,,1.3,us,usp000gusg,2022-07-15T05:24:44.250Z,"45 km SSE of Iztapa, Guatemala",earthquake,,,,,reviewed,us,gcmt
2009-03-08T22:15:02.790Z,14.046,-91.356,59,5,mwc,183,64.6,,1.01,us,usp000gury,2022-07-15T05:23:01.467Z,"18 km SSW of Nueva Concepción, Guatemala",earthquake,,,,,reviewed,us,gcmt
2009-02-21T10:33:35.830Z,13.503,-88.433,198.9,4.7,mb,94,82.5,,1.06,us,usp000gu8e,2014-11-07T01:38:25.617Z,"4 km ENE of Santiago de María, El Salvador",earthquake,,,,36,reviewed,us,us
2009-01-22T14:03:13.800Z,15.189,-91.931,199.4,5.1,mb,155,68,,,us,usp000gszg,2014-11-07T01:38:14.380Z,"2 km N of Ixchiguán, Guatemala",earthquake,,,,73,reviewed,unm,us
2009-01-17T06:10:53.200Z,17.45,-91.844,10,4,md,14,136.2,,,us,usp000gsqv,2014-11-07T01:38:13.013Z,"9 km E of Doctor Samuel León Brindis, Mexico",earthquake,,,,,reviewed,unm,unm
2009-01-13T14:09:11.600Z,13.564,-89.823,73.6,4.2,md,12,289.3,,,us,usp000gshz,2014-11-07T01:38:11.764Z,"3 km S of Acajutla, El Salvador",earthquake,,,,,reviewed,snet,snet
2009-01-04T19:02:23.000Z,15.23,-92.055,177.7,4.7,mb,9,89.1,,,us,usp000gs69,2014-11-07T01:38:10.089Z,"1 km SE of Tacaná, Guatemala",earthquake,,,,2,reviewed,unm,us
2009-01-03T09:16:00.800Z,13.926,-91.737,61.2,4,md,9,325.8,,,us,usp000gs1v,2014-11-07T01:38:08.944Z,"44 km SSE of Champerico, Guatemala",earthquake,,,,,reviewed,unm,unm
2009-01-01T11:44:51.680Z,14.727,-91.388,169.1,4.7,mb,29,113.8,,1.17,us,usp000grz7,2014-11-07T01:38:07.332Z,"8 km SSW of Santa Catarina Ixtahuacán, Guatemala",earthquake,,6,,9,reviewed,us,us
2008-12-30T23:12:57.000Z,14.061,-92.205,9.8,4.3,md,4,327.5,,,us,usp000grw1,2014-11-07T01:38:04.767Z,"40 km SW of Champerico, Guatemala",earthquake,,,,,reviewed,unm,unm
2008-12-26T04:52:29.180Z,13.526,-90.379,66.4,3.8,mb,20,165.9,,1.33,us,usp000grgq,2014-11-07T01:38:02.947Z,"52 km SW of San Francisco Menéndez, El Salvador",earthquake,,10.9,,7,reviewed,us,us
2008-12-16T03:48:01.200Z,14.469,-92.374,76.5,3.9,md,6,283.7,,,us,usp000gqpv,2014-11-07T01:37:58.600Z,"17 km WSW of Brisas Barra de Suchiate, Mexico",earthquake,,,,,reviewed,unm,unm
2008-12-16T00:24:17.000Z,13.611,-90.081,81.3,4.5,mb,55,121.3,,,us,usp000gqpk,2014-11-07T01:37:58.565Z,"26 km SSW of San Francisco Menéndez, El Salvador",earthquake,,,,20,reviewed,snet,us
2008-12-15T05:44:28.360Z,14.32,-88.773,78.3,3.9,md,7,150.5,,1.03,us,usp000gqmt,2014-11-07T01:37:58.357Z,"12 km E of Cololaca, Honduras",earthquake,,14.3,,,reviewed,us,snet
2008-12-09T15:10:41.130Z,13.609,-91.17,51.4,3.6,mb,8,179,,1.39,us,usp000gq91,2014-11-07T01:37:56.221Z,"51 km SW of Puerto San José, Guatemala",earthquake,,19.1,,1,reviewed,us,us
2008-12-02T23:06:35.960Z,14.613,-92.26,91.1,4.4,md,24,130.8,,1.06,us,usp000gpug,2014-11-07T01:37:52.619Z,"7 km WNW of La Libertad, Mexico",earthquake,,5.5,,,reviewed,us,unm
2008-12-02T14:40:27.000Z,17.192,-91.732,47.4,4.1,mb,27,62.4,,,us,usp000gptr,2014-11-07T01:37:52.448Z,"7 km ESE of San Jerónimo Tulijá, Mexico",earthquake,,,,8,reviewed,unm,us
2008-11-24T00:29:01.030Z,14.403,-91.404,112.2,3.5,mb,16,165.9,,0.66,us,usp000gpap,2014-11-07T01:37:47.115Z,"5 km SSE of San José El Ídolo, Guatemala",earthquake,,11.7,,2,reviewed,us,us
2008-11-22T00:20:21.390Z,13.621,-88.202,195.7,3.8,mb,12,113.8,,1.13,us,usp000gp6c,2014-11-07T01:37:46.587Z,"5 km S of Guatajiagua, El Salvador",earthquake,,12.5,,4,reviewed,us,us
2008-11-18T01:38:51.280Z,13.792,-88.901,179.3,4.5,mb,35,113.7,,1.15,us,usp000gnyp,2014-11-07T01:37:45.582Z,"1 km ENE of San Martín, El Salvador",earthquake,,8.2,,7,reviewed,us,us
2008-11-11T15:05:55.730Z,14.028,-90.601,91.5,5.1,mwc,157,61.5,,1.08,us,usp000gnfg,2025-12-22T15:34:39.139Z,"15 km WSW of Taxisco, Guatemala",earthquake,,,,,reviewed,us,gcmt
2008-11-08T16:48:11.340Z,14.253,-91.712,72.2,4.1,mb,13,211,,1.26,us,usp000gn8c,2014-11-07T01:37:42.248Z,"22 km ESE of Champerico, Guatemala",earthquake,,14.1,,8,reviewed,us,us
2008-11-07T03:14:29.600Z,13.759,-88.71,10,3.6,md,13,145.1,,1.31,us,usp000gn4a,2014-11-07T01:37:41.647Z,"12 km NE of Apastepeque, El Salvador",earthquake,,,,,reviewed,us,snet
2008-11-02T23:19:29.000Z,13.72,-92.42,15,4.4,mb,49,207.2,,,us,usp000gmrt,2014-11-07T01:37:39.900Z,"83 km SW of Champerico, Guatemala",earthquake,,,,27,reviewed,unm,us
2008-11-02T03:51:19.760Z,14.03,-92.171,43.9,4.1,mb,34,102.3,,0.98,us,usp000gmnu,2014-11-07T01:37:38.745Z,"40 km SW of Champerico, Guatemala",earthquake,,11.7,,17,reviewed,us,us
2008-11-01T19:04:30.220Z,13.522,-90.624,64.8,4.2,mb,32,130.4,,1.6,us,usp000gmmq,2014-11-07T01:37:38.300Z,"46 km S of Iztapa, Guatemala",earthquake,,13.3,,9,reviewed,us,us
2008-10-25T08:24:46.100Z,14.117,-91.847,18.3,4.4,md,11,172.6,,,us,usp000gm04,2014-11-07T01:37:32.284Z,"20 km SSE of Champerico, Guatemala",earthquake,,,,,reviewed,unm,unm
2008-10-24T15:12:43.920Z,13.797,-90.559,35,3.3,mb,11,168.6,,1.62,us,usp000gky6,2014-11-07T01:37:32.048Z,"22 km SE of Iztapa, Guatemala",earthquake,,,,1,reviewed,us,us
2008-10-21T00:28:36.390Z,14.761,-92.233,112.7,3.3,mb,13,204.6,,0.47,us,usp000gkpx,2014-11-07T01:37:30.873Z,"5 km SSE of Guadalupe Victoria, Mexico",earthquake,,14.2,,4,reviewed,us,us
2008-10-19T11:45:57.900Z,13.795,-91.645,28.1,4.2,md,11,177.7,,,us,usp000gkjz,2014-11-07T01:37:30.411Z,"58 km SW of Nueva Concepción, Guatemala",earthquake,,,,,reviewed,unm,unm
2008-10-18T09:41:31.750Z,14.212,-90.356,193.7,4.4,mb,12,130.1,,1.05,us,usp000gkgt,2014-11-07T01:37:30.162Z,"9 km WNW of Santa María Ixhuatán, Guatemala",earthquake,,9.1,,1,reviewed,us,us
2008-10-18T09:19:12.000Z,17.612,-91.543,12.3,4.2,md,6,298.8,,,us,usp000gkgq,2014-11-07T01:37:30.146Z,"4 km S of General Luis Felipe Domínguez Suárez, Mexico",earthquake,,,,,reviewed,unm,unm
2008-10-16T19:41:25.720Z,14.423,-92.364,24,6.7,mwc,481,28.6,,1.17,us,usp000gkde,2022-07-14T20:56:26.854Z,"19 km SW of Brisas Barra de Suchiate, Mexico",earthquake,,,,,reviewed,us,us
2008-10-13T02:36:27.000Z,15.47,-92.06,213,4.1,md,14,115,,,us,usp000gk4m,2014-11-07T01:37:28.059Z,"6 km SE of Nuevo Amatenango, Mexico",earthquake,,,,,reviewed,unm,unm
2008-10-09T16:12:50.340Z,14.496,-89.009,23.9,4.1,mb,18,159.2,,1.37,us,usp000gjsr,2014-11-07T01:37:26.407Z,"1 km NW of La Labor, Honduras",earthquake,,24.4,,6,reviewed,us,us
2008-10-03T16:04:35.020Z,13.862,-92.307,25.9,4.4,mb,44,134.9,,1.22,us,usp000gj80,2014-11-07T01:37:23.097Z,"64 km SW of Champerico, Guatemala",earthquake,,16.2,,16,reviewed,us,us
2008-09-30T19:08:13.350Z,13.618,-91.536,60.2,4.3,mb,56,101.4,,1.25,us,usp000gj1f,2014-11-07T01:37:16.830Z,"69 km SSW of Nueva Concepción, Guatemala",earthquake,,7.5,,30,reviewed,us,us
2008-09-28T08:10:11.450Z,13.528,-91.939,16.2,4.3,mb,25,181.8,,1.47,us,usp000ghvn,2014-11-07T01:37:15.980Z,"84 km S of Champerico, Guatemala",earthquake,,27.8,,6,reviewed,us,us
2008-09-24T23:04:13.460Z,13.896,-92.268,35,3.3,mb,12,188.3,,0.79,us,usp000ghnp,2014-11-07T01:37:14.758Z,"58 km SW of Champerico, Guatemala",earthquake,,,,2,reviewed,us,us
2008-09-20T18:52:11.200Z,14.111,-91.184,129.5,4.2,md,4,312.5,,,us,usp000ghee,2014-11-07T01:37:13.854Z,"14 km WNW of La Gomera, Guatemala",earthquake,,,,,reviewed,unm,unm
2008-09-20T16:30:10.020Z,15.345,-91.675,211.4,4.7,mb,90,114.8,,1.11,us,usp000ghe5,2014-11-07T01:37:13.826Z,"5 km NW of Santa Bárbara, Guatemala",earthquake,,,,42,reviewed,us,us
2008-09-20T04:52:26.030Z,14.393,-92.098,58.4,5.2,mwc,286,79.8,,0.99,us,usp000ghd8,2022-07-14T20:30:38.212Z,"16 km SE of Ocós, Guatemala",earthquake,,,,,reviewed,us,gcmt
2008-09-19T09:03:08.500Z,16.86,-91.068,29.2,4,md,5,327.8,,,us,usp000ghbb,2014-11-07T01:37:13.362Z,"20 km WNW of Frontera Corozal, Mexico",earthquake,,,,,reviewed,unm,unm
2008-09-16T02:53:29.750Z,13.783,-91.189,56.6,4.7,mb,123,131.2,,0.95,us,usp000gh4j,2014-11-07T01:37:12.384Z,"36 km SSW of La Gomera, Guatemala",earthquake,,7.1,,74,reviewed,us,us
2008-09-15T03:35:37.560Z,14.02,-91.807,54.9,4.2,mb,43,174.9,,1.22,us,usp000gh2k,2014-11-07T01:37:12.126Z,"32 km SSE of Champerico, Guatemala",earthquake,,12.9,,23,reviewed,us,us
2008-09-06T17:48:15.190Z,13.762,-92.277,27.5,4.5,mb,58,162.8,,1.55,us,usp000ggj4,2014-11-07T01:37:08.437Z,"70 km SW of Champerico, Guatemala",earthquake,,21,,36,reviewed,us,us
2008-09-04T21:46:37.130Z,13.818,-91.611,35,3.8,mb,19,158,,1.56,us,usp000ggec,2014-11-07T01:37:07.804Z,"53 km SW of Nueva Concepción, Guatemala",earthquake,,,,4,reviewed,us,us
2008-09-04T21:39:29.030Z,13.69,-91.286,34.7,5.2,mwc,158,78.7,,1.31,us,usp000ggea,2025-12-22T15:07:50.882Z,"50 km SSW of La Gomera, Guatemala",earthquake,,11.5,,,reviewed,us,gcmt
2008-08-31T21:02:09.000Z,13.943,-92.188,13.4,4,md,4,179.7,,,us,usp000gg3s,2014-11-07T01:37:02.413Z,"48 km SW of Champerico, Guatemala",earthquake,,,,,reviewed,unm,unm
2008-08-18T19:11:50.500Z,14.245,-90.033,234.2,4.7,mb,95,103.1,,1.23,us,usp000geyr,2014-11-07T01:36:56.475Z,"2 km SSE of Quesada, Guatemala",earthquake,,,,59,reviewed,us,us
2008-08-17T17:17:33.270Z,13.892,-91.577,69.3,4.6,mb,95,108.8,,0.95,us,usp000gewh,2014-11-07T01:36:55.721Z,"45 km SW of Nueva Concepción, Guatemala",earthquake,,8.6,,64,reviewed,us,us
2008-08-17T14:25:08.190Z,14.548,-91.975,64.2,5,mwc,139,61.7,,1.22,us,usp000gew2,2025-12-22T15:07:15.936Z,"15 km SW of Flores Costa Cuca, Guatemala",earthquake,,,,,reviewed,us,gcmt
2008-08-16T01:59:56.160Z,14.074,-91.494,35,3.7,mb,15,300.6,,0.89,us,usp000ges8,2014-11-07T01:36:54.404Z,"25 km WSW of Nueva Concepción, Guatemala",earthquake,,,,7,reviewed,us,us
2008-08-16T01:57:20.620Z,13.622,-91.862,10.1,4.2,md,28,173.7,,1.24,us,usp000ges7,2014-11-07T01:36:54.399Z,"74 km S of Champerico, Guatemala",earthquake,,33.2,,,reviewed,us,unm
2008-08-16T01:46:38.990Z,13.889,-91.572,58.5,4.7,mb,105,177.9,,0.94,us,usp000ges6,2014-11-07T01:36:54.386Z,"45 km SW of Nueva Concepción, Guatemala",earthquake,,7.1,,65,reviewed,us,us
2008-08-16T01:31:24.860Z,13.974,-91.198,73.1,3.9,mb,22,177.6,,0.98,us,usp000ges3,2014-11-07T01:36:54.375Z,"19 km SW of La Gomera, Guatemala",earthquake,,11.1,,9,reviewed,us,us
2008-08-16T00:10:13.930Z,13.607,-91.757,13.2,4.3,mb,44,161.9,,1.29,us,usp000gerx,2014-11-07T01:36:54.355Z,"77 km SSE of Champerico, Guatemala",earthquake,,27.1,,26,reviewed,us,us
2008-08-12T23:15:04.290Z,15.307,-90.787,105.2,4.4,mb,13,166.6,,0.95,us,usp000geh8,2014-11-07T01:36:53.441Z,"4 km SSE of Chicamán, Guatemala",earthquake,,13.2,,5,reviewed,us,us
2008-07-31T09:33:52.030Z,13.544,-90.665,59.6,4.6,mb,109,88,,1.17,us,usp000gdhk,2014-11-07T01:36:44.754Z,"43 km S of Iztapa, Guatemala",earthquake,,7.3,,68,reviewed,us,us
2008-07-28T12:59:36.900Z,14.114,-91.344,71.5,3.6,mb,8,169.7,,1.03,us,usp000gdaz,2014-11-07T01:36:43.681Z,"10 km SSW of Nueva Concepción, Guatemala",earthquake,,20.5,,1,reviewed,us,us
2008-07-23T17:29:46.440Z,14.343,-90.776,10,4,mb,11,180.5,,1.24,us,usp000gd00,2014-11-07T01:36:42.234Z,"4 km NNE of Escuintla, Guatemala",earthquake,,,,3,reviewed,us,us
2008-07-18T23:43:41.740Z,13.682,-89.627,86.7,3.4,mb,11,148.6,,1.49,us,usp000gcj2,2014-11-07T01:36:40.064Z,"8 km SE of Izalco, El Salvador",earthquake,,13.4,,1,reviewed,us,us
2008-07-09T11:57:37.300Z,14.36,-90.084,75.2,4.1,md,5,197.7,,,us,usp000gbqy,2014-11-07T01:36:36.068Z,"10 km NNW of Quesada, Guatemala",earthquake,,,,,reviewed,unm,unm
2008-07-09T03:23:06.400Z,13.803,-92.156,19.7,4,md,4,333.3,,,us,usp000gbpu,2014-11-07T01:36:35.934Z,"60 km SSW of Champerico, Guatemala",earthquake,,,,,reviewed,unm,unm
2008-07-07T04:43:57.710Z,13.609,-91.586,39.2,4.6,md,16,178.2,,1.38,us,usp000gbhf,2014-11-07T01:36:35.257Z,"72 km SSW of Nueva Concepción, Guatemala",earthquake,,13.4,,,reviewed,us,unm
2008-07-06T11:22:50.910Z,14.443,-89.925,235.6,4.3,mb,33,155.5,,1.02,us,usp000gbfk,2014-11-07T01:36:35.011Z,"8 km SW of Monjas, Guatemala",earthquake,,8.4,,20,reviewed,us,us
2008-07-05T07:04:52.600Z,14.881,-92.445,97.3,4.1,md,6,290.1,,,us,usp000gbcf,2014-11-07T01:36:34.506Z,"2 km NNE of Mazatán, Mexico",earthquake,,,,,reviewed,unm,unm
2008-07-01T08:49:18.100Z,16.435,-90.621,30,4.4,mb,55,119,,,us,usp000gb2a,2014-11-07T01:36:31.585Z,"9 km SSE of Benemérito de las Américas, Mexico",earthquake,,,,36,reviewed,unm,us
2008-07-01T04:45:29.200Z,14.836,-92.015,80,4.4,md,4,161.3,,,us,usp000gb1w,2014-11-07T01:36:31.481Z,"6 km ESE of Catarina, Guatemala",earthquake,,,,,reviewed,unm,unm
2008-06-13T03:00:48.810Z,14.389,-91.473,93.3,5,mwc,140,72.2,,1.24,us,usp000g9dv,2025-12-22T15:04:41.628Z,"8 km SW of San José El Ídolo, Guatemala",earthquake,,,,,reviewed,us,gcmt
2008-06-09T15:00:32.240Z,14.153,-91.166,90,3.9,mb,22,121.8,,1.28,us,usp000g913,2014-11-07T01:36:17.392Z,"14 km WNW of La Gomera, Guatemala",earthquake,,11.6,,5,reviewed,us,us
2008-06-06T07:41:29.550Z,14.428,-90.149,243.7,4,mb,15,161.1,,1.46,us,usp000g8q4,2014-11-07T01:36:15.439Z,"6 km SSE of San Rafael Las Flores, Guatemala",earthquake,,11.3,,7,reviewed,us,us
2008-06-06T03:29:52.320Z,13.668,-91.106,89.4,4.3,mb,91,176.8,,0.9,us,usp000g8pq,2014-11-07T01:36:15.380Z,"42 km SW of Puerto San José, Guatemala",earthquake,,8.7,,58,reviewed,us,us
2008-06-06T01:23:47.400Z,13.634,-91.142,81.7,4.1,mb,21,187,,0.73,us,usp000g8pb,2014-11-07T01:36:15.321Z,"47 km SW of Puerto San José, Guatemala",earthquake,,12.1,,6,reviewed,us,us
2008-06-06T01:07:40.080Z,13.578,-91.166,80.8,4.1,mb,28,185.7,,0.86,us,usp000g8p8,2014-11-07T01:36:15.312Z,"53 km SW of Puerto San José, Guatemala",earthquake,,12.7,,13,reviewed,us,us
2008-05-31T08:45:51.900Z,16.315,-90.518,20,4,md,7,283.5,,,us,usp000g86v,2014-11-07T01:36:08.393Z,"11 km ENE of Emiliano Zapata, Mexico",earthquake,,,,,reviewed,unm,unm
2008-05-31T08:05:30.500Z,16.319,-90.651,25,4.8,mb,163,108.2,,,us,usp000g86p,2014-11-07T01:36:08.364Z,"4 km NW of Emiliano Zapata, Mexico",earthquake,,,,104,reviewed,unm,us
2008-05-31T07:44:12.600Z,16.718,-90.518,20,4.3,md,11,129.8,,,us,usp000g86k,2014-11-07T01:36:08.255Z,"26 km NNE of Benemérito de las Américas, Mexico",earthquake,,,,,reviewed,unm,unm
2008-05-27T11:27:55.800Z,13.616,-91.02,26,5.7,mwc,258,51.5,,1.32,us,usp000g7wm,2022-05-02T20:31:41.891Z,"40 km SSW of Puerto San José, Guatemala",earthquake,,,,,reviewed,us,us
2008-05-26T10:34:35.070Z,13.75,-91.245,60.8,4.3,mb,43,95.8,,1.34,us,usp000g7ty,2014-11-07T01:36:06.523Z,"42 km SSW of La Gomera, Guatemala",earthquake,,9.3,,17,reviewed,us,us
2008-05-26T06:26:12.730Z,14.16,-89.189,10,4,md,5,191.4,,0.39,us,usp000g7tq,2014-11-07T01:36:06.507Z,"12 km ENE of Nueva Concepción, El Salvador",earthquake,,,,,reviewed,us,snet
2008-05-26T00:33:20.780Z,13.902,-89.368,22.5,4.9,mwc,53,142.4,,1.11,us,usp000g7t6,2016-11-10T01:56:29.893Z,"3 km NNW of San Juan Opico, El Salvador",earthquake,,16.6,,,reviewed,us,gcmt
2008-05-25T05:45:12.700Z,15.288,-91.894,198.6,5,mwc,134,83.2,,,us,usp000g7qt,2016-11-10T01:56:27.413Z,"7 km NW of Concepción Tutuapa, Guatemala",earthquake,,,,,reviewed,unm,gcmt
2008-05-25T04:17:05.680Z,14.407,-91.451,87.6,4.3,mb,61,167.3,,1.37,us,usp000g7qm,2014-11-07T01:36:06.058Z,"5 km SSW of San José El Ídolo, Guatemala",earthquake,,,,34,reviewed,us,us
2008-05-21T15:16:25.880Z,13.776,-92.404,26.6,4.3,md,11,163.3,,1.29,us,usp000g7dv,2014-11-07T01:36:04.174Z,"78 km SW of Champerico, Guatemala",earthquake,,36.3,,,reviewed,us,unm
2008-05-20T07:25:56.300Z,16.972,-91.192,15.8,4.2,md,4,320.5,,,us,usp000g7a5,2014-11-07T01:36:03.646Z,"15 km ESE of Nuevo Francisco León, Mexico",earthquake,,,,,reviewed,unm,unm
2008-05-18T19:44:15.680Z,13.821,-90.643,84.1,4.2,mb,42,107.5,,1.21,us,usp000g76e,2014-11-07T01:36:03.070Z,"14 km SSE of Iztapa, Guatemala",earthquake,,7.8,,15,reviewed,us,us
2008-05-18T10:27:44.000Z,14.445,-91.993,79.6,4.4,md,11,168.7,,,us,usp000g754,2014-11-07T01:36:02.408Z,"18 km NNW of Champerico, Guatemala",earthquake,,,,,reviewed,unm,unm
2008-05-01T00:02:53.700Z,14.643,-91.342,187,4.2,mb,20,80.4,,,us,usp000g57h,2014-11-07T01:35:46.983Z,"7 km E of Santo Tomás La Unión, Guatemala",earthquake,,,,3,reviewed,unm,us
2008-04-21T09:18:52.000Z,13.901,-88.727,203.4,4.3,mb,42,162.5,,0.97,us,usp000g4fu,2014-11-07T01:35:41.215Z,"10 km WNW of Sensuntepeque, El Salvador",earthquake,,7.4,,24,reviewed,us,us
2008-04-18T07:03:08.180Z,14.489,-90.646,185.8,4,mb,29,114.3,,1.2,us,usp000g47e,2014-11-07T01:35:39.823Z,"1 km NW of Amatitlán, Guatemala",earthquake,,6.6,,7,reviewed,us,us
2008-04-18T04:52:16.340Z,13.991,-92.096,47.1,4.2,mb,41,186.2,,1.24,us,usp000g477,2014-11-07T01:35:39.774Z,"38 km SSW of Champerico, Guatemala",earthquake,,11.2,,25,reviewed,us,us
2008-04-17T21:10:54.980Z,14.239,-91.016,78.2,3.7,mb,7,197.2,,0.87,us,usp000g46d,2014-11-07T01:35:39.687Z,"7 km W of La Democracia, Guatemala",earthquake,,19.7,,1,reviewed,us,us
2008-04-17T08:38:03.300Z,13.732,-91.549,72.3,4,md,6,268,,,us,usp000g457,2014-11-07T01:35:39.315Z,"58 km SSW of Nueva Concepción, Guatemala",earthquake,,,,,reviewed,unm,unm
2008-04-17T07:29:42.820Z,16.281,-89.469,10,4.5,mb,13,190.5,,0.7,us,usp000g452,2014-11-07T01:35:39.262Z,"7 km SW of Poptún, Guatemala",earthquake,,,,13,reviewed,us,us
2008-04-17T04:19:31.470Z,13.64,-90.889,35,4.2,md,6,182.7,,0.95,us,usp000g44q,2014-11-07T01:35:39.234Z,"32 km SSW of Puerto San José, Guatemala",earthquake,,,,,reviewed,us,unm
2008-04-17T00:29:10.000Z,14.55,-92.37,74,4.1,md,17,181.8,,,us,usp000g447,2014-11-07T01:35:38.812Z,"15 km W of Brisas Barra de Suchiate, Mexico",earthquake,,,,,reviewed,unm,unm
2008-04-16T18:10:46.700Z,14.622,-92.111,102.7,3.9,md,7,280.2,,,us,usp000g43e,2014-11-07T01:35:38.235Z,"6 km SSE of Ciudad Tecún Umán, Guatemala",earthquake,,,,,reviewed,unm,unm
2008-04-16T02:48:17.900Z,14.277,-91.563,84.9,4,mb,12,190.8,,1.3,us,usp000g41g,2014-11-07T01:35:37.945Z,"21 km W of Tiquisate, Guatemala",earthquake,,11.2,,2,reviewed,us,us
2008-04-15T03:03:04.660Z,13.564,-90.599,33,6.1,mwc,372,25.5,,1.4,us,usp000g3y3,2022-05-02T20:44:03.234Z,"42 km SSE of Iztapa, Guatemala",earthquake,,,,,reviewed,us,us
2008-04-12T13:21:27.900Z,13.81,-92.352,16,4.3,md,12,183.7,,,us,usp000g3ry,2014-11-07T01:35:36.356Z,"71 km SW of Champerico, Guatemala",earthquake,,,,,reviewed,unm,unm
2008-04-12T11:48:02.200Z,15.226,-91.136,60.1,4.2,md,8,248.8,,,us,usp000g3rs,2014-11-07T01:35:36.299Z,"7 km WNW of San Bartolomé Jocotenango, Guatemala",earthquake,,,,,reviewed,unm,unm
2008-04-09T20:18:58.000Z,15.532,-90.599,26.6,4.1,md,7,331.5,,,us,usp000g3gb,2014-11-07T01:35:34.535Z,"15 km NNW of San Cristóbal Verapaz, Guatemala",earthquake,,,,,reviewed,unm,unm
2008-04-07T10:27:20.560Z,13.874,-88.726,106.4,4.2,mb,7,186.9,,0.89,us,usp000g39s,2014-11-07T01:35:33.027Z,"10 km W of Sensuntepeque, El Salvador",earthquake,,21.7,,1,reviewed,us,us
2008-04-06T22:09:16.070Z,14.307,-91.332,90.2,4.3,md,20,166.2,,1.22,us,usp000g38h,2014-11-07T01:35:32.655Z,"4 km NE of Tiquisate, Guatemala",earthquake,,8.4,,,reviewed,us,unm
2008-04-06T20:50:44.290Z,14.479,-90.548,181.8,4.7,mb,37,132.4,,1.1,us,usp000g38a,2014-11-07T01:35:32.585Z,"1 km WSW of Villa Canales, Guatemala",earthquake,,8.8,,15,reviewed,us,us
2008-04-04T12:11:55.230Z,14.071,-91.086,84,5,mwc,250,60.7,,1.17,us,usp000g33m,2025-12-22T15:28:52.203Z,"3 km WSW of La Gomera, Guatemala",earthquake,,4.9,,,reviewed,us,gcmt
2008-04-04T02:11:31.600Z,13.844,-91.981,22.5,4,md,14,177.5,,,us,usp000g32v,2014-11-07T01:35:30.185Z,"50 km S of Champerico, Guatemala",earthquake,,,,,reviewed,unm,unm
2008-03-31T21:18:16.600Z,14.124,-91.741,82.3,4.4,mb,66,81.6,,,us,usp000g2ue,2014-11-07T01:35:22.618Z,"26 km SE of Champerico, Guatemala",earthquake,,,,19,reviewed,unm,us
2008-03-30T15:17:25.830Z,13.877,-92.103,20.3,4.4,mb,34,163.4,,1.18,us,usp000g2qv,2014-11-07T01:35:21.324Z,"Near the coast of Guatemala",earthquake,,19.7,,17,reviewed,us,us
2008-03-29T03:40:36.700Z,13.816,-91.331,54.4,4.2,md,24,156.6,,,us,usp000g2ky,2014-11-07T01:35:20.540Z,"42 km SW of La Gomera, Guatemala",earthquake,,,,,reviewed,unm,unm
2008-03-26T00:43:06.500Z,14.715,-92.043,119.1,3.9,md,5,252.8,,,us,usp000g2cd,2014-11-07T01:35:19.335Z,"1 km SW of Pajapita, Guatemala",earthquake,,,,,reviewed,unm,unm
2008-03-24T13:03:11.600Z,13.803,-91.983,30,4.3,md,6,265.7,,,us,usp000g284,2014-11-07T01:35:18.777Z,"54 km S of Champerico, Guatemala",earthquake,,,,,reviewed,unm,unm
2008-03-24T06:23:24.800Z,14.037,-92.148,28.7,4.2,md,5,292.6,,,us,usp000g272,2014-11-07T01:35:18.687Z,"38 km SW of Champerico, Guatemala",earthquake,,,,,reviewed,unm,unm
2008-03-23T21:07:31.120Z,14.411,-90.45,37.4,4.1,md,7,175.8,,0.35,us,usp000g25q,2014-11-07T01:35:18.510Z,"6 km S of Fraijanes, Guatemala",earthquake,,15.2,,,reviewed,us,unm
2008-03-22T17:52:24.900Z,14.423,-92.375,65.9,4.4,md,10,256.6,,,us,usp000g22f,2014-11-07T01:35:17.828Z,"20 km SW of Brisas Barra de Suchiate, Mexico",earthquake,,,,,reviewed,unm,unm
2008-03-13T08:27:37.400Z,14.644,-90.395,102.9,4.3,md,8,262.5,,,us,usp000g1cx,2014-11-07T01:35:14.962Z,"4 km WSW of Palencia, Guatemala",earthquake,,,,,reviewed,unm,unm
2008-03-13T05:23:42.400Z,14.104,-92.473,17.9,4.3,md,6,260.6,,,us,usp000g1ce,2014-11-07T01:35:14.917Z,"54 km SW of Ocós, Guatemala",earthquake,,,,,reviewed,unm,unm
2008-03-10T14:07:51.620Z,13.67,-91.512,50.3,4.2,md,9,268.8,,1.65,us,usp000g15j,2014-11-07T01:35:13.681Z,"62 km SSW of Nueva Concepción, Guatemala",earthquake,,27,,,reviewed,us,unm
2008-03-09T17:49:33.000Z,14.112,-91.55,88.6,4.2,md,5,263.7,,,us,usp000g12g,2014-11-07T01:35:13.339Z,"27 km SW of Tiquisate, Guatemala",earthquake,,,,,reviewed,unm,unm
2008-03-07T21:37:01.800Z,16.517,-90.716,23.6,4,md,4,228.7,,,us,usp000g0xt,2014-11-07T01:35:12.525Z,"6 km W of Benemérito de las Américas, Mexico",earthquake,,,,,reviewed,unm,unm
2008-03-07T17:49:48.060Z,13.569,-92.049,10,4.3,mb,22,163.5,,1.51,us,usp000g0x9,2014-11-07T01:35:12.441Z,"81 km S of Champerico, Guatemala",earthquake,,,,6,reviewed,us,us
2008-03-05T18:48:52.000Z,13.959,-91.524,69.5,4,md,7,305.9,,,us,usp000g0t0,2014-11-07T01:35:11.581Z,"36 km SW of Nueva Concepción, Guatemala",earthquake,,,,,reviewed,unm,unm
2008-03-01T04:59:41.070Z,14.128,-92.136,41.8,4.1,mb,27,185.2,,1.17,us,usp000g0bq,2014-11-07T01:35:07.743Z,"30 km SW of Champerico, Guatemala",earthquake,,13.3,,16,reviewed,us,us
2008-02-28T13:19:53.270Z,13.652,-90.46,81.3,3.8,md,11,188.1,,1.52,us,usp000g07e,2014-11-07T01:35:04.863Z,"41 km SE of Iztapa, Guatemala",earthquake,,15.4,,,reviewed,us,snet
2008-02-25T07:19:26.310Z,14.263,-89.732,192,4.3,mb,12,170.5,,1.27,us,usp000fzwz,2014-11-07T01:35:03.326Z,"8 km SSW of Asunción Mita, Guatemala",earthquake,,14.1,,2,reviewed,us,us
2008-02-24T10:22:20.430Z,13.682,-91.206,57.7,4.3,mb,30,88.6,,1.35,us,usp000fzuf,2014-11-07T01:35:03.031Z,"47 km SSW of La Gomera, Guatemala",earthquake,,12.6,,14,reviewed,us,us
2008-02-19T21:36:56.250Z,14.819,-90.858,208.3,3.8,mb,20,112.5,,0.98,us,usp000fz92,2014-11-07T01:34:58.954Z,"5 km E of San José Poaquil, Guatemala",earthquake,,8.2,,4,reviewed,us,us
2008-02-07T17:46:32.600Z,14.461,-92.023,92.7,4,md,6,292.2,,,us,usp000fyd3,2014-11-07T01:34:54.735Z,"19 km ESE of Ocós, Guatemala",earthquake,,,,,reviewed,unm,unm
2008-02-07T16:35:52.050Z,13.583,-89.656,110.5,4.5,md,10,163.7,,1.44,us,usp000fycx,2014-11-07T01:34:54.724Z,"16 km SSE of Sonsonate, El Salvador",earthquake,,12.7,,,reviewed,us,snet
2008-02-05T11:50:21.170Z,14.279,-90.558,135.8,4,mb,13,117.7,,1.15,us,usp000fy7t,2014-11-07T01:34:54.121Z,"10 km WNW of Pueblo Nuevo Viñas, Guatemala",earthquake,,9.6,,2,reviewed,us,us
2008-02-02T04:16:03.500Z,15.424,-92.092,221.2,4,md,7,278.5,,,us,usp000fxz0,2014-11-07T01:34:51.913Z,"2 km ESE of Amatenango de la Frontera, Mexico",earthquake,,,,,reviewed,unm,unm
2008-01-26T04:24:26.100Z,13.869,-92.071,31.8,4.4,md,9,177.7,,,us,usp000fxg8,2014-11-07T01:34:46.092Z,"49 km SSW of Champerico, Guatemala",earthquake,,,,,reviewed,unm,unm
2008-01-24T14:19:00.020Z,13.611,-89.447,104,3.9,mb,12,177.7,,1.31,us,usp000fxc0,2014-11-07T01:34:45.643Z,"15 km SSE of Armenia, El Salvador",earthquake,,13.3,,3,reviewed,us,us
2008-01-14T09:16:22.000Z,15.7,-92.361,196.7,4,mb,24,87.4,,,us,usp000fwq0,2014-11-07T01:34:42.072Z,"6 km WNW of Piedra Labrada, Mexico",earthquake,,,,2,reviewed,unm,us
2008-01-12T08:30:25.200Z,13.99,-92.3,35,4.3,md,5,289.8,,,us,usp000fwhr,2014-11-07T01:34:40.832Z,"53 km SW of Champerico, Guatemala",earthquake,,,,,reviewed,unm,unm
2008-01-11T16:39:27.200Z,13.606,-90.436,85.9,4.3,mb,46,96.2,,1.42,us,usp000fwg3,2014-11-07T01:34:40.310Z,"46 km SE of Iztapa, Guatemala",earthquake,,7.5,,16,reviewed,us,us
2008-01-11T01:09:17.990Z,13.605,-89.765,98,4.2,mb,28,114.7,,1.34,us,usp000fwep,2014-11-07T01:34:40.175Z,"6 km ENE of Acajutla, El Salvador",earthquake,,9.1,,11,reviewed,us,us
2008-01-10T18:04:21.150Z,14.183,-89.835,237,4.8,mb,78,72.4,,1.11,us,usp000fwdt,2014-11-07T01:34:40.060Z,"1 km NNW of El Adelanto, Guatemala",earthquake,,,,43,reviewed,us,us
2008-01-07T17:27:04.050Z,14.185,-90.952,95,4.7,mb,20,116.1,,1.16,us,usp000fw6q,2014-11-07T01:34:38.086Z,"4 km S of La Democracia, Guatemala",earthquake,,9.9,,2,reviewed,us,us
2008-01-07T05:51:49.820Z,15.563,-88.905,10,4.2,mb,36,139.4,,0.99,us,usp000fw5n,2014-11-07T01:34:37.947Z,"12 km NW of Morales, Guatemala",earthquake,,,,18,reviewed,us,us
2008-01-06T17:37:15.720Z,14.033,-91.652,68.5,3.7,mb,12,160.7,,1.32,us,usp000fw40,2014-11-07T01:34:37.762Z,"40 km SE of Champerico, Guatemala",earthquake,,15.1,,1,reviewed,us,us
2008-01-06T16:55:17.760Z,14.078,-91.561,65.8,5.1,mwc,192,79.2,,1.23,us,usp000fw3y,2025-12-22T15:32:14.341Z,"31 km WSW of Nueva Concepción, Guatemala",earthquake,,,,,reviewed,us,gcmt
2008-01-05T01:56:45.460Z,14.129,-91.479,66.2,5.6,mwc,357,27.6,,1.45,us,usp000fvzw,2022-05-02T20:56:25.218Z,"20 km WSW of Nueva Concepción, Guatemala",earthquake,,,,,reviewed,us,us
2007-12-31T22:00:29.350Z,13.698,-90.798,65.7,5,mwc,160,89.6,,1.02,us,usp000fvrb,2025-12-22T15:32:06.308Z,"25 km S of Puerto San José, Guatemala",earthquake,,5.5,,,reviewed,us,gcmt
2007-12-24T13:38:22.300Z,14.131,-92.473,16.3,4,md,4,262.4,,,us,usp000fv5b,2014-11-07T01:34:28.651Z,"51 km SW of Ocós, Guatemala",earthquake,,,,,reviewed,unm,unm
2007-12-17T22:23:48.720Z,14.341,-90.011,255.6,4.6,mb,53,105.8,,1.3,us,usp000funm,2014-11-07T01:34:26.272Z,"8 km NNE of Quesada, Guatemala",earthquake,,7.1,,19,reviewed,us,us
2007-12-17T18:47:18.800Z,14.01,-92.153,19.1,4.1,mb,11,292.7,,,us,usp000fune,2014-11-07T01:34:26.246Z,"40 km SW of Champerico, Guatemala",earthquake,,,,1,reviewed,unm,us
2007-12-16T11:06:03.180Z,14.147,-92.193,51.3,4.6,mb,48,151.6,,1.41,us,usp000fujr,2014-11-07T01:34:25.968Z,"34 km WSW of Champerico, Guatemala",earthquake,,8.5,,26,reviewed,us,us
2007-12-14T02:38:30.400Z,15.177,-91.478,272.4,4.5,mb,32,102.4,,,us,usp000fudx,2014-11-07T01:34:25.327Z,"7 km SSE of Malacatancito, Guatemala",earthquake,,,,13,reviewed,unm,us
2007-12-09T11:15:36.400Z,14.006,-92.1,38,4.1,md,7,293.8,,,us,usp000fu42,2014-11-07T01:34:22.725Z,"37 km SSW of Champerico, Guatemala",earthquake,,,,,reviewed,unm,unm
2007-12-04T20:31:18.500Z,15.422,-92.166,188.2,4.2,md,4,273.8,,,us,usp000ftuy,2014-11-07T01:34:21.298Z,"3 km SSW of Bejucal de Ocampo, Mexico",earthquake,,,,,reviewed,unm,unm
2007-12-01T01:39:31.030Z,14.945,-90.966,248.6,4.5,mb,15,147.8,,1.14,us,usp000ftmp,2014-11-07T01:34:18.390Z,"12 km SSE of Chinique, Guatemala",earthquake,,13.5,,4,reviewed,us,us
2007-11-17T23:09:41.900Z,13.828,-91.899,35,4.6,md,8,299.1,,,us,usp000fste,2014-11-07T01:34:11.593Z,"51 km S of Champerico, Guatemala",earthquake,,,,,reviewed,unm,unm
2007-11-14T17:35:41.250Z,13.8,-90.748,57,5.2,mb,198,61,,1.46,us,usp000fsjh,2022-07-14T01:18:46.251Z,"15 km SSW of Iztapa, Guatemala",earthquake,,,,68,reviewed,us,us
2007-11-10T04:56:27.600Z,15.573,-92.447,191.9,4.1,md,6,173.2,,,us,usp000fs9z,2014-11-07T01:34:08.985Z,"13 km W of Siltepec, Mexico",earthquake,,,,,reviewed,unm,unm
2007-10-29T04:31:07.440Z,14.701,-90.888,206.8,4.7,mb,61,141.5,,1.08,us,usp000frh4,2014-11-07T01:34:00.375Z,"3 km ENE of Santa Cruz Balanyá, Guatemala",earthquake,,,,24,reviewed,us,us
2007-10-28T09:30:10.330Z,15.281,-88.989,10,4.1,mb,10,137.3,,1.35,us,usp000frf2,2014-11-07T01:34:00.173Z,"11 km ENE of Los Amates, Guatemala",earthquake,,,,2,reviewed,us,us
2007-10-26T18:28:26.730Z,14.148,-92.198,35.4,4.6,mb,75,99.6,,1.5,us,usp000fram,2014-11-07T01:33:59.679Z,"34 km WSW of Champerico, Guatemala",earthquake,,8.1,,29,reviewed,us,us
2007-10-21T16:31:03.920Z,13.712,-89.833,105.5,4.7,mb,41,125,,1.25,us,usp000fr0r,2014-11-07T01:33:58.269Z,"4 km SSE of Guaymango, El Salvador",earthquake,,8,,19,reviewed,us,us
2007-10-14T00:41:56.000Z,13.904,-91.691,15,4.1,md,4,216.2,,,us,usp000fqg9,2014-11-07T01:33:55.661Z,"49 km SSE of Champerico, Guatemala",earthquake,,,,,reviewed,unm,unm
2007-10-13T14:56:26.400Z,13.695,-92.351,10.3,4.1,md,16,149.2,,,us,usp000fqfd,2014-11-07T01:33:55.459Z,"81 km SW of Champerico, Guatemala",earthquake,,,,,reviewed,unm,unm
2007-10-12T11:13:17.000Z,13.811,-92.423,20,4.4,md,10,135.5,,,us,usp000fqcr,2014-11-07T01:33:55.088Z,"76 km SW of Champerico, Guatemala",earthquake,,,,,reviewed,unm,unm
2007-10-11T17:45:42.000Z,13.62,-92.194,18.7,4.5,mb,61,176.5,,,us,usp000fqb9,2014-11-07T01:33:54.687Z,"80 km SSW of Champerico, Guatemala",earthquake,,,,21,reviewed,unm,us
2007-10-11T16:50:41.300Z,13.859,-92.209,6.5,4.2,mb,23,160.8,,1.15,us,usp000fqb7,2014-11-07T01:33:54.679Z,"57 km SSW of Champerico, Guatemala",earthquake,,24.4,,5,reviewed,us,us
2007-10-11T16:29:04.710Z,13.735,-92.303,18.4,4.1,mb,22,161.5,,1.54,us,usp000fqb6,2014-11-07T01:33:54.676Z,"74 km SW of Champerico, Guatemala",earthquake,,28.2,,8,reviewed,us,us
2007-10-11T16:16:57.990Z,13.93,-91.844,14.2,5.2,mwc,123,138.2,,1.16,us,usp000fqb3,2022-05-02T20:46:58.757Z,"40 km S of Champerico, Guatemala",earthquake,,12.3,,,reviewed,us,gcmt
2007-10-11T14:52:01.690Z,13.887,-91.927,30.4,4.7,mb,74,109.2,,1.27,us,usp000fqaz,2014-11-07T01:33:54.351Z,"44 km S of Champerico, Guatemala",earthquake,,14.2,,29,reviewed,us,us
2007-10-08T10:39:11.610Z,14.329,-91.713,70.5,4.6,mb,82,128,,1.19,us,usp000fq41,2014-11-07T01:33:52.065Z,"21 km E of Champerico, Guatemala",earthquake,,7.1,,27,reviewed,us,us
2007-09-28T04:36:52.800Z,16.103,-91.152,4.1,4.5,md,5,339.4,,,us,usp000fpax,2014-11-07T01:33:41.527Z,"15 km ESE of Maravilla Tenejapa, Mexico",earthquake,,,,,reviewed,unm,unm
2007-09-24T00:02:36.650Z,13.733,-91.247,55.2,4.4,mb,25,113.7,,1.16,us,usp000fnzp,2014-11-07T01:33:38.660Z,"43 km SSW of La Gomera, Guatemala",earthquake,,,,3,reviewed,us,us
2007-09-23T23:07:03.720Z,13.635,-91.25,46.4,4.4,mb,19,139,,1.11,us,usp000fnzg,2014-11-07T01:33:38.604Z,"53 km SSW of La Gomera, Guatemala",earthquake,,10.6,,6,reviewed,us,us
2007-09-20T22:29:02.960Z,13.876,-91.677,45.9,4.2,mb,20,159.3,,1.17,us,usp000fnt4,2014-11-07T01:33:37.829Z,"52 km SSE of Champerico, Guatemala",earthquake,,11.1,,5,reviewed,us,us
2007-09-19T13:18:11.550Z,14.982,-92.46,99.3,4.3,mb,16,183.8,,0.96,us,usp000fnpr,2014-11-07T01:33:37.374Z,"1 km E of Plan de Ayala, Mexico",earthquake,,8.2,,5,reviewed,us,us
2007-09-13T05:59:25.900Z,13.637,-91.943,18.1,4.4,md,4,293.1,,,us,usp000fn3u,2014-11-07T01:33:34.275Z,"72 km S of Champerico, Guatemala",earthquake,,,,,reviewed,unm,unm
2007-09-12T17:47:38.630Z,15.262,-91.942,161.8,4.7,mb,119,72.8,,1.19,us,usp000fn18,2014-11-07T01:33:33.725Z,"5 km NNE of San José Ojetenán, Guatemala",earthquake,,,,50,reviewed,us,us
2007-09-11T01:44:46.840Z,13.602,-91.394,35,4.3,mb,29,210.9,,0.96,us,usp000fmvw,2014-11-07T01:33:32.680Z,"64 km SW of La Gomera, Guatemala",earthquake,,16.9,,10,reviewed,us,us
2007-09-09T01:25:43.830Z,13.82,-90.822,108.5,4.7,md,18,148.4,,1.07,us,usp000fmr1,2014-11-07T01:33:31.882Z,"11 km S of Puerto San José, Guatemala",earthquake,,8.8,,,reviewed,us,unm
2007-09-06T03:13:13.500Z,17.004,-92.438,10,4.1,md,4,137.8,,,us,usp000fmhj,2014-11-07T01:33:30.952Z,"3 km E of Pantelhó, Mexico",earthquake,,,,,reviewed,unm,unm
2007-09-03T21:21:16.050Z,13.585,-90.224,80.1,4.5,mb,18,106.9,,1.33,us,usp000fmcn,2014-11-07T01:33:30.123Z,"36 km SW of San Francisco Menéndez, El Salvador",earthquake,,10.9,,1,reviewed,us,us
2007-09-01T02:10:32.200Z,15.309,-92.166,173.5,4.2,md,4,275.7,,,us,usp000fm42,2014-11-07T01:33:27.509Z,"9 km SSE of Mazapa, Mexico",earthquake,,,,,reviewed,unm,unm
2007-08-30T20:03:18.900Z,15.082,-91.815,177.5,4.1,md,6,294.5,,,us,usp000fm1e,2014-11-07T01:33:24.690Z,"4 km SSW of Tejutla, Guatemala",earthquake,,,,,reviewed,unm,unm
2007-08-30T04:05:35.570Z,13.906,-91.338,62.6,4.5,md,19,116.5,,0.89,us,usp000fkzj,2014-11-07T01:33:24.452Z,"near the coast of Guatemala",earthquake,,8.2,,,reviewed,us,unm
2007-08-29T14:49:05.900Z,13.926,-92.372,20,4.1,mb,10,263.1,,,us,usp000fky9,2014-11-07T01:33:24.269Z,"64 km SW of Champerico, Guatemala",earthquake,,,,2,reviewed,unm,us
2007-08-24T00:37:05.390Z,13.582,-90.964,67.2,3.8,mb,20,160.6,,1.52,us,usp000fkjb,2014-11-07T01:33:22.263Z,"41 km SSW of Puerto San José, Guatemala",earthquake,,12.5,,1,reviewed,us,us
2007-08-23T09:16:42.940Z,14.448,-90.447,203.5,4.9,mb,158,63.7,,1.03,us,usp000fkgv,2014-11-07T01:33:21.651Z,"2 km SSW of Fraijanes, Guatemala",earthquake,,3.8,,47,reviewed,us,us
2007-08-22T13:10:24.300Z,14.409,-91.906,89.5,4.2,md,11,122.5,,,us,usp000fkeu,2014-11-07T01:33:21.151Z,"12 km N of Champerico, Guatemala",earthquake,,,,,reviewed,unm,unm
2007-08-21T02:40:23.500Z,14.018,-92.356,22.8,4.1,md,4,305.4,,,us,usp000fkbg,2014-11-07T01:33:20.201Z,"56 km WSW of Champerico, Guatemala",earthquake,,,,,reviewed,unm,unm
2007-08-12T06:13:37.850Z,14.104,-91.323,79.2,4.8,mb,191,72,,0.87,us,usp000fjfd,2022-07-14T04:48:55.556Z,"10 km SSW of Nueva Concepción, Guatemala",earthquake,,,,100,reviewed,us,us
2007-08-09T15:47:30.100Z,16.982,-92.187,50,4,md,4,263.3,,,us,usp000fj94,2014-11-07T01:33:13.753Z,"Chiapas, Mexico",earthquake,,,,,reviewed,unm,unm
2007-08-07T01:25:36.230Z,13.982,-92.487,10,4.6,mb,23,161.8,,1.2,us,usp000fj2m,2014-11-07T01:33:12.840Z,"66 km SSW of Ocós, Guatemala",earthquake,,,,4,reviewed,us,us
2007-08-06T17:03:17.880Z,13.561,-90.759,62.6,4.3,mb,44,93.5,,1.21,us,usp000fj1n,2014-11-07T01:33:12.688Z,"41 km S of Puerto San José, Guatemala",earthquake,,,,14,reviewed,us,us
2007-08-03T12:36:07.520Z,15.05,-91.539,169.2,4.5,mb,15,141.3,,1.33,us,usp000fht5,2014-11-07T01:33:11.444Z,"7 km N of San Carlos Sija, Guatemala",earthquake,,13.5,,6,reviewed,us,us
2007-08-02T06:11:18.800Z,15.245,-92.083,161.9,4,md,4,295.6,,,us,usp000fhnw,2014-11-07T01:33:10.207Z,"1 km WNW of Tacaná, Guatemala",earthquake,,,,,reviewed,unm,unm
2007-07-28T10:16:09.800Z,13.927,-91.573,99,4.3,md,5,215.1,,,us,usp000fh9d,2014-11-07T01:33:04.736Z,"42 km SW of Nueva Concepción, Guatemala",earthquake,,,,,reviewed,unm,unm
2007-07-24T02:51:56.900Z,14.232,-91.346,102.8,4.3,mb,27,186.5,,1.34,us,usp000fgzc,2014-11-07T01:33:02.933Z,"5 km SSE of Tiquisate, Guatemala",earthquake,,9.2,,8,reviewed,us,us
2007-07-23T22:30:08.450Z,14.381,-90.954,113,5.5,mwb,400,36.7,,1.03,us,usp000fgys,2022-07-14T05:30:51.805Z,"9 km NE of Santa Lucía Cotzumalguapa, Guatemala",earthquake,,,,,reviewed,us,us
2007-07-19T21:40:17.200Z,14.277,-91.905,36.8,4.4,md,5,307.9,,,us,usp000fgnv,2014-11-07T01:33:00.816Z,"1 km SSE of Champerico, Guatemala",earthquake,,,,,reviewed,unm,unm
2007-07-17T11:37:37.300Z,15.616,-92.435,177.5,4.5,mb,52,131.1,,,us,usp000fgen,2014-11-07T01:32:58.915Z,"13 km WNW of Siltepec, Mexico",earthquake,,,,16,reviewed,unm,us
2007-07-15T09:07:20.550Z,13.789,-90.179,90.7,4.8,mb,14,100.3,,1.44,us,usp000fg75,2014-11-07T01:32:57.666Z,"18 km WSW of San Francisco Menéndez, El Salvador",earthquake,,14.4,,2,reviewed,us,us
2007-07-11T21:36:31.800Z,14.616,-91.219,187.3,4.4,md,4,323.4,,,us,usp000fg02,2014-11-07T01:32:56.584Z,"2 km SSE of Santiago Atitlán, Guatemala",earthquake,,,,,reviewed,unm,unm
2007-07-04T06:58:01.990Z,13.891,-89.556,74,4.3,mb,9,136.2,,0.61,us,usp000fff1,2014-11-07T01:32:54.148Z,"6 km WSW of El Congo, El Salvador",earthquake,,24.1,,2,reviewed,us,us
2007-07-02T18:36:02.590Z,13.806,-89.607,20.8,4.7,mb,102,77.1,,1.43,us,usp000ffad,2014-11-07T01:32:52.744Z,"9 km NE of Izalco, El Salvador",earthquake,,15.4,,52,reviewed,us,us
2007-06-25T00:36:24.140Z,14.265,-91.045,35,3.8,mb,6,205,,1.38,us,usp000fery,2014-11-07T01:32:45.674Z,"8 km SSW of Santa Lucía Cotzumalguapa, Guatemala",earthquake,,,,1,reviewed,us,us
2007-06-24T18:53:44.410Z,13.827,-91.433,87.8,4.1,mb,14,174.4,,1.12,us,usp000ferg,2014-11-07T01:32:45.638Z,"43 km SSW of Nueva Concepción, Guatemala",earthquake,,13.5,,3,reviewed,us,us
2007-06-21T02:54:01.590Z,14.114,-91.672,56.5,4.4,md,15,211.5,,1.26,us,usp000fefm,2014-11-07T01:32:44.248Z,"32 km SE of Champerico, Guatemala",earthquake,,11.6,,,reviewed,us,unm
2007-06-20T23:48:18.690Z,14.275,-91.753,68.5,4.2,mb,10,139,,1.24,us,usp000fefd,2014-11-07T01:32:44.236Z,"17 km E of Champerico, Guatemala",earthquake,,15.9,,3,reviewed,us,us
2007-06-13T19:29:40.180Z,13.554,-90.618,23,6.7,mwc,468,37.7,,1.09,us,usp000fdyv,2022-07-14T06:09:35.259Z,"43 km SSE of Iztapa, Guatemala",earthquake,,,,,reviewed,us,gcmt
2007-06-12T06:08:10.900Z,15.867,-91.797,20,4.6,md,7,323.2,,,us,usp000fdvm,2014-11-07T01:32:41.652Z,"8 km NNW of Nentón, Guatemala",earthquake,,,,,reviewed,unm,unm
2007-06-08T15:08:38.050Z,13.639,-90.802,38.9,5.5,mwc,191,51.1,,1.24,us,usp000fdmu,2022-05-02T20:19:08.308Z,"31 km S of Puerto San José, Guatemala",earthquake,,,,,reviewed,us,gcmt
2007-06-08T13:55:58.590Z,13.771,-90.813,78.9,4.6,mb,47,113.1,,1.09,us,usp000fdmm,2014-11-07T01:32:40.400Z,"17 km S of Puerto San José, Guatemala",earthquake,,9.3,,22,reviewed,us,us
2007-06-08T13:32:00.770Z,13.835,-90.766,47.8,5.8,mwb,401,50.4,,1.47,us,usp000fdmh,2022-07-14T06:11:19.899Z,"11 km SSE of Puerto San José, Guatemala",earthquake,,,,,reviewed,us,us
2007-06-07T08:34:14.070Z,14.035,-91.24,68.1,4.1,md,22,108.3,,1.19,us,usp000fdj1,2014-11-07T01:32:40.003Z,"19 km SSE of Nueva Concepción, Guatemala",earthquake,,,,,reviewed,us,gcg
2007-06-06T12:33:24.310Z,13.894,-89.859,42.7,3.6,mb,8,124.9,,0.83,us,usp000fdg3,2014-11-07T01:32:39.758Z,"2 km NNW of Concepción de Ataco, El Salvador",earthquake,,50.5,,1,reviewed,us,us
2007-06-03T09:30:30.780Z,13.77,-90.967,87.3,3.8,mb,10,217.2,,0.74,us,usp000fd9g,2014-11-07T01:32:38.493Z,"23 km SW of Puerto San José, Guatemala",earthquake,,18.8,,1,reviewed,us,us
2007-06-02T11:14:45.900Z,16.573,-91.949,45.5,4.3,md,10,104.4,,,us,usp000fd7d,2014-11-07T01:32:37.571Z,"12 km ENE of Justo Sierra, Mexico",earthquake,,,,,reviewed,unm,unm
2007-05-31T22:31:50.200Z,15.765,-90.189,35,3.9,mb,17,194.7,,1.01,us,usp000fd49,2014-11-07T01:32:34.110Z,"11 km ESE of Chisec, Guatemala",earthquake,,,,6,reviewed,us,us
2007-05-30T02:17:52.000Z,14.499,-90.307,202.7,3.9,mb,10,196.9,,1.16,us,usp000fd12,2014-11-07T01:32:33.512Z,"11 km NW of Casillas, Guatemala",earthquake,,16.6,,2,reviewed,us,us
2007-05-28T23:43:30.000Z,15.203,-92.303,187.4,4.2,md,5,270.8,,,us,usp000fcyb,2014-11-07T01:32:33.014Z,"11 km NNE of Cantón Villaflor, Mexico",earthquake,,,,,reviewed,unm,unm
2007-05-28T11:08:17.800Z,13.522,-91.453,40,4.4,md,6,318.8,,,us,usp000fcxf,2014-11-07T01:32:32.851Z,"75 km SW of La Gomera, Guatemala",earthquake,,,,,reviewed,unm,unm
2007-05-27T00:41:48.200Z,15.536,-92.295,215.3,4.3,mb,16,123.2,,,us,usp000fcuf,2014-11-07T01:32:32.209Z,"2 km W of Libertad Ventanas, Mexico",earthquake,,,,1,reviewed,unm,us
2007-05-12T13:26:20.360Z,14.146,-92.285,47,4.2,mb,32,186.8,,1.09,us,usp000fbug,2014-11-07T01:32:27.568Z,"41 km SSW of Ocós, Guatemala",earthquake,,,,16,reviewed,us,us
2007-05-07T12:32:38.730Z,13.644,-90.652,57.1,4.6,mb,90,93.5,,1.14,us,usp000fbfb,2014-11-07T01:32:25.560Z,"32 km S of Iztapa, Guatemala",earthquake,,,,30,reviewed,us,us
2007-05-02T17:59:27.340Z,16.735,-90.915,43.2,4.3,md,9,122.5,,1.35,us,usp000fb3j,2014-11-07T01:32:23.083Z,"9 km SSW of Frontera Corozal, Mexico",earthquake,,17.1,,,reviewed,us,unm
2007-04-25T06:09:42.750Z,13.893,-90.977,74.6,4.4,mb,32,96.6,,1.19,us,usp000fajf,2014-11-07T01:32:16.197Z,"17 km WSW of Puerto San José, Guatemala",earthquake,,,,10,reviewed,us,us
2007-04-21T07:24:18.820Z,14.2,-91.754,75.8,4.5,mb,18,181.9,,1.22,us,usp000fa8d,2014-11-07T01:32:14.817Z,"Guatemala",earthquake,,9.2,,2,reviewed,us,us
2007-04-17T18:42:20.180Z,14.568,-89.979,244.4,4.5,mb,7,145.5,,0.84,us,usp000f9y3,2014-11-07T01:32:13.066Z,"7 km S of Jalapa, Guatemala",earthquake,,14.4,,2,reviewed,us,us
2007-03-27T08:53:10.000Z,14.561,-91.921,22.3,4.1,md,4,305.9,,,us,usp000f7m7,2014-11-07T01:31:56.833Z,"10 km SW of Flores Costa Cuca, Guatemala",earthquake,,,,,reviewed,unm,unm
2007-03-27T07:28:14.370Z,15.533,-88.208,40,4.6,mb,61,117.4,,1.02,us,usp000f7kv,2022-07-14T07:06:39.290Z,"11 km SSE of Río Chiquito, Honduras",earthquake,,0,,13,reviewed,us,us
2007-03-22T16:12:07.680Z,14.18,-92.007,70.8,4.5,mb,52,107.2,,1,us,usp000f769,2014-11-07T01:31:54.722Z,"16 km SW of Champerico, Guatemala",earthquake,,8.8,,21,reviewed,us,us
2007-03-20T11:33:10.300Z,17.188,-92.085,7.6,4.2,mb,52,46.4,,,us,usp000f71x,2014-11-07T01:31:54.175Z,"3 km NW of El Mango, Mexico",earthquake,,,,17,reviewed,unm,us
2007-03-16T14:24:25.580Z,14.298,-91.249,107.7,4.4,mb,53,79,,1.29,us,usp000f6ud,2014-11-07T01:31:52.988Z,"12 km E of Tiquisate, Guatemala",earthquake,,6.6,,20,reviewed,us,us
2007-03-14T21:20:20.040Z,13.856,-90.424,10,4.4,mb,17,120.9,,1.31,us,usp000f6qq,2014-11-07T01:31:52.531Z,"23 km SSE of Taxisco, Guatemala",earthquake,,,,2,reviewed,us,us
2007-03-09T22:03:56.760Z,13.808,-90.232,35,4.4,mb,16,101.7,,1.46,us,usp000f6d9,2014-11-07T01:31:50.849Z,"18 km S of Pasaco, Guatemala",earthquake,,,,5,reviewed,us,us
2007-03-07T18:59:55.000Z,14.232,-91.264,94.2,4.2,mb,30,116.5,,1.33,us,usp000f69g,2014-11-07T01:31:49.787Z,"5 km NE of Nueva Concepción, Guatemala",earthquake,,7.6,,3,reviewed,us,us
2007-03-05T07:36:53.450Z,13.959,-91.416,63.2,4.4,mb,91,116.6,,1.09,us,usp000f645,2014-11-07T01:31:48.875Z,"29 km SSW of Nueva Concepción, Guatemala",earthquake,,,,30,reviewed,us,us
2007-03-05T00:24:19.300Z,16.509,-90.759,83.4,4.3,md,10,135,,,us,usp000f63q,2014-11-07T01:31:48.826Z,"11 km W of Benemérito de las Américas, Mexico",earthquake,,,,,reviewed,unm,unm
2007-03-04T16:56:17.300Z,13.84,-92.471,100,4.7,mb,6,193.8,,,us,usp000f631,2014-11-07T01:31:48.672Z,"78 km SW of Champerico, Guatemala",earthquake,,,,1,reviewed,unm,us
2007-03-04T00:35:38.400Z,15.839,-92.347,259.4,4.4,mb,9,228.4,,,us,usp000f60x,2014-11-07T01:31:48.285Z,"7 km W of Pablo L. Sidar, Mexico",earthquake,,,,1,reviewed,unm,us
2007-03-01T07:54:56.400Z,13.6,-92.401,20,4.4,md,4,304.7,,,us,usp000f5w0,2014-11-07T01:31:46.545Z,"93 km SW of Champerico, Guatemala",earthquake,,,,,reviewed,unm,unm
2007-03-01T04:40:17.800Z,15.272,-91.746,198.4,4.2,mb,40,109.3,,,us,usp000f5vp,2014-11-07T01:31:46.265Z,"0 km ESE of San Miguel Ixtahuacán, Guatemala",earthquake,,,,16,reviewed,unm,us
2007-02-25T16:05:42.570Z,14.108,-92.206,43.8,4.1,mb,20,161,,1.39,us,usp000f5mg,2014-11-07T01:31:42.211Z,"37 km WSW of Champerico, Guatemala",earthquake,,11.4,,4,reviewed,us,us
2007-02-25T10:22:17.300Z,14.756,-92.416,90.5,4.4,md,5,250.9,,,us,usp000f5kt,2014-11-07T01:31:42.109Z,"2 km NNW of El Encanto, Mexico",earthquake,,,,,reviewed,unm,unm
2007-02-23T09:58:12.340Z,14.723,-91.987,161.6,4.3,mb,40,126.6,,1.09,us,usp000f5f9,2014-11-07T01:31:41.071Z,"5 km E of Pajapita, Guatemala",earthquake,,9.3,,21,reviewed,us,us
2007-02-06T11:32:40.800Z,15.657,-92.033,224.2,4.5,mb,179,64.2,,,us,usp000f4ch,2014-11-07T01:31:35.118Z,"1 km ENE of Monte Redondo, Mexico",earthquake,,,,85,reviewed,unm,us
2007-02-06T07:23:49.400Z,13.901,-91.693,35,4.3,mb,42,139.2,,1.4,us,usp000f4c9,2014-11-07T01:31:35.093Z,"49 km SSE of Champerico, Guatemala",earthquake,,,,15,reviewed,us,us
2007-02-06T03:29:22.020Z,14.498,-90.697,35,4.1,mb,28,164.7,,1.37,us,usp000f4by,2022-07-14T07:58:32.854Z,"1 km ENE of Santa María de Jesús, Guatemala",earthquake,,,,7,reviewed,us,us
2007-01-31T06:56:07.100Z,14.125,-91.832,101,4.2,md,4,273.7,,,us,usp000f40c,2014-11-07T01:31:29.445Z,"20 km SSE of Champerico, Guatemala",earthquake,,,,,reviewed,unm,unm
2007-01-25T00:06:55.300Z,15.02,-92.436,118.6,5.1,mwc,123,78.5,,,us,usp000f3h9,2025-12-22T14:59:34.034Z,"3 km WNW of Estación Huehuetán, Mexico",earthquake,,,,,reviewed,unm,gcmt
2007-01-19T10:49:23.680Z,13.898,-91.254,68.5,4,mb,10,178.8,,1.19,us,usp000f2zq,2014-11-07T01:31:24.569Z,"29 km SW of La Gomera, Guatemala",earthquake,,15.2,,1,reviewed,us,us
2007-01-17T08:55:45.110Z,13.632,-91.742,36.4,4.9,mwc,131,162.3,,1.22,us,usp000f2ux,2016-11-10T01:33:47.091Z,"75 km SSE of Champerico, Guatemala",earthquake,,,,,reviewed,us,gcmt
2007-01-01T20:40:17.500Z,14.903,-92.127,128.9,4,md,6,283.5,,,us,usp000f1hd,2014-11-07T01:31:16.597Z,"5 km ESE of 1ra. Sección de Izapa, Mexico",earthquake,,,,,reviewed,unm,unm
2007-01-01T14:39:57.440Z,13.746,-90.426,68,4.3,mb,44,112.6,,1.32,us,usp000f1gt,2014-11-07T01:31:16.363Z,"34 km SW of Pasaco, Guatemala",earthquake,,,,18,reviewed,us,us
2006-12-30T17:42:14.570Z,13.79,-90.515,69.8,5.2,mwc,176,43.4,,1.03,us,usp000f1bn,2025-12-22T15:06:31.849Z,"26 km SE of Iztapa, Guatemala",earthquake,,,,,reviewed,us,gcmt
2006-12-23T01:01:11.900Z,14.616,-92.323,65,4.5,mb,11,143,,1.17,us,usp000f0td,2014-11-07T01:31:10.747Z,"11 km S of Tinajas 1ra. Sección, Mexico",earthquake,,14.4,,3,reviewed,us,us
2006-12-20T17:06:57.500Z,14.242,-89.502,10,5,mwc,28,121.2,,1.46,us,usp000f0ng,2022-05-02T18:34:54.049Z,"11 km SSW of Metapán, El Salvador",earthquake,,,,,reviewed,us,gcmt
2006-12-20T07:58:54.900Z,13.948,-89.699,10,4.4,mb,19,120.2,,0.99,us,usp000f0mm,2014-11-07T01:31:10.161Z,"4 km SSW of Chalchuapa, El Salvador",earthquake,,,,2,reviewed,us,us
2006-12-20T07:52:24.390Z,14.028,-89.785,10,4.1,mb,14,159.9,,1.8,us,usp000f0mk,2014-11-07T01:31:10.159Z,"6 km NNW of Atiquizaya, El Salvador",earthquake,,0,,2,reviewed,us,us
2006-12-20T07:20:29.530Z,14.258,-89.544,19.3,4.2,mb,14,162.2,,1.71,us,usp000f0mf,2014-11-07T01:31:10.150Z,"13 km SW of Metapán, El Salvador",earthquake,,,,2,reviewed,us,us
2006-12-18T10:22:28.600Z,15.085,-92.336,131,3.9,md,4,272,,,us,usp000f0fz,2014-11-07T01:31:09.726Z,"3 km SSE of Cantón Villaflor, Mexico",earthquake,,,,,reviewed,unm,unm
2006-12-18T01:06:33.370Z,14.972,-91.564,178.2,4.2,mb,32,64.2,,1.23,us,usp000f0f4,2014-11-07T01:31:09.657Z,"2 km SW of San Carlos Sija, Guatemala",earthquake,,6.8,,11,reviewed,us,us
2006-12-14T15:33:33.470Z,14.304,-91.619,74,4.3,mb,10,137,,1.5,us,usp000f072,2014-11-07T01:31:08.340Z,"23 km SSW of San Lorenzo, Guatemala",earthquake,,17.2,,2,reviewed,us,us
2006-12-14T15:17:02.130Z,13.946,-91.494,59.8,4.1,mb,36,89.1,,1.32,us,usp000f070,2014-11-07T01:31:08.332Z,"35 km SW of Nueva Concepción, Guatemala",earthquake,,8.2,,14,reviewed,us,us
2006-12-08T02:39:14.040Z,13.842,-89.274,165.5,3.8,mb,7,192.1,,0.42,us,usp000ezs3,2014-11-07T01:31:06.057Z,"1 km N of Quezaltepeque, El Salvador",earthquake,,16.6,,1,reviewed,us,us
2006-12-03T20:52:15.910Z,13.994,-91.207,61.2,6,mwc,455,34.9,,0.99,us,usp000ezf4,2022-07-14T08:43:18.301Z,"19 km WSW of La Gomera, Guatemala",earthquake,,,,,reviewed,us,gcmt
2006-11-09T09:32:49.900Z,13.689,-91.307,93.3,4.6,md,4,279.9,,,us,usp000ewzg,2014-11-07T01:30:47.140Z,"51 km SSW of La Gomera, Guatemala",earthquake,,,,,reviewed,unm,unm
2006-11-08T04:31:36.940Z,13.592,-88.539,176.5,4,mb,19,231.2,,0.73,us,usp000ewve,2014-11-07T01:30:46.610Z,"10 km N of Berlín, El Salvador",earthquake,,7.8,,12,reviewed,us,us
2006-11-03T00:24:29.280Z,13.77,-91.625,35,4.3,mb,44,80.9,,0.92,us,usp000ewgw,2014-11-07T01:30:44.420Z,"59 km SW of Nueva Concepción, Guatemala",earthquake,,,,20,reviewed,us,us
2006-10-28T03:08:19.940Z,13.788,-91.643,37.1,5,mwc,213,98.9,,0.89,us,usp000ew5q,2025-12-22T15:05:55.150Z,"58 km SW of Nueva Concepción, Guatemala",earthquake,,6.1,,,reviewed,us,gcmt
2006-10-25T04:36:52.100Z,14.351,-91.681,136.7,4.6,md,7,260.2,,,us,usp000evzb,2014-11-07T01:30:37.698Z,"20 km S of Retalhuleu, Guatemala",earthquake,,,,,reviewed,unm,unm
2006-10-21T02:40:48.800Z,14.041,-91.971,56,4.1,mb,23,228.3,,1.1,us,usp000evnm,2014-11-07T01:30:36.525Z,"28 km SSW of Champerico, Guatemala",earthquake,,13.5,,12,reviewed,us,us
2006-10-19T17:42:01.130Z,13.78,-90.449,92.1,4.5,mb,24,112.5,,1.36,us,usp000evj0,2014-11-07T01:30:36.013Z,"31 km S of Taxisco, Guatemala",earthquake,,,,7,reviewed,us,us
2006-10-18T08:18:08.810Z,13.695,-91.075,51.9,4.1,mb,12,160.3,,1.81,us,usp000evet,2014-11-07T01:30:35.334Z,"37 km SW of Puerto San José, Guatemala",earthquake,,24.7,,1,reviewed,us,us
2006-10-13T21:31:02.880Z,14.486,-92.336,86.4,4.6,mb,92,133.4,,0.93,us,usp000ev4w,2014-11-07T01:30:33.814Z,"13 km WSW of Brisas Barra de Suchiate, Mexico",earthquake,,6.8,,45,reviewed,us,us
2006-09-27T20:43:21.800Z,14.356,-92.384,20,4.4,md,6,294.3,,,us,usp000ety8,2014-11-07T01:30:17.244Z,"26 km SW of Brisas Barra de Suchiate, Mexico",earthquake,,,,,reviewed,unm,unm
2006-09-18T13:19:24.200Z,13.966,-91.633,54.2,5.3,mwc,110,89.2,,0.93,us,usp000etb9,2022-05-02T18:28:26.287Z,"44 km SW of Nueva Concepción, Guatemala",earthquake,,6.7,,,reviewed,us,gcmt
2006-09-05T13:24:57.290Z,15.02,-91.708,172.8,4.5,mb,34,119.2,,1.37,us,usp000esh1,2014-11-07T01:30:09.933Z,"3 km ESE of San Lorenzo, Guatemala",earthquake,,,,10,reviewed,us,us
2006-09-02T13:20:31.280Z,14.178,-91.338,81.3,5,mwc,105,61,,0.99,us,usp000esax,2025-12-22T15:05:30.206Z,"4 km WSW of Nueva Concepción, Guatemala",earthquake,,,,,reviewed,us,gcmt
2006-08-30T04:31:52.390Z,14.31,-92.062,63.9,4.2,mb,43,109.5,,1.05,us,usp000es2s,2014-11-07T01:30:03.248Z,"16 km W of Champerico, Guatemala",earthquake,,,,13,reviewed,us,us
2006-08-30T00:50:04.400Z,15.092,-92.407,144.6,4.4,md,4,303.5,,,us,usp000es2e,2014-11-07T01:30:03.230Z,"3 km WSW of Villa Hidalgo, Mexico",earthquake,,,,,reviewed,unm,unm
2006-08-29T20:06:27.300Z,15.581,-92.347,193.2,4.5,mb,26,100.8,,,us,usp000es1t,2014-11-07T01:30:03.177Z,"3 km NW of Siltepec, Mexico",earthquake,,,,10,reviewed,unm,us
2006-08-28T02:35:16.180Z,13.514,-90.672,35,4.3,mb,41,157,,1.14,us,usp000erxs,2014-11-07T01:30:02.664Z,"46 km S of Iztapa, Guatemala",earthquake,,,,15,reviewed,us,us
2006-08-25T22:59:41.930Z,14.744,-91.032,190.7,4.9,mwc,183,62.5,,0.95,us,usp000errs,2016-11-10T01:27:28.059Z,"4 km WSW of Tecpán Guatemala, Guatemala",earthquake,,4,,,reviewed,us,hrv
2006-08-18T00:02:52.600Z,15.255,-91.362,22.9,4.2,md,4,326.2,,,us,usp000er7e,2014-11-07T01:29:59.484Z,"11 km SSW of Aguacatán, Guatemala",earthquake,,,,,reviewed,unm,unm
2006-08-17T11:07:34.040Z,14.421,-92.471,27,4.1,mb,19,285.4,,1.31,us,usp000er5h,2014-11-07T01:29:59.141Z,"29 km WSW of Brisas Barra de Suchiate, Mexico",earthquake,,,,7,reviewed,us,us
2006-08-10T07:03:02.180Z,13.642,-90.518,61.6,5.4,mwc,292,59.9,,1.02,us,usp000eqmw,2025-12-22T15:03:21.856Z,"38 km SSE of Iztapa, Guatemala",earthquake,,,,,reviewed,us,hrv
2006-08-08T11:25:23.650Z,13.844,-89.12,35,4.4,md,6,170.4,,0.72,us,usp000eqgd,2014-11-07T01:29:55.838Z,"6 km ESE of Guazapa, El Salvador",earthquake,,,,,reviewed,us,snet
2006-07-31T05:20:37.840Z,15.87,-90.545,35,4.3,mb,52,125.4,,1.11,us,usp000epyd,2014-11-07T01:29:49.118Z,"28 km WNW of Chisec, Guatemala",earthquake,,,,15,reviewed,us,us
2006-07-23T10:03:13.500Z,17.167,-92.331,144.7,4,mb,6,163.2,,,us,usp000epcu,2014-11-07T01:29:44.359Z,"0 km SSE of Yajalón, Mexico",earthquake,,,,6,reviewed,unm,us
2006-07-18T20:29:17.500Z,14.405,-92.081,131.1,4.4,md,5,269.8,,,us,usp000ep0y,2014-11-07T01:29:42.877Z,"16 km SE of Ocós, Guatemala",earthquake,,,,,reviewed,unm,unm
2006-06-28T08:45:18.730Z,14.533,-90.604,207.3,4.2,mb,23,128.5,,1.26,us,usp000emfm,2014-11-07T01:29:29.592Z,"2 km WNW of Villa Nueva, Guatemala",earthquake,,9,,6,reviewed,us,us
2006-06-23T16:16:30.600Z,13.861,-92.379,118.5,4.4,md,5,302.3,,,us,usp000em37,2014-11-07T01:29:26.693Z,"69 km SW of Champerico, Guatemala",earthquake,,,,,reviewed,unm,unm
2006-06-06T04:34:27.600Z,15.391,-91.869,207.9,5.3,mwc,317,70.9,,,us,usp000ejt6,2025-12-22T15:00:20.465Z,"8 km ESE of Cuilco, Guatemala",earthquake,,,,,reviewed,unm,hrv
2006-06-02T17:43:15.100Z,14.207,-92.392,44.6,4.4,md,7,187.6,,,us,usp000ejjh,2014-11-07T01:29:18.383Z,"39 km SSW of Ocós, Guatemala",earthquake,,,,,reviewed,unm,unm
2006-06-01T06:08:47.500Z,14.058,-92.03,55.4,4.3,md,11,186.6,,,us,usp000eje9,2014-11-07T01:29:15.941Z,"28 km SSW of Champerico, Guatemala",earthquake,,,,,reviewed,unm,unm
2006-05-26T17:43:51.450Z,14.957,-91.578,181.9,4.2,mb,26,138.7,,1.04,us,usp000ej0x,2014-11-07T01:29:11.539Z,"4 km SW of San Carlos Sija, Guatemala",earthquake,,7.2,,18,reviewed,us,us
2006-05-14T07:38:09.850Z,14.401,-92.4,48.1,5.4,mwc,237,77,,1.17,us,usp000eh2y,2022-07-14T11:24:36.858Z,"24 km SW of Brisas Barra de Suchiate, Mexico",earthquake,,,,,reviewed,us,hrv
2006-05-13T06:45:52.950Z,14.051,-91.874,61.1,3.5,mb,8,185.3,,0.71,us,usp000eh03,2014-11-07T01:29:06.374Z,"27 km S of Champerico, Guatemala",earthquake,,13.1,,1,reviewed,us,us
2006-05-09T09:58:54.000Z,15.511,-92.287,187.2,4.1,md,7,263.8,,,us,usp000egnq,2014-11-07T01:29:04.798Z,"2 km ESE of Vega del Rosario, Mexico",earthquake,,,,,reviewed,unm,unm
2006-05-08T06:31:22.460Z,13.961,-92.104,67.6,4,mb,8,204.5,,0.69,us,usp000egjq,2014-11-07T01:29:04.342Z,"42 km SSW of Champerico, Guatemala",earthquake,,20.5,,1,reviewed,us,us
2006-05-07T06:07:42.570Z,13.852,-92.014,52.2,4,mb,26,172.8,,1.31,us,usp000egfj,2014-11-07T01:29:03.974Z,"Near the coast of Guatemala",earthquake,,12.2,,7,reviewed,us,us
2006-04-25T17:16:13.780Z,13.7,-88.291,50.7,4.5,mb,53,129.1,,0.97,us,usp000efgr,2014-11-07T01:28:55.034Z,"7 km SSW of Ciudad Barrios, El Salvador",earthquake,,12.2,,24,reviewed,us,us
2006-04-24T09:47:47.530Z,14.023,-91.549,64.7,5,mwc,148,65.4,,0.94,us,usp000efdf,2025-12-22T16:15:46.811Z,"33 km SW of Nueva Concepción, Guatemala",earthquake,,,,,reviewed,us,hrv
2006-04-18T18:10:43.280Z,14.127,-90.93,19,4.3,mb,16,173.9,,1.2,us,usp000eevk,2014-11-07T01:28:51.716Z,"11 km S of La Democracia, Guatemala",earthquake,,43.1,,6,reviewed,us,us
2006-04-13T05:23:07.580Z,13.832,-92.451,18.8,4.6,mb,27,175.9,,1.47,us,usp000eeck,2014-11-07T01:28:48.853Z,"77 km SW of Champerico, Guatemala",earthquake,,,,8,reviewed,us,us
2006-04-11T04:53:16.360Z,13.821,-92.349,24.1,4.4,mb,29,181.1,,1.02,us,usp000ee5s,2014-11-07T01:28:46.109Z,"70 km SW of Champerico, Guatemala",earthquake,,,,14,reviewed,us,us
2006-03-29T07:45:15.980Z,15.142,-91.728,143.2,3.9,mb,8,166.7,,0.74,us,usp000ed6q,2014-11-07T01:28:36.676Z,"6 km NNE of Comitancillo, Guatemala",earthquake,,31.1,,1,reviewed,us,us
2006-03-28T22:35:49.570Z,15.417,-91.492,222.6,4.8,mb,127,60.3,,1.12,us,usp000ed5n,2014-11-07T01:28:36.519Z,"7 km NNW of Chiantla, Guatemala",earthquake,,,,45,reviewed,us,us
2006-03-28T20:43:37.950Z,13.986,-91.685,60.7,4.3,mb,33,114.3,,0.98,us,usp000ed5c,2014-11-07T01:28:36.497Z,"41 km SE of Champerico, Guatemala",earthquake,,15.4,,15,reviewed,us,us
2006-03-12T20:53:20.220Z,14.003,-92.18,74.1,3.5,mb,12,187.1,,0.97,us,usp000ec18,2014-11-07T01:28:31.088Z,"43 km SW of Champerico, Guatemala",earthquake,,19,,2,reviewed,us,us
2006-02-28T08:29:47.180Z,13.7,-90.384,93.3,4.6,mb,22,115.4,,1.36,us,usp000eb1c,2014-11-07T01:28:22.877Z,"36 km SSW of Pasaco, Guatemala",earthquake,,10.1,,1,reviewed,us,us
2006-02-18T00:38:23.800Z,14.982,-92.284,135.4,4.1,mb,9,140.9,,,us,usp000ea8p,2014-11-07T01:28:19.600Z,"2 km WNW of Veinte de Noviembre, Mexico",earthquake,,,,3,reviewed,unm,us
2006-02-13T14:35:27.450Z,14.213,-91.074,98.1,4.4,mb,31,121.7,,1.29,us,usp000ea0h,2014-11-07T01:28:18.286Z,"13 km W of La Democracia, Guatemala",earthquake,,8,,3,reviewed,us,us
2006-02-02T17:09:44.570Z,14.03,-90.578,127,4.4,mb,35,107.4,,1.32,us,usp000e9az,2014-11-07T01:28:14.479Z,"12 km WSW of Taxisco, Guatemala",earthquake,,15.5,,7,reviewed,us,us
2006-01-25T12:31:31.700Z,14.936,-92.133,135.2,3.9,md,12,148.9,,,us,usp000e8uf,2014-11-07T01:28:09.421Z,"3 km SSE of Talismán, Mexico",earthquake,,,,,reviewed,unm,unm
2006-01-22T16:09:55.760Z,13.896,-90.659,75.5,4.8,mb,148,61.6,,1.16,us,usp000e8nz,2022-07-14T12:41:57.530Z,"6 km SE of Iztapa, Guatemala",earthquake,,,,67,reviewed,us,us
2006-01-07T00:22:30.970Z,14.154,-91.808,71.4,4.3,md,10,183,,1.5,us,usp000e7re,2014-11-07T01:28:04.459Z,"19 km SE of Champerico, Guatemala",earthquake,,13.9,,,reviewed,us,unm
2006-01-06T12:11:17.870Z,13.985,-92.346,40.4,4.2,mb,39,172.9,,0.84,us,usp000e7q6,2014-11-07T01:28:04.309Z,"57 km SW of Champerico, Guatemala",earthquake,,7.5,,14,reviewed,us,us
2006-01-03T20:34:01.410Z,14.193,-89.457,96.3,4.2,md,12,162.4,,0.86,us,usp000e7hs,2014-11-07T01:28:03.490Z,"8 km NE of Texistepeque, El Salvador",earthquake,,21.6,,,reviewed,us,snet
2006-01-03T12:28:13.830Z,13.71,-90.117,82.3,5.1,mwc,99,37.8,,1.44,us,usp000e7gz,2025-12-22T16:14:27.415Z,"18 km SW of San Francisco Menéndez, El Salvador",earthquake,,,,,reviewed,us,hrv
2006-01-01T10:22:45.110Z,13.759,-91.024,46.2,4.1,mb,24,147.1,,1.35,us,usp000e7bc,2014-11-07T01:28:01.072Z,"28 km SW of Puerto San José, Guatemala",earthquake,,11.9,,7,reviewed,us,us
2005-12-23T00:50:24.100Z,15.188,-91.793,190.4,4.3,md,17,136.2,,,us,usp000e6nd,2014-11-07T01:27:55.835Z,"7 km N of Tejutla, Guatemala",earthquake,,,,,reviewed,unm,unm
2005-12-17T09:27:33.250Z,13.894,-88.52,81.4,3.9,mb,15,172.9,,0.43,us,usp000e6aj,2014-11-07T01:27:54.547Z,"12 km ENE of Sensuntepeque, El Salvador",earthquake,,29.7,,9,reviewed,us,us
2005-12-13T14:14:34.770Z,13.691,-90.006,104.9,4.4,mb,13,184.8,,1.04,us,usp000e635,2014-11-07T01:27:53.402Z,"16 km S of San Francisco Menéndez, El Salvador",earthquake,,23.1,,3,reviewed,us,us
2005-12-07T15:14:01.950Z,14.566,-92.208,68.6,4.8,mb,79,68.1,,1.37,us,usp000e5qp,2014-11-07T01:27:51.570Z,"3 km SSW of La Libertad, Mexico",earthquake,,,,32,reviewed,us,us
2005-12-05T21:40:37.300Z,14.347,-92.181,58,5.1,mwc,197,72,,,us,usp000e5ky,2025-12-22T14:57:13.222Z,"18 km S of Ocós, Guatemala",earthquake,,,,,reviewed,unm,hrv
2005-12-02T02:17:14.490Z,13.865,-91.729,69.1,4.5,md,24,126.7,,0.85,us,usp000e5az,2014-11-07T01:27:48.743Z,"51 km SSE of Champerico, Guatemala",earthquake,,14.3,,,reviewed,us,unm
2005-11-21T08:17:07.100Z,14.898,-91.678,162.1,4.4,mb,51,98.8,,,us,usp000e4mr,2014-11-07T01:27:41.810Z,"4 km SSE of Palestina de los Altos, Guatemala",earthquake,,,,12,reviewed,unm,us
2005-11-05T05:40:57.760Z,14.784,-91.806,91.7,4.6,mb,58,79.7,,0.95,us,usp000e3hx,2014-11-07T01:27:36.187Z,"2 km NE of El Quetzal, Guatemala",earthquake,,,,20,reviewed,us,us
2005-10-29T18:55:21.040Z,14.477,-92.089,58.4,4.4,mb,43,139.9,,1.34,us,usp000e33v,2014-11-07T01:27:30.329Z,"11 km ESE of Ocós, Guatemala",earthquake,,,,13,reviewed,us,us
2005-10-28T08:31:19.710Z,13.779,-90.272,93.7,4.6,mb,117,72,,1.19,us,usp000e30c,2014-11-07T01:27:29.820Z,"23 km SSW of Pasaco, Guatemala",earthquake,,,,39,reviewed,us,us
2005-10-25T23:55:51.590Z,15.017,-91.719,142.4,4.2,md,9,174.9,,1.74,us,usp000e2vc,2014-11-07T01:27:29.258Z,"2 km SE of San Lorenzo, Guatemala",earthquake,,14.6,,,reviewed,us,unm
2005-10-20T19:31:13.000Z,14.149,-91.134,73.4,4.6,mb,48,134.2,,1.54,us,usp000e2bg,2014-11-07T01:27:27.094Z,"11 km NW of La Gomera, Guatemala",earthquake,,10.5,,22,reviewed,us,us
2005-10-19T23:30:25.080Z,13.698,-91.141,50.9,4.4,mb,61,137.3,,1.22,us,usp000e29k,2014-11-07T01:27:26.847Z,"42 km SW of Puerto San José, Guatemala",earthquake,,8.2,,24,reviewed,us,us
2005-10-17T23:51:29.820Z,14.789,-88.066,35,3.8,md,6,171.7,,1.44,us,usp000e239,2014-11-07T01:27:25.779Z,"6 km NE of San Pedro Zacapa, Honduras",earthquake,,,,,reviewed,us,snet
2005-10-14T16:43:16.170Z,13.921,-91.803,65,4.2,mb,43,162.7,,0.91,us,usp000e1ue,2014-11-07T01:27:24.030Z,"42 km SSE of Champerico, Guatemala",earthquake,,7.4,,19,reviewed,us,us
2005-10-04T20:57:06.100Z,13.855,-89.698,50.8,4.4,mb,24,104.6,,1.47,us,usp000e0wd,2014-11-07T01:27:17.180Z,"5 km ENE of Juayúa, El Salvador",earthquake,,12.4,,8,reviewed,us,us
2005-09-19T13:18:09.800Z,14.65,-91.465,199.7,4.6,md,12,192.7,,,us,usp000dzr0,2014-11-07T01:27:06.063Z,"6 km WNW of Santo Tomás La Unión, Guatemala",earthquake,,,,,reviewed,unm,unm
2005-09-17T09:46:13.700Z,14.233,-92.498,50,4.1,mb,13,295.6,,,us,usp000dzkq,2014-11-07T01:27:05.112Z,"44 km SW of Brisas Barra de Suchiate, Mexico",earthquake,,,,1,reviewed,unm,us
2005-09-17T03:41:46.260Z,14.304,-90.377,183.2,4.8,mb,93,88,,1,us,usp000dzkc,2014-11-07T01:27:05.083Z,"1 km WSW of Barberena, Guatemala",earthquake,,,,34,reviewed,us,us
2005-09-13T08:40:04.240Z,16.011,-92.3,10,4,md,4,254.6,,0.03,us,usp000dzcd,2014-11-07T01:27:03.862Z,"6 km SSW of Héroes de Chapultepec, Mexico",earthquake,,,,,reviewed,us,unm
2005-09-08T08:08:04.100Z,14.229,-91.902,80.7,4,mb,25,187.9,,1.19,us,usp000dyzm,2014-11-07T01:27:02.020Z,"7 km S of Champerico, Guatemala",earthquake,,9.6,,10,reviewed,us,us
2005-09-05T12:58:44.300Z,14.262,-91.422,15,3.4,mb,6,189.2,,0.72,us,usp000dytr,2014-11-07T01:27:00.706Z,"7 km WSW of Tiquisate, Guatemala",earthquake,,0,,1,reviewed,us,us
2005-08-24T21:25:25.560Z,14.094,-91.658,66,4.5,mb,59,146.3,,0.8,us,usp000dxzn,2014-11-07T01:26:52.154Z,"35 km SE of Champerico, Guatemala",earthquake,,8.1,,23,reviewed,us,us
2005-08-24T08:31:16.900Z,14.241,-92.423,83.1,4.3,md,5,297,,,us,usp000dxya,2014-11-07T01:26:51.898Z,"38 km SW of Ocós, Guatemala",earthquake,,,,,reviewed,unm,unm
2005-08-17T02:26:05.830Z,13.769,-90.533,65.1,4.3,mb,45,147.4,,1.14,us,usp000dxgn,2014-11-07T01:26:49.752Z,"26 km SE of Iztapa, Guatemala",earthquake,,,,14,reviewed,us,us
2005-08-16T07:16:30.700Z,15.572,-91.234,20,4.5,mb,110,143.2,,,us,usp000dxen,2014-11-07T01:26:49.494Z,"20 km NNW of Nebaj, Guatemala",earthquake,,,,47,reviewed,unm,us
2005-08-12T11:13:09.040Z,14.135,-90.958,82.4,3.8,mb,15,197.7,,0.78,us,usp000dx6n,2014-11-07T01:26:48.466Z,"10 km S of La Democracia, Guatemala",earthquake,,24.9,,4,reviewed,us,us
2005-08-08T22:26:42.190Z,14.142,-90.553,87.4,4.1,mb,5,172.5,,0.05,us,usp000dwza,2014-11-07T01:26:47.410Z,"12 km NW of Taxisco, Guatemala",earthquake,,23.1,,1,reviewed,us,us
2005-08-05T05:03:53.250Z,13.534,-91.187,54.1,4.6,mb,110,71.6,,1.21,us,usp000dwqf,2014-11-07T01:26:44.318Z,"58 km SW of Puerto San José, Guatemala",earthquake,,5.3,,49,reviewed,us,us
2005-07-26T22:27:14.900Z,14.066,-90.917,63.2,4,mb,21,164.6,,1.15,us,usp000dw0g,2014-11-07T01:26:34.183Z,"14 km E of La Gomera, Guatemala",earthquake,,,,7,reviewed,us,us
2005-07-17T14:48:16.650Z,13.954,-91.537,48.8,4,mb,26,205.9,,0.85,us,usp000dvd1,2014-11-07T01:26:30.504Z,"37 km SW of Nueva Concepción, Guatemala",earthquake,,20.4,,9,reviewed,us,us
2005-07-14T13:40:54.210Z,14.359,-92.283,72.9,4.3,mb,30,184.3,,1.1,us,usp000dv6g,2014-11-07T01:26:29.481Z,"19 km SSW of Ocós, Guatemala",earthquake,,9.4,,12,reviewed,us,us
2005-07-09T10:02:37.290Z,14.293,-91.277,94.4,4.2,mb,29,158.6,,1.3,us,usp000duuk,2014-11-07T01:26:27.774Z,"9 km E of Tiquisate, Guatemala",earthquake,,11.5,,6,reviewed,us,us
2005-07-08T15:17:00.200Z,15.181,-91.776,188,4.6,mb,47,88.5,,,us,usp000dusq,2014-11-07T01:26:27.448Z,"7 km NNE of Tejutla, Guatemala",earthquake,,,,9,reviewed,unm,us
2005-06-26T21:32:00.330Z,14.093,-91.904,65.3,4.1,mb,16,168.3,,1.44,us,usp000dtz7,2014-11-07T01:26:17.763Z,"22 km S of Champerico, Guatemala",earthquake,,,,4,reviewed,us,us
2005-06-19T09:13:05.200Z,14.397,-91.636,154.8,4.2,md,6,166.8,,,us,usp000dteh,2014-11-07T01:26:15.378Z,"16 km SSE of Retalhuleu, Guatemala",earthquake,,,,,reviewed,unm,unm
2005-06-18T16:18:11.280Z,14.341,-91.187,78.4,4.4,md,15,163.4,,1.44,us,usp000dtc8,2014-11-07T01:26:15.016Z,"9 km S of San Juan Bautista, Guatemala",earthquake,,12.6,,,reviewed,us,unm
2005-06-06T00:22:23.850Z,13.806,-89.942,97.7,4,mb,24,68.6,,1.11,us,usp000dsat,2014-11-07T01:26:07.836Z,"8 km ESE of San Francisco Menéndez, El Salvador",earthquake,,,,8,reviewed,us,us
2005-05-30T11:13:55.500Z,14.074,-91.409,63.2,5.2,mwc,206,67.9,,1.24,us,usp000drwe,2025-12-19T23:15:30.659Z,"18 km SW of Nueva Concepción, Guatemala",earthquake,,,,,reviewed,us,hrv
2005-05-30T10:55:14.510Z,15.166,-92.01,124.5,4.1,mb,12,279.2,,1.33,us,usp000drwb,2014-11-07T01:25:59.458Z,"4 km ENE of Sibinal, Guatemala",earthquake,,16.7,,3,reviewed,us,us
2005-05-19T07:10:58.060Z,14.591,-91.839,74.7,5.3,mwc,249,69.1,,1.1,us,usp000dr58,2025-12-19T23:15:13.130Z,"3 km S of Génova, Guatemala",earthquake,,6.1,,,reviewed,us,hrv
2005-05-18T21:06:12.790Z,14.822,-89.475,68,4.5,mb,33,152.5,,1.12,us,usp000dr48,2014-11-07T01:25:55.777Z,"7 km NW of San Juan Ermita, Guatemala",earthquake,,11.8,,9,reviewed,us,us
2005-05-18T20:30:29.800Z,14.708,-89.582,42.1,5.3,mwc,280,97.7,,1.14,us,usp000dr45,2022-07-14T16:08:25.443Z,"1 km SSE of San José La Arada, Guatemala",earthquake,,6,,,reviewed,us,hrv
2005-05-18T05:27:20.240Z,13.538,-90.621,68.7,4.5,mb,85,107.4,,1.22,us,usp000dr33,2014-11-07T01:25:55.465Z,"near the coast of Guatemala",earthquake,,13.1,,41,reviewed,us,us
2005-05-17T10:13:13.010Z,14.475,-91.123,135.1,3.9,mb,12,191.5,,0.83,us,usp000dr0x,2014-11-07T01:25:55.283Z,"7 km NE of Patulul, Guatemala",earthquake,,16.2,,3,reviewed,us,us
2005-05-13T10:23:03.000Z,16.311,-90.432,60,4.4,mb,65,114.3,,,us,usp000dqpt,2014-11-07T01:25:52.900Z,"20 km N of Flor de Cacao, Mexico",earthquake,,,,23,reviewed,unm,us
2005-05-12T17:24:36.590Z,15.364,-90.71,35,4.3,mb,21,187.4,,1.14,us,usp000dqmm,2014-11-07T01:25:52.424Z,"9 km E of Chicamán, Guatemala",earthquake,,,,11,reviewed,us,us
2005-05-10T13:06:14.600Z,14.289,-91.555,106.7,4.5,md,8,178.9,,,us,usp000dqcx,2014-11-07T01:25:50.976Z,"20 km W of Tiquisate, Guatemala",earthquake,,,,,reviewed,unm,unm
2005-05-04T09:30:44.470Z,14.086,-89.498,49.2,4,mb,19,158.3,,1.32,us,usp000dpwh,2014-11-07T01:25:49.025Z,"5 km S of Texistepeque, El Salvador",earthquake,,12.6,,5,reviewed,us,us
2005-05-04T07:55:44.870Z,13.835,-89.759,52.7,4.8,mb,164,77.3,,1.04,us,usp000dpwb,2021-10-20T17:37:52.100Z,"1 km WSW of Juayúa, El Salvador",earthquake,,4.5,,72,reviewed,us,us
2005-04-25T03:41:58.650Z,14.056,-91.796,74.7,3.6,mb,9,202.4,,0.96,us,usp000dp5x,2014-11-07T01:25:40.830Z,"29 km SSE of Champerico, Guatemala",earthquake,,26.6,,1,reviewed,us,us
2005-04-15T03:33:43.120Z,14.116,-91.74,60.5,5.1,mwc,186,99,,1.05,us,usp000dncw,2022-05-02T17:55:07.072Z,"27 km SE of Champerico, Guatemala",earthquake,,,,,reviewed,us,hrv
2005-04-14T09:32:04.250Z,13.944,-90.455,75.1,4.2,mb,18,174.7,,0.91,us,usp000dnar,2014-11-07T01:25:35.486Z,"13 km S of Taxisco, Guatemala",earthquake,,8.3,,9,reviewed,us,us
2005-04-12T02:40:26.540Z,14.078,-91.163,92.9,5.4,mwc,327,72,,0.88,us,usp000dn4a,2025-12-19T23:21:55.447Z,"11 km W of La Gomera, Guatemala",earthquake,,4.3,,,reviewed,us,hrv
2005-04-09T14:06:29.600Z,14.058,-91.789,62,4,mb,16,161.9,,1.23,us,usp000dmqr,2014-11-07T01:25:31.640Z,"29 km SSE of Champerico, Guatemala",earthquake,,,,2,reviewed,us,us
2005-04-03T19:49:42.870Z,14.485,-92.101,114.1,4.1,mb,16,185.6,,1.37,us,usp000dm4t,2014-11-07T01:25:28.819Z,"10 km ESE of Ocós, Guatemala",earthquake,,25.6,,8,reviewed,us,us
2005-04-03T00:26:14.250Z,13.859,-89.477,153.3,4.3,mb,34,120.5,,1.04,us,usp000dm1x,2014-11-07T01:25:28.234Z,"3 km WNW of Ciudad Arce, El Salvador",earthquake,,13.3,,16,reviewed,us,us
2005-04-02T07:59:26.530Z,13.967,-91.581,83.3,4.1,mb,18,187.2,,0.99,us,usp000dkzw,2014-11-07T01:25:27.611Z,"39 km SW of Nueva Concepción, Guatemala",earthquake,,17.6,,3,reviewed,us,us
2005-04-01T17:22:16.300Z,13.5,-91.043,75.4,4.3,mb,18,186.2,,0.84,us,usp000dkxp,2014-11-07T01:25:26.771Z,"53 km SSW of Puerto San José, Guatemala",earthquake,,8.5,,5,reviewed,us,us
2005-03-30T03:45:14.110Z,15.382,-91.217,34.3,4,mb,31,145.2,,1.4,us,usp000dkm7,2014-11-07T01:25:21.669Z,"7 km WSW of Nebaj, Guatemala",earthquake,,25.8,,8,reviewed,us,us
2005-03-28T08:41:18.600Z,14.097,-92.202,49.2,4.1,mb,21,187.4,,1.16,us,usp000dk7f,2014-11-07T01:25:19.973Z,"38 km SW of Champerico, Guatemala",earthquake,,10.7,,5,reviewed,us,us
2005-03-19T17:16:43.340Z,15.199,-92.376,106.2,4.5,mb,79,72.6,,1.33,us,usp000djjv,2014-11-07T01:25:16.557Z,"7 km NE of Tuzantán, Mexico",earthquake,,,,29,reviewed,us,us
2005-03-19T09:04:35.180Z,13.85,-91.014,87.1,4,mb,18,180.7,,1.04,us,usp000djhx,2014-11-07T01:25:16.429Z,"22 km WSW of Puerto San José, Guatemala",earthquake,,9.2,,1,reviewed,us,us
2005-03-18T08:46:35.960Z,14.187,-90.652,131.9,4.1,mb,15,193.7,,1.05,us,usp000djf2,2014-11-07T01:25:16.053Z,"4 km SSW of Guanagazapa, Guatemala",earthquake,,15.9,,3,reviewed,us,us
2005-03-17T13:37:37.110Z,15.144,-91.381,197.4,6.1,mwb,538,27.9,,0.94,us,usp000djd5,2022-07-14T17:17:27.843Z,"10 km NE of San Bartolo, Guatemala",earthquake,,,,,reviewed,us,us
2005-03-05T16:31:40.290Z,15.696,-88.598,10,4.2,mb,22,134.1,,1.17,us,usp000dhkg,2014-11-07T01:25:11.209Z,"Honduras-Guatemala border region",earthquake,,,,6,reviewed,us,us
2005-03-02T13:45:19.800Z,14.287,-92.253,15,4.6,mb,19,293.8,,0.7,us,usp000dhcd,2014-11-07T01:25:09.797Z,"25 km SSW of Ocós, Guatemala",earthquake,,0,,4,reviewed,us,us
2005-03-01T00:03:40.000Z,17.452,-92.286,13.4,3.9,md,4,151.2,,,us,usp000dh80,2014-11-07T01:25:06.888Z,"6 km NE of Cenobio Aguilar (La Trinidad), Mexico",earthquake,,,,,reviewed,unm,unm
2005-02-26T19:06:14.270Z,13.61,-91.307,35,4.5,mb,8,170.9,,1.28,us,usp000dh1c,2014-11-07T01:25:04.229Z,"58 km SSW of La Gomera, Guatemala",earthquake,,,,3,reviewed,us,us
2005-02-26T09:46:16.280Z,14.193,-91.4,69.9,4.6,mb,101,79.1,,1,us,usp000dh06,2014-11-07T01:25:03.886Z,"10 km W of Nueva Concepción, Guatemala",earthquake,,,,47,reviewed,us,us
2005-02-17T13:38:48.460Z,13.572,-88.322,202.3,4.5,mb,64,65,,0.97,us,usp000dgc5,2014-11-07T01:25:00.745Z,"3 km NE of Lolotique, El Salvador",earthquake,,8.7,,28,reviewed,us,us
2005-02-14T12:46:21.660Z,14.095,-92.027,48.6,4,mb,24,202.2,,0.96,us,usp000dg47,2014-11-07T01:24:59.488Z,"25 km SSW of Champerico, Guatemala",earthquake,,9.7,,10,reviewed,us,us
2005-02-14T06:23:39.060Z,13.933,-91.733,62.7,3.8,mb,17,181.5,,1.23,us,usp000dg3p,2014-11-07T01:24:59.434Z,"44 km SSE of Champerico, Guatemala",earthquake,,14.6,,6,reviewed,us,us
2005-02-12T08:33:13.930Z,14.076,-91.634,61.2,4.8,mb,120,68.3,,1.01,us,usp000dfzc,2014-11-07T01:24:58.929Z,"37 km SW of Tiquisate, Guatemala",earthquake,,,,39,reviewed,us,us
2005-02-12T08:32:03.780Z,14.245,-91.627,76.9,4.3,mb,59,104.8,,0.98,us,usp000dfzb,2014-11-07T01:24:58.924Z,"29 km W of Tiquisate, Guatemala",earthquake,,10.1,,18,reviewed,us,us
2005-02-12T08:31:53.640Z,15.349,-90.405,28.2,4.3,mb,12,147.1,,1.36,us,usp000dfza,2014-11-07T01:24:58.923Z,"3 km SE of Santa Cruz Verapaz, Guatemala",earthquake,,29.7,,1,reviewed,us,us
2005-02-12T04:30:55.250Z,13.824,-89.084,10,3.8,mb,14,92.3,,0.65,us,usp000dfyv,2014-11-07T01:24:58.859Z,"6 km NE of Tonacatepeque, El Salvador",earthquake,,,,3,reviewed,us,us
2005-02-05T12:10:22.370Z,14.33,-91.297,67.5,4.2,mb,23,176,,1.35,us,usp000dfj1,2014-11-07T01:24:56.301Z,"8 km SSE of Río Bravo, Guatemala",earthquake,,,,13,reviewed,us,us
2005-01-28T02:25:03.980Z,14.175,-91.728,64.4,4.4,mb,75,136.4,,0.87,us,usp000detd,2014-11-07T01:24:47.445Z,"23 km ESE of Champerico, Guatemala",earthquake,,6.4,,29,reviewed,us,us
2005-01-27T01:09:41.780Z,13.802,-92.033,41.9,4.4,mb,63,150,,1.24,us,usp000dege,2014-11-07T01:24:45.196Z,"55 km SSW of Champerico, Guatemala",earthquake,,10.1,,27,reviewed,us,us
2005-01-24T15:38:56.480Z,15.37,-90.194,9.9,3.7,mb,12,189.8,,1.34,us,usp000de7j,2014-11-07T01:24:44.068Z,"8 km NNE of Tamahú, Guatemala",earthquake,,43.7,,2,reviewed,us,us
2005-01-24T10:14:21.190Z,14.492,-91.891,83.1,4,mb,27,217.7,,0.7,us,usp000de6q,2014-11-07T01:24:43.997Z,"15 km SSW of Génova, Guatemala",earthquake,,9.9,,8,reviewed,us,us
2005-01-20T11:53:46.000Z,13.632,-90.845,62.2,4.4,mb,55,81.2,,1.11,us,usp000ddv5,2014-11-07T01:24:42.182Z,"32 km S of Puerto San José, Guatemala",earthquake,,10.1,,30,reviewed,us,us
2005-01-20T02:06:46.970Z,13.56,-91.071,90.2,4,mb,24,193.3,,1.31,us,usp000ddub,2014-11-07T01:24:42.069Z,"48 km SSW of Puerto San José, Guatemala",earthquake,,24.4,,14,reviewed,us,us
2005-01-20T00:58:25.920Z,13.589,-90.239,81,4,mb,20,171.5,,1.44,us,usp000ddu4,2014-11-07T01:24:42.052Z,"37 km SW of San Francisco Menéndez, El Salvador",earthquake,,11.3,,7,reviewed,us,us
2005-01-18T03:42:41.970Z,13.628,-90.982,62.2,4.4,mb,37,183.7,,1.32,us,usp000ddn6,2014-11-07T01:24:40.833Z,"37 km SSW of Puerto San José, Guatemala",earthquake,,10.5,,14,reviewed,us,us
2005-01-11T03:13:57.160Z,14.594,-90.769,142,3.9,mb,11,124.6,,1.13,us,usp000dd16,2014-11-07T01:24:37.053Z,"1 km W of Pastores, Guatemala",earthquake,,16.3,,1,reviewed,us,us
2005-01-10T18:42:27.070Z,14.119,-91.693,55.7,4.1,mb,32,199.9,,1.24,us,usp000dd00,2014-11-07T01:24:36.691Z,"30 km SE of Champerico, Guatemala",earthquake,,,,10,reviewed,us,us
2005-01-10T13:40:00.420Z,13.821,-89.63,112.2,3.3,mb,17,123,,1.14,us,usp000dczf,2014-11-07T01:24:36.638Z,"9 km NNE of Izalco, El Salvador",earthquake,,15.5,,2,reviewed,us,us
2005-01-09T21:15:21.480Z,15.907,-88.46,11.2,4,mb,22,104,,1.29,us,usp000dcxq,2014-11-07T01:24:36.370Z,"24 km NE of Puerto Barrios, Guatemala",earthquake,,32.3,,6,reviewed,us,us
2005-01-09T19:36:03.360Z,13.754,-89.848,118.3,4.1,mb,28,110.9,,1.23,us,usp000dcxc,2014-11-07T01:24:36.345Z,"0 km WNW of Guaymango, El Salvador",earthquake,,20.5,,13,reviewed,us,us
2005-01-08T02:52:52.890Z,13.764,-90.122,73.7,4.5,md,21,174.5,,1.16,us,usp000dcs0,2014-11-07T01:24:35.610Z,"14 km SW of San Francisco Menéndez, El Salvador",earthquake,,9.8,,,reviewed,us,unm
2005-01-01T01:20:05.360Z,13.785,-88.778,193.1,4.7,mwc,102,84.8,,0.77,us,usp000dcb4,2016-11-10T00:57:24.314Z,"8 km NE of San Sebastián, El Salvador",earthquake,,7.6,,,reviewed,us,hrv
2004-12-27T11:54:58.630Z,13.89,-91.756,78.3,4.4,md,8,267.1,,1.49,us,usp000dbvt,2014-11-07T01:24:25.304Z,"47 km SSE of Champerico, Guatemala",earthquake,,23.7,,,reviewed,us,unm
2004-12-24T04:58:25.460Z,13.847,-89.726,44.3,3.7,mb,12,128.9,,1.14,us,usp000dbau,2014-11-07T01:24:21.058Z,"2 km ENE of Juayúa, El Salvador",earthquake,,14.5,,1,reviewed,us,us
2004-12-22T04:32:49.470Z,14.348,-91.927,78.8,4.3,mb,55,136.3,,1.05,us,usp000db6n,2014-11-07T01:24:20.184Z,"6 km NNW of Champerico, Guatemala",earthquake,,10,,21,reviewed,us,us
2004-12-19T17:48:41.470Z,14.538,-91.567,122.4,3.8,mb,15,291.6,,0.83,us,usp000db1c,2014-11-07T01:24:19.388Z,"0 km ESE of Cuyotenango, Guatemala",earthquake,,32.8,,3,reviewed,us,us
2004-12-14T12:18:13.700Z,13.894,-88.811,188.2,4.2,mb,13,122.5,,1.25,us,usp000dapp,2014-11-07T01:24:16.835Z,"16 km NE of San Martín, El Salvador",earthquake,,15.7,,2,reviewed,us,us
2004-12-11T16:35:49.380Z,14.95,-90.813,206.7,4.6,mb,29,113.4,,1.04,us,usp000dafx,2014-11-07T01:24:15.822Z,"4 km SSW of Joyabaj, Guatemala",earthquake,,12.6,,14,reviewed,us,us
2004-12-11T07:44:31.880Z,14.422,-92.459,79.5,4.1,mb,15,287,,0.73,us,usp000daf9,2014-11-07T01:24:15.773Z,"28 km WSW of Brisas Barra de Suchiate, Mexico",earthquake,,51.3,,1,reviewed,us,us
2004-12-07T02:11:02.690Z,13.996,-91.145,80.2,3.9,mb,16,198.3,,1.33,us,usp000da7w,2014-11-07T01:24:14.793Z,"13 km SW of La Gomera, Guatemala",earthquake,,12.6,,4,reviewed,us,us
2004-12-05T22:12:27.490Z,14.185,-91.199,77.1,4.2,mb,35,108.3,,1.29,us,usp000da4t,2014-11-07T01:24:14.201Z,"11 km E of Nueva Concepción, Guatemala",earthquake,,8.6,,14,reviewed,us,us
2004-12-03T13:58:34.220Z,14.251,-92.112,76,4.5,mb,82,92.8,,0.87,us,usp000d9x1,2014-11-07T01:24:12.830Z,"22 km WSW of Champerico, Guatemala",earthquake,,6.8,,33,reviewed,us,us
2004-11-20T22:48:24.600Z,13.888,-91.832,5.1,4.5,md,8,187.2,,,us,usp000d8ux,2014-11-07T01:24:03.337Z,"45 km S of Champerico, Guatemala",earthquake,,,,,reviewed,unm,unm
2004-11-08T17:48:04.100Z,16.363,-91.314,16.1,4.2,md,4,337.8,,,us,usp000d7yr,2014-11-07T01:23:57.600Z,"Mexico-Guatemala border region",earthquake,,,,,reviewed,unm,unm
2004-11-08T06:05:30.100Z,16.445,-91.387,10,4.2,mb,18,127.3,,1.5,us,usp000d7xk,2014-11-07T01:23:57.235Z,"3 km SSE of Ramón F. Balboa, Mexico",earthquake,,0,,7,reviewed,us,us
2004-10-21T20:40:36.380Z,15.709,-92.383,194.8,4.2,mb,29,88.8,,1.33,us,usp000d6tb,2014-11-07T01:23:47.564Z,"8 km WNW of Piedra Labrada, Mexico",earthquake,,7,,7,reviewed,us,us
2004-10-18T01:04:11.960Z,13.744,-91,10,4,mb,11,301,,1.32,us,usp000d6kb,2014-11-07T01:23:46.840Z,"27 km SW of Puerto San José, Guatemala",earthquake,,,,4,reviewed,us,us
2004-10-17T07:02:01.840Z,16.36,-91.011,89,4.3,mb,30,184.7,,1.29,us,usp000d6hy,2014-11-07T01:23:46.582Z,"26 km W of Zamora Pico de Oro, Mexico",earthquake,,20.7,,13,reviewed,us,us
2004-10-02T22:58:51.050Z,13.736,-89.506,129.1,4.2,mb,7,128.4,,0.62,us,usp000d5n2,2014-11-07T01:23:40.908Z,"1 km SW of Armenia, El Salvador",earthquake,,17.2,,2,reviewed,us,us
2004-09-29T06:37:48.240Z,13.793,-88.754,195.7,4.3,mb,22,85.4,,0.63,us,usp000d59v,2014-11-07T01:23:34.696Z,"10 km NE of San Sebastián, El Salvador",earthquake,,10.8,,8,reviewed,us,us
2004-09-17T23:43:21.760Z,16.502,-91.318,10,5.2,mwc,342,74,,0.94,us,usp000d4gw,2022-05-02T17:27:14.389Z,"9 km ENE of Ramón F. Balboa, Mexico",earthquake,,0,,,reviewed,us,hrv
2004-09-15T21:46:35.900Z,15.177,-92.393,75.1,4.1,md,8,172,,,us,usp000d4bq,2014-11-07T01:23:29.569Z,"4 km NE of Tuzantán, Mexico",earthquake,,,,,reviewed,unm,unm
2004-09-13T13:40:32.230Z,14.24,-91.771,61.3,4.6,mb,110,72,,1.3,us,usp000d472,2014-11-07T01:23:28.851Z,"16 km ESE of Champerico, Guatemala",earthquake,,,,36,reviewed,us,us
2004-09-05T14:56:42.820Z,13.812,-91.433,47.4,4.2,mb,25,180.3,,1.17,us,usp000d3ma,2014-11-07T01:23:25.821Z,"45 km SSW of Nueva Concepción, Guatemala",earthquake,,10.8,,4,reviewed,us,us
2004-09-01T21:01:13.250Z,14.901,-92.352,106.6,3.8,mb,11,199,,0.64,us,usp000d3ce,2014-11-07T01:23:22.399Z,"2 km WSW of Viva México, Mexico",earthquake,,12.6,,1,reviewed,us,us
2004-08-25T13:41:20.860Z,13.966,-92.172,59.6,4,mb,18,139.1,,1.31,us,usp000d2v2,2014-11-07T01:23:15.859Z,"45 km SW of Champerico, Guatemala",earthquake,,12.7,,2,reviewed,us,us
2004-08-25T09:30:08.500Z,13.683,-89.658,106,3.9,md,9,129.7,,1.48,us,usp000d2uk,2014-11-07T01:23:15.821Z,"7 km SSE of Izalco, El Salvador",earthquake,,23.2,,,reviewed,us,snet
2004-08-21T04:29:35.040Z,14.519,-89.692,283.7,4.5,mb,43,96.2,,0.7,us,usp000d2k3,2014-11-07T01:23:14.874Z,"Guatemala",earthquake,,8.1,,15,reviewed,us,us
2004-08-07T10:33:12.020Z,13.585,-88.592,66.9,3.7,md,14,123,,0.93,us,usp000d1pf,2014-11-07T01:23:09.888Z,"11 km NW of Berlín, El Salvador",earthquake,,,,,reviewed,us,snet
2004-08-03T15:39:53.400Z,13.857,-91.294,30.1,4.3,md,7,166,,,us,usp000d1d4,2014-11-07T01:23:08.095Z,"35 km SW of La Gomera, Guatemala",earthquake,,,,,reviewed,unm,unm
2004-07-30T16:47:07.300Z,13.764,-90.996,44.9,4.1,mb,24,226.9,,1.11,us,usp000d154,2014-11-07T01:23:02.686Z,"26 km SW of Puerto San José, Guatemala",earthquake,,20.3,,9,reviewed,us,us
2004-07-25T19:17:32.560Z,14.939,-92.173,95.7,4.2,mb,29,125.4,,1.47,us,usp000d0vf,2014-11-07T01:22:59.106Z,"0 km W of Tuxtla Chico, Mexico",earthquake,,7.9,,7,reviewed,us,us
2004-07-20T07:26:38.100Z,13.935,-89.776,10,3.4,mb,10,128.7,,1.25,us,usp000d0hu,2014-11-07T01:22:56.182Z,"5 km SSW of Atiquizaya, El Salvador",earthquake,,,,1,reviewed,us,us
2004-07-08T23:51:56.800Z,14.127,-91.085,84.9,4.4,mb,46,156.7,,1.19,us,usp000czt7,2014-11-07T01:22:52.227Z,"5 km NW of La Gomera, Guatemala",earthquake,,10.2,,21,reviewed,us,us
2004-07-07T13:11:20.600Z,13.612,-90.238,62.3,3.5,md,21,127.9,,,us,usp000czqk,2014-11-07T01:22:51.736Z,"35 km SW of San Francisco Menéndez, El Salvador",earthquake,,,,,reviewed,snet,snet
2004-07-04T00:28:38.160Z,15.47,-90.831,8.7,3.7,mb,15,155.4,,1.63,us,usp000czgy,2014-11-07T01:22:50.023Z,"13 km NNW of Chicamán, Guatemala",earthquake,,38.3,,6,reviewed,us,us
2004-06-27T10:00:43.140Z,13.694,-91.069,10,4.1,mb,36,183.5,,1.18,us,usp000cyyt,2014-11-07T01:22:42.278Z,"37 km SW of Puerto San José, Guatemala",earthquake,,,,13,reviewed,us,us
2004-06-22T15:43:18.610Z,14.101,-91.073,82.4,4,mb,28,128.8,,1.41,us,usp000cyhd,2014-11-07T01:22:40.553Z,"2 km NW of La Gomera, Guatemala",earthquake,,10.2,,4,reviewed,us,us
2004-06-18T19:16:53.630Z,13.8,-90.619,52.8,4.5,md,21,148.2,,1.26,us,usp000cy6q,2014-11-07T01:22:38.869Z,"17 km SSE of Iztapa, Guatemala",earthquake,,14.6,,,reviewed,us,unm
2004-06-11T03:52:31.390Z,14.182,-91.171,43.7,3.6,mb,9,177.3,,0.96,us,usp000cxnn,2014-11-07T01:22:36.245Z,"14 km E of Nueva Concepción, Guatemala",earthquake,,18,,3,reviewed,us,us
2004-06-07T16:04:45.580Z,13.944,-91.287,56.2,4,mb,30,148.6,,1.3,us,usp000cxc2,2014-11-07T01:22:34.869Z,"28 km S of Nueva Concepción, Guatemala",earthquake,,,,6,reviewed,us,us
2004-05-30T12:35:07.460Z,14.503,-91.315,182.7,3.8,md,6,170.4,,0.8,us,usp000cwmt,2014-11-07T01:22:26.325Z,"4 km SSE of Chicacao, Guatemala",earthquake,,21.5,,,reviewed,us,unm
2004-05-26T14:41:59.200Z,13.659,-91.313,61.9,4.3,md,11,280.2,,1.18,us,usp000cw9t,2014-11-07T01:22:24.445Z,"54 km SSW of La Gomera, Guatemala",earthquake,,24.3,,,reviewed,us,unm
2004-05-24T01:30:26.600Z,13.722,-91.616,76,4.3,md,16,279,,,us,usp000cw1s,2014-11-07T01:22:23.589Z,"62 km SSW of Nueva Concepción, Guatemala",earthquake,,,,,reviewed,unm,unm
2004-05-15T18:10:08.540Z,14.235,-92.362,73.7,4.3,mb,47,99.8,,1.03,us,usp000cv4z,2014-11-07T01:22:19.280Z,"35 km SSW of Ocós, Guatemala",earthquake,,6.5,,12,reviewed,us,us
2004-05-10T22:58:25.580Z,14.357,-91.232,103.3,3.8,mb,8,197.4,,1.13,us,usp000cupy,2014-11-07T01:22:17.106Z,"8 km S of Santa Bárbara, Guatemala",earthquake,,19.9,,2,reviewed,us,us
2004-05-10T04:15:54.150Z,14.888,-92.199,84.1,4.4,md,16,175.1,,1.21,us,usp000cum8,2014-11-07T01:22:16.499Z,"1 km WNW of 2da. Sección de Medio Monte, Mexico",earthquake,,8.7,,,reviewed,us,unm
2004-05-09T20:00:27.670Z,14.463,-91.359,117,3.5,mb,8,197.3,,0.65,us,usp000cuk2,2014-11-07T01:22:16.322Z,"6 km ENE of San José El Ídolo, Guatemala",earthquake,,24.1,,1,reviewed,us,us
2004-05-07T06:57:59.670Z,13.92,-91.837,40.8,4.6,mb,125,99.1,,1.31,us,usp000cuc2,2014-11-07T01:22:15.592Z,"42 km S of Champerico, Guatemala",earthquake,,6.7,,38,reviewed,us,us
2004-05-06T17:04:10.650Z,13.86,-91.729,30.5,4.7,mb,94,87.6,,0.96,us,usp000cua8,2014-11-07T01:22:15.351Z,"51 km SSE of Champerico, Guatemala",earthquake,,13.4,,30,reviewed,us,us
2004-05-06T13:45:07.960Z,14.176,-90.929,138.6,4.3,mb,17,120.1,,1.24,us,usp000cu9y,2014-11-07T01:22:15.293Z,"6 km SSE of La Democracia, Guatemala",earthquake,,27.4,,11,reviewed,us,us
2004-05-03T05:12:40.100Z,14.461,-90.726,124.6,5.7,mwc,336,35.6,,1.34,us,usp000cu24,2022-05-02T17:10:23.595Z,"4 km SSW of Santa María de Jesús, Guatemala",earthquake,,,,,reviewed,us,hrv
2004-04-29T14:03:42.200Z,15.089,-91.58,168.1,4,md,7,261.2,,,us,usp000ctr6,2014-11-07T01:22:08.694Z,"7 km ENE of Cabricán, Guatemala",earthquake,,,,,reviewed,unm,unm
2004-04-23T12:41:41.690Z,13.666,-90.573,76.5,4,mb,28,130,,1.33,us,usp000ct76,2014-11-07T01:22:04.702Z,"32 km SSE of Iztapa, Guatemala",earthquake,,,,6,reviewed,us,us
2004-04-19T05:09:39.460Z,14.314,-91.76,40.4,5.1,mwc,167,105,,1.25,us,usp000cswk,2022-05-02T17:09:03.416Z,"16 km E of Champerico, Guatemala",earthquake,,,,,reviewed,us,hrv
2004-04-05T10:05:41.610Z,14.307,-91.961,76.6,4.4,mb,74,82.9,,1.25,us,usp000crrr,2014-11-07T01:21:54.827Z,"5 km WNW of Champerico, Guatemala",earthquake,,6.3,,15,reviewed,us,us
2004-04-01T08:13:05.300Z,13.854,-91.897,62.9,3.7,mb,23,181.3,,0.81,us,usp000cre4,2014-11-07T01:21:51.466Z,"48 km S of Champerico, Guatemala",earthquake,,11.1,,4,reviewed,us,us
2004-03-28T07:31:58.290Z,13.572,-90.662,67.7,4.1,mb,57,71.4,,1.01,us,usp000cr3n,2014-11-07T01:21:48.258Z,"40 km S of Iztapa, Guatemala",earthquake,,6.6,,16,reviewed,us,us
2004-03-22T09:41:21.530Z,13.728,-91.447,56.7,4.7,mb,150,108.6,,1.09,us,usp000cqkx,2014-11-07T01:21:46.021Z,"54 km SSW of Nueva Concepción, Guatemala",earthquake,,4.3,,50,reviewed,us,us
2004-03-20T05:21:15.510Z,13.75,-90.548,57.8,3.9,mb,22,150.4,,1.29,us,usp000cqe9,2014-11-07T01:21:45.018Z,"26 km SE of Iztapa, Guatemala",earthquake,,,,5,reviewed,us,us
2004-03-19T14:59:33.530Z,14.119,-92.226,62.3,4.5,mb,47,114.9,,0.98,us,usp000cqc7,2014-11-07T01:21:44.804Z,"38 km WSW of Champerico, Guatemala",earthquake,,6.2,,9,reviewed,us,us
2004-03-14T14:30:46.260Z,13.936,-92.061,66.8,3.5,mb,14,204.5,,0.67,us,usp000cpxv,2014-11-07T01:21:42.156Z,"42 km SSW of Champerico, Guatemala",earthquake,,15.9,,1,reviewed,us,us
2004-03-14T13:23:47.140Z,13.538,-91.352,43.5,4.3,md,11,135,,0.95,us,usp000cpxg,2014-11-07T01:21:42.129Z,"68 km SSW of La Gomera, Guatemala",earthquake,,13.6,,,reviewed,us,unm
2004-03-13T15:27:52.980Z,13.978,-91.885,74.1,4.2,mb,57,103.1,,0.86,us,usp000cpv0,2014-11-07T01:21:41.731Z,"35 km S of Champerico, Guatemala",earthquake,,10.5,,14,reviewed,us,us
2004-03-13T13:14:19.370Z,13.825,-92.313,10,4,mb,8,186.9,,1.08,us,usp000cpur,2014-11-07T01:21:41.701Z,"67 km SW of Champerico, Guatemala",earthquake,,,,2,reviewed,us,us
2004-03-02T13:44:20.330Z,14.467,-92.029,27.9,3.9,mb,16,179.3,,1.23,us,usp000cnxf,2014-11-07T01:21:36.984Z,"18 km ESE of Ocós, Guatemala",earthquake,,,,2,reviewed,us,us
2004-02-28T18:49:05.340Z,14.051,-91.827,83,4.3,mb,36,109.1,,1.07,us,usp000cnnd,2014-11-07T01:21:32.063Z,"28 km SSE of Champerico, Guatemala",earthquake,,,,13,reviewed,us,us
2004-02-27T04:15:27.200Z,15.179,-92.5,121.2,4.2,md,15,172.9,,,us,usp000cnfd,2014-11-07T01:21:31.106Z,"5 km E of Lázaro Cárdenas, Mexico",earthquake,,,,,reviewed,unm,unm
2004-02-26T08:47:57.960Z,13.842,-92.256,42.9,4.6,mb,91,57.5,,1.34,us,usp000cnbt,2014-11-07T01:21:29.353Z,"62 km SW of Champerico, Guatemala",earthquake,,,,28,reviewed,us,us
2004-02-25T18:52:35.310Z,13.89,-91.997,63.2,4.8,mb,129,97.8,,0.86,us,usp000cn91,2014-11-07T01:21:28.918Z,"45 km SSW of Champerico, Guatemala",earthquake,,3.8,,47,reviewed,us,us
2004-02-25T18:22:23.650Z,13.991,-92.145,35.5,5.9,mwb,188,102.8,,1.3,us,usp000cn8v,2022-05-02T17:04:08.898Z,"41 km SW of Champerico, Guatemala",earthquake,,,,,reviewed,us,us
2004-02-25T14:00:38.090Z,13.715,-92.394,39.4,4.8,mb,144,98,,1.01,us,usp000cn7q,2014-11-07T01:21:28.364Z,"82 km SW of Champerico, Guatemala",earthquake,,3.6,,46,reviewed,us,us
2004-02-25T11:53:12.110Z,13.985,-92.186,31.3,5.4,mwc,120,84.7,,1.23,us,usp000cn7c,2025-12-19T23:11:29.093Z,"45 km SW of Champerico, Guatemala",earthquake,,,,,reviewed,us,hrv
2004-02-15T02:10:27.810Z,13.642,-90.708,57.2,3.5,mb,12,144,,0.82,us,usp000cm70,2014-11-07T01:21:21.339Z,"32 km S of Iztapa, Guatemala",earthquake,,10.6,,5,reviewed,us,us
2004-02-12T08:03:01.360Z,14.033,-91.728,55.8,3.9,mb,20,128.4,,1.2,us,usp000cm18,2014-11-07T01:21:20.608Z,"35 km SE of Champerico, Guatemala",earthquake,,14.7,,9,reviewed,us,us
2004-01-26T20:57:17.000Z,14.391,-92.034,95.4,4.5,mb,11,161.2,,,us,usp000cjrd,2014-11-07T01:21:08.308Z,"17 km NW of Champerico, Guatemala",earthquake,,,,1,reviewed,unm,us
2004-01-26T07:06:01.960Z,14.566,-92.182,141,4.1,mb,18,184.7,,0.94,us,usp000cjq3,2014-11-07T01:21:08.105Z,"3 km SSE of La Libertad, Mexico",earthquake,,29.1,,5,reviewed,us,us
2004-01-26T03:46:46.660Z,14.003,-92.158,27.3,4.1,mb,30,299.4,,1.21,us,usp000cjpr,2014-11-07T01:21:08.076Z,"41 km SW of Champerico, Guatemala",earthquake,,71.8,,7,reviewed,us,us
2004-01-24T21:31:46.370Z,14.025,-90.69,71.6,4,mb,30,117.7,,1.39,us,usp000cjku,2014-11-07T01:21:07.388Z,"10 km N of Iztapa, Guatemala",earthquake,,,,12,reviewed,us,us
2004-01-23T05:41:45.210Z,15.084,-91.722,127.8,3.7,md,16,150.7,,1.23,us,usp000cjg4,2014-11-07T01:21:06.889Z,"3 km ESE of Comitancillo, Guatemala",earthquake,,12.4,,,reviewed,us,unm
2004-01-21T20:36:52.960Z,14.439,-89.986,272.4,3.9,mb,13,149,,1.11,us,usp000cjdn,2014-11-07T01:21:06.594Z,"14 km WSW of Monjas, Guatemala",earthquake,,30.1,,7,reviewed,us,us
2004-01-12T11:07:26.700Z,15.141,-92.324,137.9,4.2,md,8,284.2,,,us,usp000chr2,2014-11-07T01:21:03.382Z,"4 km NE of Cantón Villaflor, Mexico",earthquake,,,,,reviewed,unm,unm
2004-01-04T10:51:44.800Z,15.442,-92.407,182.5,4.3,md,4,258.4,,,us,usp000ch34,2014-11-07T01:20:59.012Z,"13 km W of El Porvenir de Velasco Suárez, Mexico",earthquake,,,,,reviewed,unm,unm
2004-01-02T16:43:13.620Z,14.379,-89.988,234.5,4.7,mb,57,140,,1.2,us,usp000cgvz,2014-11-07T01:20:56.715Z,"13 km NNE of Quesada, Guatemala",earthquake,,9.5,,23,reviewed,us,us
2003-12-31T11:12:16.120Z,15.15,-91.867,181.9,4.2,md,14,264.5,,1.2,us,usp000cgmz,2014-11-07T01:20:51.917Z,"7 km WNW of Tejutla, Guatemala",earthquake,,8.8,,,reviewed,us,unm
2003-12-18T17:52:44.970Z,13.651,-88.77,33,4.3,mb,18,113.6,,1.42,us,usp000cfgr,2014-11-07T01:20:46.685Z,"2 km SE of Apastepeque, El Salvador",earthquake,,,,8,reviewed,us,us
2003-12-17T20:03:51.810Z,13.906,-92.455,33,4.1,mb,24,182.2,,1.24,us,usp000cff7,2014-11-07T01:20:46.400Z,"72 km SSW of Ocós, Guatemala",earthquake,,,,5,reviewed,us,us
2003-12-09T03:14:42.920Z,13.873,-91.502,63,4.3,mb,46,110,,1.31,us,usp000cev4,2014-11-07T01:20:43.387Z,"42 km SSW of Nueva Concepción, Guatemala",earthquake,,,,13,reviewed,us,us
2003-12-07T16:52:43.940Z,13.755,-90.126,69.8,3.6,mb,20,231.1,,1.04,us,usp000cerw,2014-11-07T01:20:42.480Z,"15 km SW of San Francisco Menéndez, El Salvador",earthquake,,,,6,reviewed,us,us
2003-12-07T16:17:44.240Z,14.353,-89.999,200,4.3,mb,14,231.5,,0.77,us,usp000ceru,2014-11-07T01:20:42.476Z,"10 km NNE of Quesada, Guatemala",earthquake,,,,3,reviewed,us,us
2003-12-01T07:07:31.100Z,13.729,-91.75,70.8,4.3,md,17,312.8,,,us,usp000ce95,2014-11-07T01:20:38.283Z,"64 km SSE of Champerico, Guatemala",earthquake,,,,,reviewed,unm,unm
2003-11-26T16:43:02.250Z,13.998,-91.977,64.2,4.2,mb,11,243.1,,1.23,us,usp000cdy9,2014-11-07T01:20:33.819Z,"33 km SSW of Champerico, Guatemala",earthquake,,,,2,reviewed,us,us
2003-11-18T07:28:15.420Z,14.345,-91.083,33,3.7,mb,12,333.8,,0.81,us,usp000cd99,2014-11-07T01:20:30.935Z,"6 km W of Santa Lucía Cotzumalguapa, Guatemala",earthquake,,,,1,reviewed,us,us
2003-11-10T12:04:54.660Z,14.328,-92.095,33,4.8,mb,115,99.4,,0.8,us,usp000cchx,2014-11-07T01:20:26.988Z,"20 km W of Champerico, Guatemala",earthquake,,,,59,reviewed,us,us
2003-11-08T17:05:10.470Z,14.092,-91.34,33,3.6,mb,12,184.3,,0.41,us,usp000cccf,2014-11-07T01:20:25.815Z,"12 km SSW of Nueva Concepción, Guatemala",earthquake,,,,6,reviewed,us,us
2003-11-06T15:19:56.320Z,13.927,-91.531,71,4.5,mb,76,110.1,,0.9,us,usp000cc7h,2014-11-07T01:20:25.304Z,"39 km SW of Nueva Concepción, Guatemala",earthquake,,8.9,,31,reviewed,us,us
2003-11-03T12:58:11.960Z,14.414,-92.48,100,4.2,mb,20,205,,1.2,us,usp000cbzc,2014-11-07T01:20:23.879Z,"30 km WSW of Brisas Barra de Suchiate, Mexico",earthquake,,,,4,reviewed,us,us
2003-11-03T12:55:46.440Z,14.388,-92.478,100,4.1,mb,23,205,,0.85,us,usp000cbzb,2014-11-07T01:20:23.872Z,"31 km WSW of Brisas Barra de Suchiate, Mexico",earthquake,,,,6,reviewed,us,us
2003-10-29T04:42:55.910Z,13.854,-89.553,100,3.5,mb,9,231.4,,0.77,us,usp000cbhe,2014-11-07T01:20:17.031Z,"8 km SW of El Congo, El Salvador",earthquake,,,,1,reviewed,us,us
2003-10-19T13:37:43.550Z,13.737,-90.281,78.5,4.2,mb,54,107,,1.06,us,usp000casv,2014-11-07T01:20:13.775Z,"27 km SSW of Pasaco, Guatemala",earthquake,,,,17,reviewed,us,us
2003-10-19T06:30:13.850Z,13.993,-91.332,79.6,3.9,mb,12,173.5,,1.35,us,usp000cas1,2014-11-07T01:20:13.718Z,"23 km S of Nueva Concepción, Guatemala",earthquake,,15.6,,1,reviewed,us,us
2003-10-17T13:24:56.660Z,13.696,-88.611,33,3.9,md,14,143.6,,0.98,us,usp000cam9,2014-11-07T01:20:13.217Z,"18 km E of Apastepeque, El Salvador",earthquake,,,,,reviewed,us,snet
2003-10-04T11:17:40.120Z,14.855,-91.065,33,3.7,mb,19,131.8,,0.95,us,usp000c9jn,2014-11-07T01:20:08.278Z,"10 km SSE of Chichicastenango, Guatemala",earthquake,,,,5,reviewed,us,us
2003-10-04T10:13:19.950Z,13.975,-91.423,33,4.2,mb,16,300.7,,1.03,us,usp000c9je,2014-11-07T01:20:08.264Z,"28 km SSW of Nueva Concepción, Guatemala",earthquake,,,,4,reviewed,us,us
2003-10-04T09:11:46.850Z,14.047,-91.19,33,4,mb,28,113.7,,1.16,us,usp000c9jb,2014-11-07T01:20:08.258Z,"15 km WSW of La Gomera, Guatemala",earthquake,,,,5,reviewed,us,us
2003-10-04T07:55:37.760Z,14.258,-91.366,33,4,mb,28,97.5,,1.28,us,usp000c9j4,2014-11-07T01:20:08.242Z,"2 km SSW of Tiquisate, Guatemala",earthquake,,,,10,reviewed,us,us
2003-10-01T02:12:38.510Z,14.557,-90.888,101.1,3.7,mb,23,176.6,,0.86,us,usp000c974,2014-11-07T01:20:04.030Z,"6 km E of Acatenango, Guatemala",earthquake,,12.9,,6,reviewed,us,us
2003-09-29T04:26:02.350Z,14.888,-92.345,33,4.6,mb,90,80.3,,1.27,us,usp000c913,2014-11-07T01:19:59.339Z,"3 km SW of Viva México, Mexico",earthquake,,,,26,reviewed,us,us
2003-09-27T03:32:33.070Z,15.765,-92.314,190.6,4.2,mb,23,138.5,,1.34,us,usp000c8ry,2014-11-07T01:19:57.560Z,"4 km NW of Chicomuselo, Mexico",earthquake,,,,4,reviewed,us,us
2003-09-23T20:28:03.680Z,13.964,-90.436,73.8,4,mb,25,107.2,,1.04,us,usp000c8ep,2014-11-07T01:19:54.873Z,"11 km SSE of Taxisco, Guatemala",earthquake,,,,4,reviewed,us,us
2003-09-17T14:29:27.220Z,13.529,-89.954,33,3.7,mb,9,149.6,,0.81,us,usp000c7uh,2014-11-07T01:19:51.206Z,"15 km WSW of Acajutla, El Salvador",earthquake,,,,1,reviewed,us,us
2003-09-17T01:17:08.270Z,13.759,-90.274,100,4.1,mb,11,170.3,,0.93,us,usp000c7sm,2014-11-07T01:19:50.392Z,"25 km SSW of Pasaco, Guatemala",earthquake,,,,3,reviewed,us,us
2003-09-17T00:57:00.760Z,13.675,-91.021,33,3.6,mb,16,230.5,,1.04,us,usp000c7sh,2014-11-07T01:19:50.382Z,"35 km SW of Puerto San José, Guatemala",earthquake,,,,1,reviewed,us,us
2003-09-16T07:20:19.770Z,13.717,-88.496,100,4.3,mb,13,128.8,,0.7,us,usp000c7pr,2014-11-07T01:19:49.935Z,"13 km W of Sesori, El Salvador",earthquake,,,,1,reviewed,us,us
2003-09-14T18:51:39.120Z,13.72,-90.284,100,3.8,mb,19,121.5,,1.27,us,usp000c7gw,2014-11-07T01:19:49.271Z,"29 km SSW of Pasaco, Guatemala",earthquake,,,,4,reviewed,us,us
2003-09-11T21:57:06.850Z,15.257,-91.751,172.5,4.6,mb,54,108.8,,1.09,us,usp000c79w,2014-11-07T01:19:48.061Z,"1 km S of San Miguel Ixtahuacán, Guatemala",earthquake,,6.7,,23,reviewed,us,us
2003-09-11T11:01:51.680Z,14.034,-92.047,33,3.8,mb,16,312.1,,0.74,us,usp000c78q,2014-11-07T01:19:47.977Z,"32 km SSW of Champerico, Guatemala",earthquake,,,,9,reviewed,us,us
2003-09-06T04:54:37.900Z,14.854,-90.965,108.3,4.5,md,18,185.1,,1.11,us,usp000c6vz,2014-11-07T01:19:46.138Z,"6 km NW of San José Poaquil, Guatemala",earthquake,,11.3,,,reviewed,us,unm
2003-08-29T03:09:55.790Z,13.756,-91.146,33,4.5,mb,82,108.2,,1.17,us,usp000c65x,2014-11-07T01:19:36.286Z,"37 km SSW of La Gomera, Guatemala",earthquake,,,,25,reviewed,us,us
2003-08-26T12:53:12.700Z,14.007,-91.126,93.7,4.6,mb,112,158.1,,0.95,us,usp000c5z9,2014-11-07T01:19:35.520Z,"11 km SW of La Gomera, Guatemala",earthquake,,5,,36,reviewed,us,us
2003-08-25T08:36:15.060Z,14.118,-90.641,33,3.6,mb,17,299.5,,0.68,us,usp000c5w8,2014-11-07T01:19:35.247Z,"11 km S of Guanagazapa, Guatemala",earthquake,,,,2,reviewed,us,us
2003-08-25T06:28:35.180Z,14.034,-91.069,100,6,mwc,490,25.6,,0.95,us,usp000c5vz,2022-05-02T16:41:35.439Z,"5 km SSW of La Gomera, Guatemala",earthquake,,,,,reviewed,us,hrv
2003-08-13T14:18:44.160Z,14.283,-90.089,230.6,4.7,mb,43,150.6,,0.99,us,usp000c4s2,2014-11-07T01:19:30.547Z,"4 km ENE of San José Acatempa, Guatemala",earthquake,,,,16,reviewed,us,us
2003-08-10T05:04:38.630Z,14.262,-92.402,44.1,4.5,mb,131,75.2,,0.9,us,usp000c4hr,2014-11-07T01:19:29.705Z,"35 km SW of Ocós, Guatemala",earthquake,,,,53,reviewed,us,us
2003-07-25T08:07:07.940Z,14.262,-91.884,81.8,4,mb,42,179.3,,0.89,us,usp000c3a2,2014-11-07T01:19:17.471Z,"4 km SE of Champerico, Guatemala",earthquake,,9.5,,14,reviewed,us,us
2003-07-14T22:40:16.400Z,14.837,-92.466,125.4,4.1,md,4,278.1,,,us,usp000c2gw,2014-11-07T01:19:12.554Z,"3 km SSW of Mazatán, Mexico",earthquake,,,,,reviewed,unm,unm
2003-07-11T15:14:51.430Z,13.733,-92.404,33,4.4,mb,63,99.9,,1.21,us,usp000c27v,2014-11-07T01:19:11.534Z,"81 km SW of Champerico, Guatemala",earthquake,,,,13,reviewed,us,us
2003-07-05T22:50:35.000Z,15.376,-91.958,180,4.5,mb,40,103.2,,1.07,us,usp000c1rg,2014-11-07T01:19:08.544Z,"3 km SSW of Cuilco, Guatemala",earthquake,,,,9,reviewed,us,us
2003-06-19T20:41:10.010Z,13.716,-89.404,100,4.1,mb,17,231.2,,0.81,us,usp000c090,2014-11-07T01:18:57.646Z,"10 km ESE of Armenia, El Salvador",earthquake,,,,4,reviewed,us,us
2003-06-10T19:50:35.350Z,13.566,-91.853,33,4.3,mb,20,280.3,,1.23,us,usp000bzk2,2014-11-07T01:18:54.219Z,"80 km S of Champerico, Guatemala",earthquake,,,,4,reviewed,us,us
2003-06-08T08:24:00.510Z,14.146,-91.086,63,4.6,md,43,176.2,,1.26,us,usp000bzca,2014-11-07T01:18:52.525Z,"7 km NNW of La Gomera, Guatemala",earthquake,,,,,reviewed,us,unm
2003-06-04T13:20:54.010Z,14.018,-91.091,33,3.7,mb,13,300.6,,1.16,us,usp000bz21,2014-11-07T01:18:50.792Z,"8 km SSW of La Gomera, Guatemala",earthquake,,,,2,reviewed,us,us
2003-06-04T13:04:01.090Z,14.089,-91.278,88.2,4,mb,30,203.2,,1.04,us,usp000bz1y,2014-11-07T01:18:50.782Z,"12 km S of Nueva Concepción, Guatemala",earthquake,,11.6,,9,reviewed,us,us
2003-06-04T10:17:39.490Z,14.715,-91.223,170.5,4.2,mb,31,113.5,,1.07,us,usp000bz1c,2014-11-07T01:18:50.725Z,"3 km SSW of Santa Cruz La Laguna, Guatemala",earthquake,,,,9,reviewed,us,us
2003-06-01T13:09:43.480Z,14.693,-89.998,250,4,mb,8,237.3,,0.75,us,usp000byr4,2014-11-07T01:18:48.079Z,"6 km N of Jalapa, Guatemala",earthquake,,,,2,reviewed,us,us
2003-05-30T07:58:17.420Z,13.636,-90.953,33,4,mb,29,182.9,,1,us,usp000byhn,2014-11-07T01:18:44.673Z,"35 km SSW of Puerto San José, Guatemala",earthquake,,,,10,reviewed,us,us
2003-05-27T15:25:20.510Z,15.237,-91.608,194.6,4.6,mb,77,98.7,,0.99,us,usp000bya9,2014-11-07T01:18:43.573Z,"Mexico-Guatemala border region",earthquake,,,,22,reviewed,us,us
2003-05-27T03:51:36.020Z,13.939,-92.415,33,4.5,mb,79,135.9,,1.07,us,usp000by8x,2014-11-07T01:18:43.341Z,"66 km SW of Champerico, Guatemala",earthquake,,,,32,reviewed,us,us
2003-05-19T00:19:41.650Z,15.04,-91.879,137.3,4.4,md,21,129.5,,1.46,us,usp000bxgc,2014-11-07T01:18:38.117Z,"6 km SE of Tajumulco, Guatemala",earthquake,,,,,reviewed,us,unm
2003-05-18T20:57:49.480Z,14.157,-92.462,33,4.1,mb,12,222.9,,1.49,us,usp000bxg0,2014-11-07T01:18:38.066Z,"near the coast of Chiapas, Mexico",earthquake,,,,1,reviewed,us,us
2003-05-10T20:48:31.150Z,13.884,-89.201,33,3.8,mb,9,239.5,,1.38,us,usp000bwzw,2014-11-07T01:18:36.105Z,"3 km WNW of Guazapa, El Salvador",earthquake,,,,3,reviewed,us,us
2003-05-07T08:33:36.740Z,13.957,-91.826,50.9,4.5,mb,86,107.7,,0.97,us,usp000bws0,2014-11-07T01:18:35.244Z,"38 km SSE of Champerico, Guatemala",earthquake,,7.3,,33,reviewed,us,us
2003-05-05T14:05:05.100Z,15.781,-92.155,237.7,4.2,mb,56,77.9,,1.19,us,usp000bwnw,2014-11-07T01:18:34.623Z,"5 km ENE of Nueva Libertad, Mexico",earthquake,,5.5,,19,reviewed,us,us
2003-05-05T03:48:15.990Z,14.26,-92.322,73.2,4.2,mb,76,159.3,,0.84,us,usp000bwn1,2014-11-07T01:18:34.409Z,"30 km SSW of Ocós, Guatemala",earthquake,,5.4,,24,reviewed,us,us
2003-04-29T02:18:20.440Z,14.037,-91.966,65.1,3.6,mb,9,308.4,,1.28,us,usp000bw62,2014-11-07T01:18:27.106Z,"28 km SSW of Champerico, Guatemala",earthquake,,,,4,reviewed,us,us
2003-04-27T11:55:19.580Z,13.728,-92.265,33,3.6,mb,19,305.6,,1.06,us,usp000bw2j,2014-11-07T01:18:26.488Z,"73 km SSW of Champerico, Guatemala",earthquake,,,,2,reviewed,us,us
2003-04-26T17:14:56.970Z,15.752,-88.789,33,4.2,mb,16,112.2,,1.19,us,usp000bw0n,2014-11-07T01:18:26.305Z,"Honduras-Guatemala border region",earthquake,,,,6,reviewed,us,us
2003-04-26T05:56:36.210Z,13.982,-91.693,33,4.3,mb,52,166.7,,0.84,us,usp000bvzm,2014-11-07T01:18:26.131Z,"41 km SE of Champerico, Guatemala",earthquake,,,,14,reviewed,us,us
2003-04-18T00:19:32.180Z,13.807,-88.854,57.4,4.5,md,13,242.8,,1.13,us,usp000bvdv,2014-11-07T01:18:21.773Z,"7 km ENE of San Martín, El Salvador",earthquake,,,,,reviewed,us,snet
2003-04-14T10:20:54.750Z,14.166,-91.669,10,4.3,md,9,313.5,,1.33,us,usp000bv5p,2014-11-07T01:18:20.515Z,"29 km ESE of Champerico, Guatemala",earthquake,,,,,reviewed,us,unm
2003-04-08T13:28:37.700Z,14.855,-92.476,84.8,4,md,4,237.6,,,us,usp000buq9,2014-11-07T01:18:18.760Z,"2 km WSW of Mazatán, Mexico",earthquake,,,,,reviewed,unm,unm
2003-03-31T11:51:46.200Z,16.67,-91.091,65,4.2,md,7,227.1,,,us,usp000bu0q,2014-11-07T01:18:11.009Z,"24 km SE of Nueva Palestina, Mexico",earthquake,,,,,reviewed,unm,unm
2003-03-25T17:25:07.300Z,14.29,-91.945,27,4,md,10,306.9,,,us,usp000btgb,2014-11-07T01:18:08.147Z,"3 km W of Champerico, Guatemala",earthquake,,,,,reviewed,unm,unm
2003-03-23T11:26:14.710Z,14.161,-91.255,33,3.9,mb,15,299.6,,1.24,us,usp000btas,2014-11-07T01:18:07.672Z,"6 km SE of Nueva Concepción, Guatemala",earthquake,,,,6,reviewed,us,us
2003-03-22T08:06:10.830Z,14.214,-91.392,83.4,4.1,mb,42,218.3,,1.2,us,usp000bt7t,2014-11-07T01:18:07.392Z,"8 km SSW of Tiquisate, Guatemala",earthquake,,10,,20,reviewed,us,us
2003-03-21T06:41:22.100Z,14.792,-92.085,122.5,4.2,md,6,286.5,,,us,usp000bt59,2014-11-07T01:18:07.142Z,"6 km S of Catarina, Guatemala",earthquake,,,,,reviewed,unm,unm
2003-03-19T04:24:15.900Z,14.361,-91.902,28.2,4.3,md,5,307.5,,,us,usp000bt07,2014-11-07T01:18:06.487Z,"7 km N of Champerico, Guatemala",earthquake,,,,,reviewed,unm,unm
2003-03-15T06:39:08.460Z,14.27,-91.322,74.8,4.6,mb,120,114.6,,1.18,us,usp000bsp9,2014-11-07T01:18:04.750Z,"Guatemala",earthquake,,,,38,reviewed,us,us
2003-03-11T06:58:03.700Z,17.254,-91.422,5,4.6,md,9,154.4,,,us,usp000bsdb,2014-11-07T01:18:03.054Z,"19 km NNE of Ubilio García, Mexico",earthquake,,,,,reviewed,unm,unm
2003-03-09T10:29:32.100Z,14.455,-92.239,124,4.2,md,10,283.3,,,us,usp000bs99,2014-11-07T01:18:02.557Z,"7 km SW of Ocós, Guatemala",earthquake,,,,,reviewed,unm,unm
2003-03-06T05:42:37.700Z,13.719,-91.907,11.2,4.2,md,10,278.6,,,us,usp000bs1s,2014-11-07T01:18:00.129Z,"63 km S of Champerico, Guatemala",earthquake,,,,,reviewed,unm,unm
2003-03-06T05:25:12.780Z,13.533,-91.366,33,4.1,mb,32,149.6,,1.31,us,usp000bs1q,2014-11-07T01:18:00.121Z,"69 km SSW of La Gomera, Guatemala",earthquake,,,,19,reviewed,us,us
2003-03-04T11:27:17.100Z,15.351,-92.018,170.2,4,md,10,215,,,us,usp000brxr,2014-11-07T01:17:59.117Z,"6 km NE of Tectitán, Guatemala",earthquake,,,,,reviewed,unm,unm
2003-03-03T12:20:00.200Z,15.543,-92.294,175.6,4,md,10,138.3,,,us,usp000brw1,2014-11-07T01:17:58.266Z,"1 km W of Libertad Ventanas, Mexico",earthquake,,,,,reviewed,unm,unm
2003-03-03T02:43:03.600Z,16.241,-91.265,25,4.1,md,5,180.8,,,us,usp000bruu,2014-11-07T01:17:58.078Z,"11 km NNE of Maravilla Tenejapa, Mexico",earthquake,,,,,reviewed,unm,unm
2003-02-28T05:35:03.480Z,13.921,-90.321,103.3,4.3,md,31,,,1.11,us,usp000brmy,2014-11-07T01:17:53.172Z,"14 km WSW of Pasaco, Guatemala",earthquake,,6.9,,,reviewed,us,unm
2003-02-18T12:44:49.500Z,13.94,-91.901,33,3.7,mb,9,,,1.38,us,usp000bqy2,2014-11-07T01:17:49.377Z,"39 km S of Champerico, Guatemala",earthquake,,,,1,reviewed,us,us
2003-02-17T08:45:59.450Z,14.422,-90.935,10,4.2,mb,18,,,1.05,us,usp000bqvs,2014-11-07T01:17:49.071Z,"9 km SSE of Yepocapa, Guatemala",earthquake,,,,7,reviewed,us,us
2003-02-16T20:29:18.860Z,13.861,-91.329,62.9,4.5,md,18,,,1.42,us,usp000bqum,2014-11-07T01:17:48.966Z,"37 km S of Nueva Concepción, Guatemala",earthquake,,,,,reviewed,us,unm
2003-02-12T06:58:01.930Z,13.593,-88.108,200,4.2,mb,39,,,0.77,us,usp000bqgr,2014-11-07T01:17:47.301Z,"10 km WSW of Jocoro, El Salvador",earthquake,,,,19,reviewed,us,us
2003-02-05T19:01:11.090Z,13.774,-90.88,56.5,5.6,mwc,268,,,1.12,us,usp000bq1x,2022-05-02T16:24:35.526Z,"near the coast of Guatemala",earthquake,,,,,reviewed,us,hrv
2003-01-21T14:05:39.190Z,13.658,-90.937,33,4.1,mb,23,,,1.24,us,usp000bnxy,2014-11-07T01:17:36.972Z,"near the coast of Guatemala",earthquake,,,,6,reviewed,us,us
2003-01-21T07:36:05.010Z,13.706,-91.789,33,4.2,mb,8,,,0.87,us,usp000bnxp,2014-11-07T01:17:36.955Z,"66 km SSE of Champerico, Guatemala",earthquake,,,,1,reviewed,us,us
2003-01-21T07:06:53.200Z,13.563,-90.858,33,5.4,mwc,123,,,1.09,us,usp000bnxh,2022-05-02T16:23:50.873Z,"40 km S of Puerto San José, Guatemala",earthquake,,,,,reviewed,us,hrv
2003-01-21T03:25:06.270Z,13.527,-90.3,33,4.3,md,6,,,1.3,us,usp000bnx6,2014-11-07T01:17:36.881Z,"46 km SW of San Francisco Menéndez, El Salvador",earthquake,,,,,reviewed,us,unm
2003-01-21T02:46:47.740Z,13.626,-90.774,24,6.5,mwc,316,,,0.99,us,usp000bnx3,2022-05-02T16:23:49.550Z,"33 km S of Puerto San José, Guatemala",earthquake,,,,,reviewed,us,hrv
2003-01-02T08:35:04.890Z,14.75,-90.16,0,4.2,md,12,,,,us,usp000bmxu,2014-11-07T01:17:31.158Z,"4 km W of Sansare, Guatemala",earthquake,,,,,reviewed,unm,unm
2003-01-01T04:15:48.130Z,14.201,-89.937,161.1,3.5,mb,10,,,1.42,us,usp000bmuz,2014-11-07T01:17:29.528Z,"10 km NNW of Comapa, Guatemala",earthquake,,21.8,,1,reviewed,us,us
2002-12-21T06:16:45.400Z,16,-91.553,25.5,4.2,md,4,,,,us,usp000bm37,2014-11-07T01:17:23.044Z,"15 km SE of Tziscao, Mexico",earthquake,,,,,reviewed,unm,unm
2002-12-01T11:37:56.690Z,14.448,-90.529,33,4,mb,28,,,1.21,us,usp000bjv3,2014-11-07T01:17:16.296Z,"3 km S of Villa Canales, Guatemala",earthquake,,,,12,reviewed,us,us
2002-11-24T08:16:31.130Z,14.078,-91.025,70.9,4.2,mb,33,,,1.34,us,usp000bj9k,2014-11-07T01:17:10.782Z,"3 km E of La Gomera, Guatemala",earthquake,,14.7,,7,reviewed,us,us
2002-11-18T03:07:29.680Z,14.847,-91.179,164.2,3.8,md,30,,,1.09,us,usp000bhx5,2014-11-07T01:17:09.098Z,"7 km NNW of Concepción, Guatemala",earthquake,,8.9,,,reviewed,us,unm
2002-11-17T17:05:58.300Z,16.296,-91.022,78.3,4.5,md,5,,,,us,usp000bhw9,2014-11-07T01:17:08.995Z,"27 km W of Zamora Pico de Oro, Mexico",earthquake,,,,,reviewed,unm,unm
2002-11-14T15:53:33.810Z,16.322,-91.155,32.1,4.9,mb,148,,,1.26,us,usp000bhp8,2022-05-02T16:16:49.020Z,"22 km ESE of San Quintín, Mexico",earthquake,,5.2,,59,reviewed,us,us
2002-11-09T00:14:18.080Z,13.743,-91.187,33,6,mwc,274,,,1.06,us,usp000bh49,2022-05-02T16:16:00.760Z,"40 km SSW of La Gomera, Guatemala",earthquake,,,,,reviewed,us,hrv
2002-11-01T09:28:09.360Z,13.615,-88.852,33,4,mb,16,,,1.08,us,usp000bft1,2014-11-07T01:16:53.954Z,"5 km WSW of San Vicente, El Salvador",earthquake,,,,5,reviewed,us,us
2002-10-28T17:38:00.000Z,13.818,-89.551,33,3.8,mb,20,,,0.95,us,usp000bfhx,2014-11-07T01:16:49.679Z,"9 km NW of Armenia, El Salvador",earthquake,,,,5,reviewed,us,us
2002-10-24T21:47:33.970Z,13.662,-90.615,33,4.3,mb,35,,,0.85,us,usp000bf9e,2014-11-07T01:16:48.756Z,"31 km SSE of Iztapa, Guatemala",earthquake,,,,14,reviewed,us,us
2002-10-22T04:14:22.670Z,14.315,-92.344,33,3.9,mb,12,,,0.79,us,usp000bf0d,2014-11-07T01:16:47.552Z,"27 km SW of Ocós, Guatemala",earthquake,,,,3,reviewed,us,us
2002-10-22T01:20:03.900Z,14.409,-92.349,33,4,mb,37,,,0.84,us,usp000bf05,2014-11-07T01:16:47.530Z,"19 km SW of Brisas Barra de Suchiate, Mexico",earthquake,,,,11,reviewed,us,us
2002-10-13T00:18:26.000Z,14.633,-91.579,100,4,mb,21,,,0.96,us,usp000bedr,2014-11-07T01:16:44.975Z,"1 km S of El Palmar, Guatemala",earthquake,,,,7,reviewed,us,us
2002-09-28T22:26:23.200Z,13.921,-91.573,63.9,4.5,mb,100,,,1.13,us,usp000bdcb,2014-11-07T01:16:35.542Z,"42 km SW of Nueva Concepción, Guatemala",earthquake,,,,41,reviewed,us,us
2002-09-26T13:12:26.280Z,15.559,-91.974,180.8,4.7,mb,93,,,1.17,us,usp000bd5m,2014-11-07T01:16:34.847Z,"8 km ESE of El Pacayal, Mexico",earthquake,,,,19,reviewed,us,us
2002-09-23T12:05:12.460Z,15.248,-91.752,158.6,4.4,mb,22,,,1.34,us,usp000bcyh,2014-11-07T01:16:34.042Z,"2 km S of San Miguel Ixtahuacán, Guatemala",earthquake,,8.9,,6,reviewed,us,us
2002-09-22T07:46:39.280Z,14.2,-91.208,61,4.1,mb,94,,,1.3,us,usp000bcvb,2014-11-07T01:16:33.745Z,"9 km E of Nueva Concepción, Guatemala",earthquake,,,,22,reviewed,us,us
2002-09-22T06:28:24.100Z,14.103,-91.801,48.3,4.4,mb,85,,,1.07,us,usp000bcv6,2014-11-07T01:16:33.728Z,"24 km SSE of Champerico, Guatemala",earthquake,,5.8,,26,reviewed,us,us
2002-09-18T09:23:46.570Z,14.074,-91.102,102.8,4.5,md,39,,,1.09,us,usp000bck3,2014-11-07T01:16:32.524Z,"Guatemala",earthquake,,6.8,,,reviewed,us,unm
2002-09-17T18:02:43.500Z,14.166,-92.175,26.9,4,md,4,,,,us,usp000bch2,2014-11-07T01:16:32.346Z,"31 km WSW of Champerico, Guatemala",earthquake,,,,,reviewed,unm,unm
2002-09-17T16:41:39.700Z,15.85,-92.482,180.7,4,md,7,,,,us,usp000bcgw,2014-11-07T01:16:32.335Z,"9 km NE of Unión Buenavista, Mexico",earthquake,,,,,reviewed,unm,unm
2002-08-31T03:01:58.620Z,13.57,-91.295,33,4.6,mb,93,,,1.2,us,usp000baz0,2014-11-07T01:16:21.615Z,"62 km SSW of La Gomera, Guatemala",earthquake,,,,31,reviewed,us,us
2002-07-20T01:44:08.510Z,13.983,-90.864,84.5,4.1,mb,44,,,1.13,us,usp000b8e9,2014-11-07T01:16:05.186Z,"7 km NW of Puerto San José, Guatemala",earthquake,,,,16,reviewed,us,us
2002-07-11T14:17:25.010Z,14.143,-90.097,147.7,4.5,mb,48,,,1.06,us,usp000b7xr,2014-11-07T01:16:02.670Z,"9 km W of Jalpatagua, Guatemala",earthquake,,7.3,,14,reviewed,us,us
2002-07-07T14:51:18.360Z,13.974,-90.606,101.5,4.2,mb,63,,,1.03,us,usp000b7pf,2014-11-07T01:16:01.671Z,"11 km ENE of Iztapa, Guatemala",earthquake,,5.6,,21,reviewed,us,us
2002-07-06T20:43:23.000Z,14.626,-92.458,92.1,3.9,mb,15,,,,us,usp000b7mr,2014-11-07T01:16:01.533Z,"11 km SSW of Puerto Madero, Mexico",earthquake,,,,4,reviewed,unm,us
2002-07-06T13:46:40.490Z,14.36,-90.626,33,3.7,mb,15,,,1.28,us,usp000b7kz,2014-11-07T01:16:01.442Z,"6 km S of San Vicente Pacaya, Guatemala",earthquake,,,,4,reviewed,us,us
2002-06-30T23:48:22.010Z,14.001,-92.007,33,4.3,mb,55,,,1.18,us,usp000b795,2014-11-07T01:15:55.521Z,"33 km SSW of Champerico, Guatemala",earthquake,,,,27,reviewed,us,us
2002-06-30T20:24:20.310Z,14.496,-91.561,70.8,4.6,mb,128,,,1.38,us,usp000b78s,2014-11-07T01:15:55.421Z,"5 km SSE of Cuyotenango, Guatemala",earthquake,,,,43,reviewed,us,us
2002-06-29T01:35:42.670Z,14.067,-92.145,33,4.2,mb,34,,,0.93,us,usp000b74p,2014-11-07T01:15:54.803Z,"35 km SW of Champerico, Guatemala",earthquake,,,,16,reviewed,us,us
2002-06-25T10:36:53.200Z,13.625,-92.331,33,4.1,mb,17,,,1.11,us,usp000b6wf,2014-11-07T01:15:53.239Z,"86 km SSW of Champerico, Guatemala",earthquake,,,,5,reviewed,us,us
2002-06-25T08:15:45.410Z,14.113,-91.258,70.5,5.2,mwc,245,,,1.27,us,usp000b6w8,2022-05-02T16:03:13.530Z,"10 km SSE of Nueva Concepción, Guatemala",earthquake,,,,,reviewed,us,hrv
2002-06-24T19:13:34.200Z,15.482,-92.427,152.2,4.4,mb,63,,,1.44,us,usp000b6ve,2014-11-07T01:15:53.089Z,"13 km WSW of Vega del Rosario, Mexico",earthquake,,,,24,reviewed,us,us
2002-06-24T11:23:23.700Z,15.312,-92.135,192.1,4.1,md,8,,,,us,usp000b6uj,2014-11-07T01:15:53.001Z,"8 km W of Tectitán, Guatemala",earthquake,,,,,reviewed,unm,unm
2002-06-24T03:23:57.200Z,13.81,-90.386,105.1,4.1,mb,22,,,1.49,us,usp000b6ty,2014-11-07T01:15:52.942Z,"26 km SW of Pasaco, Guatemala",earthquake,,19.5,,8,reviewed,us,us
2002-06-21T12:03:50.280Z,13.833,-92.23,33,4.1,mb,41,,,0.91,us,usp000b6n5,2014-11-07T01:15:52.254Z,"61 km SW of Champerico, Guatemala",earthquake,,,,12,reviewed,us,us
2002-06-18T07:46:05.010Z,13.79,-90.905,51.3,4.9,md,22,,,1.47,us,usp000b6da,2014-11-07T01:15:51.244Z,"17 km SSW of Puerto San José, Guatemala",earthquake,,,,,reviewed,us,unm
2002-06-10T11:37:18.350Z,14.163,-90.488,33,4.1,mb,26,,,1.44,us,usp000b5wg,2014-11-07T01:15:48.451Z,"7 km S of Pueblo Nuevo Viñas, Guatemala",earthquake,,,,15,reviewed,us,us
2002-06-06T10:05:46.630Z,14.193,-90.823,33,4.1,mb,16,,,1.51,us,usp000b5mn,2014-11-07T01:15:46.651Z,"2 km ESE of Masagua, Guatemala",earthquake,,,,9,reviewed,us,us
2002-06-06T10:04:20.690Z,14.184,-90.386,33,4.2,mb,19,,,1.19,us,usp000b5mm,2014-11-07T01:15:46.648Z,"10 km ESE of Pueblo Nuevo Viñas, Guatemala",earthquake,,,,6,reviewed,us,us
2002-05-31T12:33:29.300Z,15.211,-92.188,166.1,4.5,md,11,,,,us,usp000b59z,2014-11-07T01:15:41.532Z,"1 km NW of Pavencul, Mexico",earthquake,,,,,reviewed,unm,unm
2002-05-26T19:18:55.430Z,14.618,-90.977,160.2,4.7,mb,222,,,1.24,us,usp000b50y,2014-11-07T01:15:40.470Z,"5 km WSW of Patzicía, Guatemala",earthquake,,,,100,reviewed,us,us
2002-05-25T22:39:34.400Z,15.55,-92.449,173.1,4.2,md,6,,,,us,usp000b4yv,2014-11-07T01:15:40.257Z,"13 km W of Siltepec, Mexico",earthquake,,,,,reviewed,unm,unm
2002-05-21T06:58:52.770Z,14.199,-91.615,90.5,4.4,mb,93,,,1.4,us,usp000b4q4,2014-11-07T01:15:38.800Z,"29 km WSW of Tiquisate, Guatemala",earthquake,,5.4,,36,reviewed,us,us
2002-05-14T05:13:30.290Z,14.643,-90.822,189.3,4.2,mb,44,,,1.16,us,usp000b49w,2014-11-07T01:15:37.402Z,"2 km S of Chimaltenango, Guatemala",earthquake,,5.9,,5,reviewed,us,us
2002-05-13T08:42:51.630Z,13.637,-91.612,61.1,4.6,mb,125,,,1.07,us,usp000b488,2014-11-07T01:15:37.187Z,"70 km SSW of Nueva Concepción, Guatemala",earthquake,,6.1,,44,reviewed,us,us
2002-05-11T21:08:11.580Z,14.342,-91.236,61.2,3.7,mb,18,,,1.1,us,usp000b451,2014-11-07T01:15:36.826Z,"10 km S of Santa Bárbara, Guatemala",earthquake,,,,5,reviewed,us,us
2002-05-05T20:49:27.630Z,15.096,-90.951,33,4.5,md,10,,,1.5,us,usp000b3tk,2014-11-07T01:15:35.034Z,"8 km S of San Andrés Sajcabajá, Guatemala",earthquake,,,,,reviewed,us,unm
2002-05-04T06:06:03.250Z,13.7,-88.127,33,4.1,mb,18,,,1.2,us,usp000b3pj,2014-11-07T01:15:34.168Z,"2 km W of San Francisco, El Salvador",earthquake,,,,3,reviewed,us,us
2002-04-26T03:29:39.600Z,14.131,-90.744,163.3,4.2,md,11,,,0.76,us,usp000b36k,2014-11-07T01:15:28.630Z,"13 km SE of Masagua, Guatemala",earthquake,,11.7,,,reviewed,us,unm
2002-04-21T19:57:55.700Z,13.965,-92.342,14.2,4.1,md,4,,,,us,usp000b2xb,2014-11-07T01:15:27.282Z,"58 km SW of Champerico, Guatemala",earthquake,,,,,reviewed,unm,unm
2002-04-21T19:50:51.810Z,13.909,-92.041,55.1,4.5,mb,72,,,0.96,us,usp000b2xa,2014-11-07T01:15:27.275Z,"44 km SSW of Champerico, Guatemala",earthquake,,8.5,,24,reviewed,us,us
2002-04-21T07:40:03.130Z,13.737,-91.541,33,4.2,md,8,,,1.47,us,usp000b2w1,2014-11-07T01:15:27.131Z,"57 km SSW of Nueva Concepción, Guatemala",earthquake,,,,,reviewed,us,unm
2002-04-13T19:22:02.500Z,14.061,-92.279,33,5,mwc,124,,,0.93,us,usp000b2be,2025-12-19T23:00:26.278Z,"47 km WSW of Champerico, Guatemala",earthquake,,,,,reviewed,us,hrv
2002-04-11T21:34:03.810Z,13.631,-91.06,10,4.3,mb,65,,,1.06,us,usp000b27m,2014-11-07T01:15:24.214Z,"41 km SW of Puerto San José, Guatemala",earthquake,,,,17,reviewed,us,us
2002-04-03T08:38:56.000Z,14.165,-91.605,176.2,4.1,md,5,,,,us,usp000b1n2,2014-11-07T01:15:20.385Z,"Guatemala",earthquake,,,,,reviewed,unm,unm
2002-03-28T16:38:42.930Z,14.769,-91.142,169.6,4.6,mb,80,,,1.37,us,usp000b18u,2014-11-07T01:15:15.189Z,"1 km SSE of Concepción, Guatemala",earthquake,,,,10,reviewed,us,us
2002-03-13T03:12:05.990Z,13.75,-90.643,100,4,mb,22,,,1.09,us,usp000b073,2014-11-07T01:15:07.940Z,"21 km SSE of Iztapa, Guatemala",earthquake,,,,9,reviewed,us,us
2002-03-12T20:10:55.510Z,13.883,-90.9,104.5,4,mb,32,,,0.87,us,usp000b06m,2014-11-07T01:15:07.889Z,"9 km WSW of Puerto San José, Guatemala",earthquake,,,,16,reviewed,us,us
2002-03-07T05:07:15.230Z,14.634,-91.411,118.1,4.8,mb,148,,,1.26,us,usp000azv3,2014-11-07T01:15:05.618Z,"0 km N of Santo Tomás La Unión, Guatemala",earthquake,,,,46,reviewed,us,us
2002-03-05T10:45:44.420Z,13.764,-88.926,33,4.5,mb,50,,,1.08,us,usp000azph,2014-11-07T01:15:04.938Z,"2 km SSW of San Martín, El Salvador",earthquake,,,,15,reviewed,us,us
2002-02-28T20:49:28.110Z,14.612,-89.927,33,3.9,mb,10,,,0.63,us,usp000azcd,2014-11-07T01:14:58.920Z,"7 km ESE of Jalapa, Guatemala",earthquake,,,,3,reviewed,us,us
2002-02-28T09:09:49.840Z,13.878,-91.696,22.2,4.4,mb,67,,,1.27,us,usp000azbm,2014-11-07T01:14:58.546Z,"51 km SSE of Champerico, Guatemala",earthquake,,9.1,,20,reviewed,us,us
2002-02-11T01:38:42.440Z,13.946,-91.784,33,4.2,mb,32,,,0.96,us,usp000ay6j,2014-11-07T01:14:53.970Z,"40 km SSE of Champerico, Guatemala",earthquake,,,,8,reviewed,us,us
2002-02-10T13:05:55.370Z,14.002,-91.904,55.2,4.5,mb,107,,,1.15,us,usp000ay5r,2014-11-07T01:14:53.882Z,"32 km S of Champerico, Guatemala",earthquake,,4.9,,29,reviewed,us,us
2002-02-09T10:13:37.700Z,14.735,-92.303,92.4,4.2,md,5,,,,us,usp000ay2n,2014-11-07T01:14:53.580Z,"3 km NE of Tinajas 1ra. Sección, Mexico",earthquake,,,,,reviewed,unm,unm
2002-01-10T10:25:16.060Z,13.818,-88.968,196.7,4.9,mb,102,,,1.13,us,usp000aw5w,2014-11-07T01:14:40.051Z,"2 km SE of Tenancingo, El Salvador",earthquake,,,,31,reviewed,us,us
2002-01-09T04:12:02.030Z,14.712,-91.043,152.6,4,mb,22,,,0.94,us,usp000aw3d,2014-11-07T01:14:39.705Z,"4 km NW of Patzún, Guatemala",earthquake,,,,4,reviewed,us,us
2002-01-06T20:08:53.990Z,14.049,-92.257,33,4.3,mb,48,,,1.26,us,usp000avyn,2014-11-07T01:14:39.163Z,"46 km SW of Champerico, Guatemala",earthquake,,,,8,reviewed,us,us
2001-12-29T11:53:55.620Z,13.765,-91.837,10,4.5,mb,12,,,1.23,us,usp000avg0,2014-11-07T01:14:32.992Z,"59 km S of Champerico, Guatemala",earthquake,,,,1,reviewed,us,us
2001-12-25T10:43:02.270Z,14.544,-90.001,250,4.1,mb,11,,,0.99,us,usp000av8q,2014-11-07T01:14:31.653Z,"10 km S of Jalapa, Guatemala",earthquake,,,,2,reviewed,us,us
2001-12-13T15:36:59.740Z,15.398,-90.082,33,4.7,md,11,,,1.57,us,usp000aujq,2014-11-07T01:14:28.506Z,"12 km NNE of Tucurú, Guatemala",earthquake,,,,,reviewed,us,unm
2001-12-05T09:31:46.600Z,15.967,-91.369,20,4.1,md,6,,,,us,usp000au1r,2014-11-07T01:14:26.199Z,"18 km NNW of Barillas, Guatemala",earthquake,,,,,reviewed,unm,unm
2001-11-24T09:11:10.690Z,15.165,-89.496,33,3.7,mb,12,,,1.34,us,usp000atdd,2014-11-07T01:14:17.917Z,"15 km WNW of Gualán, Guatemala",earthquake,,,,2,reviewed,us,us
2001-11-23T11:30:09.930Z,14.008,-91.066,73,4.4,mb,36,,,1.26,us,usp000atbx,2014-11-07T01:14:17.720Z,"8 km S of La Gomera, Guatemala",earthquake,,12.2,,13,reviewed,us,us
2001-11-18T02:41:15.280Z,13.706,-90.731,70.1,4.7,md,44,,,1.02,us,usp000at22,2014-11-07T01:14:16.169Z,"25 km S of Iztapa, Guatemala",earthquake,,5.4,,,reviewed,us,unm
2001-11-16T06:57:23.090Z,13.648,-88.99,33,4.1,mb,9,,,1.45,us,usp000asyy,2014-11-07T01:14:15.566Z,"9 km SW of Cojutepeque, El Salvador",earthquake,,,,4,reviewed,us,us
2001-11-09T21:53:45.840Z,14.97,-91.124,33,4.2,mb,14,,,1.44,us,usp000asjd,2014-11-07T01:14:13.494Z,"3 km NNW of Chichicastenango, Guatemala",earthquake,,,,2,reviewed,us,us
2001-10-08T18:06:31.200Z,13.691,-90.449,33,3.7,mb,10,,,0.96,us,usp000aqg6,2014-11-07T01:13:57.580Z,"38 km SE of Iztapa, Guatemala",earthquake,,,,1,reviewed,us,us
2001-10-08T13:59:15.750Z,14.416,-91.465,33,3.8,mb,20,,,1.01,us,usp000aqfq,2014-11-07T01:13:57.539Z,"5 km SW of San José El Ídolo, Guatemala",earthquake,,,,4,reviewed,us,us
2001-10-08T13:57:21.580Z,14.521,-91.403,33,4.1,mb,26,,,1.14,us,usp000aqfp,2014-11-07T01:13:57.537Z,"2 km SSE of San Antonio Suchitepéquez, Guatemala",earthquake,,,,9,reviewed,us,us
2001-10-08T06:01:48.920Z,16.075,-92.307,33,4.2,md,7,,,0.89,us,usp000aqex,2014-11-07T01:13:57.458Z,"2 km WNW of Héroes de Chapultepec, Mexico",earthquake,,,,,reviewed,us,unm
2001-10-07T02:18:11.560Z,13.518,-89.998,33,4.4,mb,27,,,1.41,us,usp000aqbm,2014-11-07T01:13:57.000Z,"20 km WSW of Acajutla, El Salvador",earthquake,,,,10,reviewed,us,us
2001-09-29T04:01:58.650Z,14.752,-91.607,166.6,4.6,mb,111,,,1.15,us,usp000apyw,2014-11-07T01:13:51.658Z,"8 km SSE of San Martín Sacatepéquez, Guatemala",earthquake,,,,44,reviewed,us,us
2001-09-25T15:07:46.340Z,13.664,-90.786,33,4.3,mb,50,,,1,us,usp000apsb,2014-11-07T01:13:50.673Z,"29 km S of Puerto San José, Guatemala",earthquake,,,,13,reviewed,us,us
2001-09-24T05:48:18.700Z,14.118,-90.213,33,3.8,mb,15,,,1.19,us,usp000apq0,2014-11-07T01:13:50.368Z,"6 km ENE of San Juan Tecuaco, Guatemala",earthquake,,,,1,reviewed,us,us
2001-09-19T08:04:46.050Z,13.899,-90.62,87.6,4.7,mb,68,,,1.11,us,usp000apf9,2014-11-07T01:13:49.220Z,"10 km ESE of Iztapa, Guatemala",earthquake,,,,30,reviewed,us,us
2001-09-16T08:17:31.200Z,15.786,-89.967,33,3.8,mb,8,,,1.29,us,usp000ap96,2014-11-07T01:13:48.507Z,"24 km N of Lanquín, Guatemala",earthquake,,,,2,reviewed,us,us
2001-09-14T08:08:25.510Z,14.012,-92.228,33,4.1,mb,15,,,1.14,us,usp000ap5e,2014-11-07T01:13:47.995Z,"46 km SW of Champerico, Guatemala",earthquake,,,,6,reviewed,us,us
2001-09-11T09:13:26.100Z,14.995,-91.571,161.1,5.6,mwc,299,,,0.98,us,usp000anzv,2022-04-29T19:33:22.509Z,"2 km WNW of San Carlos Sija, Guatemala",earthquake,,,,,reviewed,us,hrv
2001-09-10T21:10:43.040Z,13.849,-91.586,33,4.4,mb,55,,,1.18,us,usp000anz8,2014-11-07T01:13:46.199Z,"49 km SW of Nueva Concepción, Guatemala",earthquake,,,,30,reviewed,us,us
2001-09-10T12:24:57.910Z,15.734,-90.101,33,4.3,mb,49,,,1.24,us,usp000anyc,2014-11-07T01:13:45.974Z,"21 km ESE of Chisec, Guatemala",earthquake,,,,16,reviewed,us,us
2001-09-10T02:40:03.010Z,14.083,-91.34,33,4,mb,22,,,1.03,us,usp000anxm,2014-11-07T01:13:45.903Z,"13 km SSW of Nueva Concepción, Guatemala",earthquake,,,,7,reviewed,us,us
2001-08-26T14:50:28.470Z,13.851,-89.976,97.1,4.5,mb,49,,,1.24,us,usp000an2x,2014-11-07T01:13:36.996Z,"4 km ENE of San Francisco Menéndez, El Salvador",earthquake,,13.2,,12,reviewed,us,us
2001-08-23T13:08:56.460Z,14.791,-92,88.8,4.6,mb,87,,,1.27,us,usp000amxc,2014-11-07T01:13:35.981Z,"8 km NNE of Pajapita, Guatemala",earthquake,,11.7,,39,reviewed,us,us
2001-08-11T13:21:00.890Z,13.792,-89.08,155.4,3.5,mb,17,,,0.87,us,usp000am8g,2014-11-07T01:13:31.718Z,"4 km ENE of Tonacatepeque, El Salvador",earthquake,,41.9,,2,reviewed,us,us
2001-08-11T05:50:40.550Z,14.076,-91.778,33,5.3,mwc,249,,,0.81,us,usp000am7q,2025-12-19T22:50:43.665Z,"28 km SSE of Champerico, Guatemala",earthquake,,,,,reviewed,us,hrv
2001-08-10T05:43:40.000Z,14.02,-91.875,33,5.5,mwc,229,,,1.01,us,usp000am52,2025-12-19T22:50:41.350Z,"30 km S of Champerico, Guatemala",earthquake,,,,,reviewed,us,hrv
2001-08-05T11:17:56.670Z,14.18,-91.552,67.2,4.1,mb,38,,,0.95,us,usp000akvr,2014-11-07T01:13:29.867Z,"23 km WSW of Tiquisate, Guatemala",earthquake,,,,21,reviewed,us,us
2001-07-22T09:40:39.190Z,14.425,-92.192,63.1,4.2,mb,35,,,1.36,us,usp000ajz8,2014-11-07T01:13:19.723Z,"9 km S of Ocós, Guatemala",earthquake,,10.2,,13,reviewed,us,us
2001-07-21T09:50:02.580Z,14.642,-92.416,78.6,3.9,mb,18,,,1.73,us,usp000ajxk,2014-11-07T01:13:19.589Z,"8 km S of Puerto Madero, Mexico",earthquake,,10.6,,4,reviewed,us,us
2001-07-19T02:34:55.350Z,14.394,-90.496,165,4.6,mb,44,,,1.02,us,usp000ajth,2014-11-07T01:13:18.724Z,"Guatemala",earthquake,,11.3,,14,reviewed,us,us
2001-07-17T04:25:41.590Z,14.337,-91.861,70.8,4.3,mb,41,,,1.43,us,usp000ajpd,2014-11-07T01:13:18.007Z,"7 km NE of Champerico, Guatemala",earthquake,,,,16,reviewed,us,us
2001-07-05T17:14:47.900Z,14.143,-92.004,62.4,5,mb,174,,,0.87,us,usp000aj1k,2014-11-07T01:13:15.151Z,"19 km SSW of Champerico, Guatemala",earthquake,,11.8,,85,reviewed,us,us
2001-06-25T17:48:38.280Z,15.312,-90.74,33,5.2,mwc,59,,,1.22,us,usp000ahen,2022-04-29T19:47:57.205Z,"7 km ESE of Chicamán, Guatemala",earthquake,,,,,reviewed,us,hrv
2001-06-04T02:40:29.280Z,14.79,-92.094,33,4.4,mb,51,,,1.06,us,usp000ag0e,2014-11-07T01:12:58.266Z,"7 km SSW of Catarina, Guatemala",earthquake,,,,18,reviewed,us,us
2001-06-02T05:34:34.120Z,14.261,-91.039,108.5,4.7,mb,148,,,1.08,us,usp000afx1,2014-11-07T01:12:56.104Z,"8 km SSW of Santa Lucía Cotzumalguapa, Guatemala",earthquake,,,,68,reviewed,us,us
2001-06-01T11:25:04.930Z,15.749,-90.913,49.9,3.9,mb,17,,,1.23,us,usp000afvq,2014-11-07T01:12:55.132Z,"19 km ESE of San Luis Ixcán, Guatemala",earthquake,,13.6,,6,reviewed,us,us
2001-05-31T23:18:03.840Z,14.352,-90.885,33,3.3,mb,6,,,0.68,us,usp000afur,2014-11-07T01:12:52.618Z,"12 km WNW of Escuintla, Guatemala",earthquake,,,,1,reviewed,us,us
2001-05-28T09:22:16.010Z,13.666,-91.733,33,4.3,mb,16,,,1.25,us,usp000afp7,2014-11-07T01:12:51.659Z,"72 km SSE of Champerico, Guatemala",earthquake,,,,5,reviewed,us,us
2001-05-28T07:20:54.680Z,14.067,-91.863,44.7,4.3,mb,38,,,0.87,us,usp000afp2,2014-11-07T01:12:51.603Z,"25 km SSE of Champerico, Guatemala",earthquake,,13.7,,14,reviewed,us,us
2001-05-25T02:16:08.100Z,13.666,-88.64,33,4,mb,25,,,1.42,us,usp000afga,2014-11-07T01:12:50.494Z,"15 km E of Apastepeque, El Salvador",earthquake,,,,4,reviewed,us,us
2001-05-18T00:25:29.320Z,14.332,-92.184,73.2,4.2,mb,18,,,0.94,us,usp000af3k,2014-11-07T01:12:48.346Z,"19 km S of Ocós, Guatemala",earthquake,,9.3,,5,reviewed,us,us
2001-05-15T20:41:40.050Z,13.609,-88.638,10,4,mb,12,,,1.42,us,usp000aezz,2014-11-07T01:12:47.919Z,"16 km NW of Berlín, El Salvador",earthquake,,,,1,reviewed,us,us
2001-05-15T19:46:46.080Z,13.647,-88.71,10,4.4,mb,39,,,1.22,us,usp000aezv,2014-11-07T01:12:47.908Z,"8 km ESE of Apastepeque, El Salvador",earthquake,,,,15,reviewed,us,us
2001-05-12T17:23:57.950Z,14.943,-91.456,170.3,3.5,mb,8,,,1.16,us,usp000aeuq,2014-11-07T01:12:47.419Z,"1 km W of San Francisco El Alto, Guatemala",earthquake,,9.8,,1,reviewed,us,us
2001-05-12T16:13:34.890Z,13.947,-91.202,33,3.8,mb,15,,,1.2,us,usp000aeun,2014-11-07T01:12:47.416Z,"21 km SW of La Gomera, Guatemala",earthquake,,,,4,reviewed,us,us
2001-05-12T15:09:31.960Z,14.187,-91.198,33,3.4,mb,8,,,1.64,us,usp000aeug,2014-11-07T01:12:47.409Z,"11 km E of Nueva Concepción, Guatemala",earthquake,,,,1,reviewed,us,us
2001-05-12T14:36:30.930Z,14.173,-91.143,33,3.5,mb,7,,,0.62,us,usp000aeud,2014-11-07T01:12:47.405Z,"13 km NW of La Gomera, Guatemala",earthquake,,,,1,reviewed,us,us
2001-05-12T14:21:21.840Z,13.842,-91.469,33,4.7,mb,149,,,1.25,us,usp000aeub,2014-11-07T01:12:47.388Z,"43 km SSW of Nueva Concepción, Guatemala",earthquake,,,,58,reviewed,us,us
2001-05-09T15:38:38.490Z,14.294,-91.284,55.3,4,mb,10,,,1.21,us,usp000aepd,2014-11-07T01:12:46.738Z,"8 km E of Tiquisate, Guatemala",earthquake,,,,1,reviewed,us,us
2001-05-09T10:32:03.650Z,13.634,-88.711,10,4.2,md,7,,,1.53,us,usp000aep1,2014-11-07T01:12:46.705Z,"8 km ESE of Apastepeque, El Salvador",earthquake,,,,,reviewed,us,casc
2001-05-09T07:23:56.730Z,13.621,-88.682,10,4.2,mb,15,,,1.11,us,usp000aenv,2014-11-07T01:12:46.687Z,"12 km ESE of Apastepeque, El Salvador",earthquake,,,,4,reviewed,us,us
2001-05-09T07:23:14.390Z,13.698,-88.624,10,4.5,mb,66,,,0.99,us,usp000aenu,2014-11-07T01:12:46.681Z,"17 km ENE of Apastepeque, El Salvador",earthquake,,,,29,reviewed,us,us
2001-05-08T19:52:14.100Z,13.602,-88.644,10,4.2,mb,37,,,1.21,us,usp000aemt,2014-11-07T01:12:46.590Z,"16 km NW of Berlín, El Salvador",earthquake,,,,12,reviewed,us,us
2001-05-08T18:40:22.090Z,13.545,-88.65,10,4.4,mb,42,,,0.94,us,usp000aemk,2014-11-07T01:12:46.565Z,"13 km NNW of San Agustín, El Salvador",earthquake,,,,10,reviewed,us,us
2001-05-08T18:15:47.580Z,13.712,-88.507,10,5,mb,113,,,1.13,us,usp000aemj,2022-04-29T19:15:58.195Z,"15 km W of Sesori, El Salvador",earthquake,,,,55,reviewed,us,us
2001-05-08T18:12:26.610Z,13.818,-88.331,10,4,mb,10,,,0.96,us,usp000aemh,2014-11-07T01:12:46.551Z,"8 km NW of Ciudad Barrios, El Salvador",earthquake,,,,1,reviewed,us,us
2001-05-08T18:09:11.960Z,13.64,-88.43,10,4.3,mb,19,,,1.19,us,usp000aemg,2014-11-07T01:12:46.549Z,"10 km SW of Sesori, El Salvador",earthquake,,,,6,reviewed,us,us
2001-05-08T18:02:16.910Z,13.605,-88.795,10,5.7,mwc,192,,,1.27,us,usp000aemf,2022-04-29T19:15:52.884Z,"3 km S of San Vicente, El Salvador",earthquake,,,,,reviewed,us,hrv
2001-05-05T18:48:22.320Z,13.524,-91.741,33,4.3,mb,31,,,1.16,us,usp000aefn,2014-11-07T01:12:45.807Z,"87 km SSE of Champerico, Guatemala",earthquake,,,,20,reviewed,us,us
2001-05-05T11:26:56.710Z,14.019,-91.734,39,5.4,mwc,294,,,1.08,us,usp000aef8,2022-04-29T19:15:26.208Z,"35 km SSE of Champerico, Guatemala",earthquake,,,,,reviewed,us,hrv
2001-04-30T06:06:38.840Z,13.529,-89.982,10,4,mb,21,,,1.07,us,usp000ae7b,2014-11-07T01:12:39.765Z,"18 km WSW of Acajutla, El Salvador",earthquake,,,,7,reviewed,us,us
2001-04-29T07:25:09.060Z,13.921,-91.456,33,4.2,mb,22,,,1.14,us,usp000ae5d,2014-11-07T01:12:39.266Z,"35 km SSW of Nueva Concepción, Guatemala",earthquake,,,,10,reviewed,us,us
2001-04-28T20:30:42.680Z,14.398,-91.339,108.8,3.6,mb,8,,,1.33,us,usp000ae4a,2014-11-07T01:12:39.146Z,"2 km W of Río Bravo, Guatemala",earthquake,,18.7,,1,reviewed,us,us
2001-04-28T17:28:49.080Z,14.172,-90.912,93.9,4.2,mb,40,,,1.27,us,usp000ae3x,2014-11-07T01:12:39.118Z,"7 km SSE of La Democracia, Guatemala",earthquake,,,,12,reviewed,us,us
2001-04-28T04:47:03.240Z,13.863,-92.239,33,4.5,mb,116,,,1.02,us,usp000ae2q,2014-11-07T01:12:38.717Z,"59 km SW of Champerico, Guatemala",earthquake,,,,54,reviewed,us,us
2001-04-22T11:43:30.690Z,13.935,-91.106,72.3,4.2,mb,26,,,1.36,us,usp000adsw,2014-11-07T01:12:37.451Z,"17 km SSW of La Gomera, Guatemala",earthquake,,17.6,,10,reviewed,us,us
2001-04-21T07:30:14.540Z,15.577,-92.083,181.5,4.2,mb,24,,,1.13,us,usp000adqq,2014-11-07T01:12:37.148Z,"3 km SSW of Guadalupe Victoria, Mexico",earthquake,,,,4,reviewed,us,us
2001-04-18T18:56:45.970Z,14.335,-91.115,33,4.1,mb,13,,,1.01,us,usp000adgt,2014-11-07T01:12:35.867Z,"9 km W of Santa Lucía Cotzumalguapa, Guatemala",earthquake,,,,4,reviewed,us,us
2001-04-15T08:28:28.910Z,14.207,-89.929,200,4.3,mb,38,,,1.3,us,usp000ad9k,2014-11-07T01:12:35.007Z,"10 km SSW of Jutiapa, Guatemala",earthquake,,,,13,reviewed,us,us
2001-04-10T21:47:00.170Z,13.904,-88.359,10,4.5,mb,33,,,1.27,us,usp000aczm,2014-11-07T01:12:33.861Z,"10 km S of Jiquinlaca, Honduras",earthquake,,,,23,reviewed,us,us
2001-03-19T05:08:14.200Z,14.933,-92.367,91.2,4.3,md,9,,,,us,usp000abqe,2014-11-07T01:12:22.302Z,"0 km NNW of Nuevo Pumpuapa (Cereso), Mexico",earthquake,,,,,reviewed,unm,unm
2001-03-18T14:55:00.180Z,13.69,-90.97,33,4.2,mb,16,,,1.26,us,usp000abpe,2014-11-07T01:12:22.177Z,"30 km SSW of Puerto San José, Guatemala",earthquake,,,,4,reviewed,us,us
2001-03-11T20:44:41.640Z,13.51,-89.063,10,3.7,mb,8,,,1.03,us,usp000ab8g,2014-11-07T01:12:20.085Z,"3 km WNW of El Rosario, El Salvador",earthquake,,,,1,reviewed,us,us
2001-03-11T01:45:45.460Z,13.607,-88.368,185.4,4.4,mb,49,,,1.16,us,usp000ab73,2014-11-07T01:12:19.939Z,"6 km NNW of Lolotique, El Salvador",earthquake,,7.5,,15,reviewed,us,us
2001-03-10T13:40:17.700Z,13.865,-88.691,21.1,4.3,mb,13,,,,us,usp000ab6q,2014-11-07T01:12:19.862Z,"6 km W of Sensuntepeque, El Salvador",earthquake,,,,5,reviewed,casc,us
2001-03-07T02:49:42.870Z,13.653,-88.606,61.1,4,mb,20,,,1.11,us,usp000ab1g,2014-11-07T01:12:19.184Z,"18 km NNW of Berlín, El Salvador",earthquake,,,,4,reviewed,us,us
2001-03-06T23:24:10.010Z,13.603,-89.33,10,4,mb,13,,,0.54,us,usp000ab17,2014-11-07T01:12:19.127Z,"4 km WNW of Zaragoza, El Salvador",earthquake,,,,1,reviewed,us,us
2001-03-05T20:04:19.070Z,14.308,-91.697,33,4.5,mb,74,,,1.32,us,usp000aaz0,2014-11-07T01:12:18.779Z,"23 km E of Champerico, Guatemala",earthquake,,,,22,reviewed,us,us
2001-03-02T08:01:01.040Z,13.919,-91.877,33,4.3,mb,24,,,0.86,us,usp000aarm,2014-11-07T01:12:16.731Z,"41 km S of Champerico, Guatemala",earthquake,,,,11,reviewed,us,us
2001-03-01T06:54:07.150Z,13.793,-88.667,10,4.2,mb,22,,,1.48,us,usp000aanx,2014-11-07T01:12:15.916Z,"8 km SSW of Sensuntepeque, El Salvador",earthquake,,,,4,reviewed,us,us
2001-03-01T05:58:38.050Z,13.734,-88.71,10,4.1,mb,22,,,1.1,us,usp000aanr,2014-11-07T01:12:15.823Z,"10 km NE of Apastepeque, El Salvador",earthquake,,,,4,reviewed,us,us
2001-02-26T09:18:30.390Z,15.294,-89.637,33,3.9,mb,19,,,1.37,us,usp000aae2,2014-11-07T01:12:12.236Z,"11 km S of Panzos, Guatemala",earthquake,,,,8,reviewed,us,us
2001-02-25T08:28:15.110Z,14.065,-88.62,10,4.1,mb,17,,,1.15,us,usp000aab0,2014-11-07T01:12:11.846Z,"8 km E of La Virtud, Honduras",earthquake,,,,7,reviewed,us,us
2001-02-24T16:42:34.680Z,14.403,-88.949,10,4.3,mb,12,,,1.34,us,usp000aa96,2014-11-07T01:12:11.557Z,"0 km NNE of San Marcos, Honduras",earthquake,,,,6,reviewed,us,us
2001-02-23T16:22:07.960Z,14.416,-88.16,10,4.3,mb,9,,,1.22,us,usp000aa6v,2014-11-07T01:12:11.214Z,"11 km N of Intibucá, Honduras",earthquake,,,,3,reviewed,us,us
2001-02-22T04:55:15.660Z,13.786,-91.182,80.5,4.1,mb,14,,,1.34,us,usp000aa3h,2014-11-07T01:12:10.874Z,"35 km SSW of La Gomera, Guatemala",earthquake,,16.4,,5,reviewed,us,us
2001-02-21T01:58:21.710Z,13.947,-91.946,33,4.2,mb,35,,,0.99,us,usp000aa0r,2014-11-07T01:12:10.562Z,"38 km S of Champerico, Guatemala",earthquake,,,,12,reviewed,us,us
2001-02-17T23:02:53.380Z,13.54,-88.837,10,3.8,md,9,,,0.76,us,usp000a9u1,2014-11-07T01:12:09.908Z,"5 km NE of Zacatecoluca, El Salvador",earthquake,,,,,reviewed,us,cig
2001-02-17T20:25:15.780Z,13.787,-89.106,10,4.1,mb,18,,,1.58,us,usp000a9tt,2021-10-20T17:31:40.579Z,"1 km ENE of Tonacatepeque, El Salvador",earthquake,,,,5,reviewed,us,us
2001-02-17T18:53:33.160Z,14.901,-88.303,10,3.9,mb,17,,,1.37,us,usp000a9tm,2014-11-07T01:12:09.791Z,"2 km NW of San Vicente Centenario, Honduras",earthquake,,,,4,reviewed,us,us
2001-02-13T19:26:00.010Z,13.66,-88.455,10,4.4,mb,12,,,0.91,us,usp000a9kb,2014-11-07T01:12:08.279Z,"11 km WSW of Sesori, El Salvador",earthquake,,,,2,reviewed,us,us
2001-02-13T19:22:09.520Z,13.706,-88.76,10,4.6,mb,55,,,0.96,us,usp000a9ka,2014-11-07T01:12:08.274Z,"5 km NNE of Apastepeque, El Salvador",earthquake,,,,11,reviewed,us,us
2001-02-13T14:22:05.820Z,13.671,-88.938,10,6.6,mwc,273,,,1.44,us,usp000a9jv,2022-04-29T19:07:17.625Z,"5 km S of Cojutepeque, El Salvador",earthquake,,,,,reviewed,us,hrv
2001-01-26T01:50:42.300Z,14.915,-92.079,117.5,4.7,mb,103,,,0.97,us,usp000a8dq,2014-11-07T01:11:58.965Z,"2 km W of Malacatán, Guatemala",earthquake,,4.9,,38,reviewed,us,us
2001-01-24T10:55:24.500Z,13.787,-89.286,33,4,mb,17,,,1.34,us,usp000a8ad,2014-11-07T01:11:58.561Z,"5 km SSW of Quezaltepeque, El Salvador",earthquake,,,,5,reviewed,us,us
2001-01-23T21:23:14.860Z,13.718,-88.349,33,4.4,mb,7,,,1.27,us,usp000a88u,2014-11-07T01:11:58.433Z,"1 km E of Sesori, El Salvador",earthquake,,,,2,reviewed,us,us
2001-01-23T05:23:32.270Z,14.017,-90.907,64.4,5.9,mwb,271,,,0.94,us,usp000a86j,2022-04-29T19:09:46.905Z,"13 km NW of Puerto San José, Guatemala",earthquake,,,,,reviewed,us,us
2001-01-16T22:07:59.210Z,13.556,-91.169,33,3.7,mb,10,,,1.16,us,usp000a7ty,2014-11-07T01:11:56.807Z,"55 km SW of Puerto San José, Guatemala",earthquake,,,,1,reviewed,us,us
2001-01-16T18:47:57.380Z,14.175,-91.532,52.6,4.8,mb,177,,,1.33,us,usp000a7tr,2022-04-29T19:05:28.839Z,"22 km WSW of Tiquisate, Guatemala",earthquake,,,,50,reviewed,us,us
2001-01-16T11:53:24.740Z,13.815,-89.456,33,4.4,mb,21,,,1.31,us,usp000a7sw,2014-11-07T01:11:56.500Z,"2 km SSW of Ciudad Arce, El Salvador",earthquake,,,,7,reviewed,us,us
2001-01-15T15:31:22.560Z,13.565,-88.312,33,4.7,mb,17,,,1.39,us,usp000a7r6,2014-11-07T01:11:56.042Z,"4 km ENE of Lolotique, El Salvador",earthquake,,,,2,reviewed,us,us
2001-01-14T21:20:18.730Z,13.999,-89.369,33,4.3,mb,12,,,1.39,us,usp000a7pk,2014-11-07T01:11:55.795Z,"4 km NW of San Pablo Tacachico, El Salvador",earthquake,,,,7,reviewed,us,us
2001-01-14T16:22:20.460Z,13.761,-89.144,33,4.1,mb,13,,,1.38,us,usp000a7p1,2014-11-07T01:11:55.751Z,"3 km SW of Tonacatepeque, El Salvador",earthquake,,,,6,reviewed,us,us
2001-01-14T15:41:30.310Z,13.847,-89.21,33,4.5,mb,23,,,1.44,us,usp000a7nz,2014-11-07T01:11:55.746Z,"5 km SW of Guazapa, El Salvador",earthquake,,,,11,reviewed,us,us
2001-01-14T15:13:59.220Z,13.549,-89.386,33,4.3,mb,29,,,1.3,us,usp000a7ny,2014-11-07T01:11:55.742Z,"9 km NW of La Libertad, El Salvador",earthquake,,,,8,reviewed,us,us
2001-01-11T07:54:51.040Z,13.585,-90.724,66.2,4.3,mb,40,,,1.31,us,usp000a7gp,2014-11-07T01:11:55.075Z,"38 km S of Iztapa, Guatemala",earthquake,,11.6,,19,reviewed,us,us
2001-01-09T09:50:42.210Z,14.1,-91.252,33,4.1,mb,10,,,1.04,us,usp000a7ca,2014-11-07T01:11:53.571Z,"12 km SSE of Nueva Concepción, Guatemala",earthquake,,,,1,reviewed,us,us
2001-01-07T11:16:50.690Z,13.75,-91.324,100,3.8,mb,12,,,0.91,us,usp000a78y,2014-11-07T01:11:52.990Z,"46 km SW of La Gomera, Guatemala",earthquake,,,,3,reviewed,us,us
2000-12-27T06:44:03.450Z,13.791,-91.501,33,4.2,mb,24,,,0.93,us,usp000a6sp,2014-11-07T01:11:46.757Z,"50 km SSW of Nueva Concepción, Guatemala",earthquake,,,,8,reviewed,us,us
2000-12-24T16:11:42.330Z,14.02,-91.536,33,3.9,mb,15,,,0.93,us,usp000a6nu,2014-11-07T01:11:46.152Z,"32 km SW of Nueva Concepción, Guatemala",earthquake,,,,4,reviewed,us,us
2000-12-17T13:54:51.150Z,13.645,-90.501,76.1,4.3,mb,26,,,1.37,us,usp000a67s,2014-11-07T01:11:44.477Z,"38 km SE of Iztapa, Guatemala",earthquake,,15,,12,reviewed,us,us
2000-11-25T00:26:29.350Z,14.207,-91.026,92.9,4.1,mb,39,,,1.06,us,usp000a4vr,2014-11-07T01:11:33.670Z,"8 km WSW of La Democracia, Guatemala",earthquake,,10.8,,8,reviewed,us,us
2000-11-15T07:45:40.400Z,15.718,-92.414,41.2,4.1,md,6,,,,us,usp000a3nb,2014-11-07T01:11:28.674Z,"12 km WNW of Piedra Labrada, Mexico",earthquake,,,,,reviewed,unm,unm
2000-11-09T03:44:05.270Z,14.868,-91.014,179,4.4,mb,21,,,0.93,us,usp000a392,2014-11-07T01:11:26.949Z,"9 km NNW of Santa Apolonia, Guatemala",earthquake,,9.6,,8,reviewed,us,us
2000-11-08T09:15:25.000Z,14.918,-89.885,33,4.6,mb,13,,,1.39,us,usp000a377,2014-11-07T01:11:26.775Z,"1 km ENE of El Jícaro, Guatemala",earthquake,,,,3,reviewed,us,us
2000-11-05T06:07:30.200Z,16.664,-92.419,10,4.6,md,5,,,,us,usp000a2ze,2014-11-07T01:11:25.653Z,"2 km NW of Los Pozos, Mexico",earthquake,,,,,reviewed,unm,unm
2000-10-19T21:49:28.560Z,16.18,-92.411,213.5,4.1,md,10,,,1.31,us,usp000a23g,2014-11-07T01:11:17.451Z,"9 km SW of Socoltenango, Mexico",earthquake,,14.2,,,reviewed,us,unm
2000-10-19T15:52:55.670Z,14.455,-89.251,33,4.2,mb,5,,,1.64,us,usp000a234,2014-11-07T01:11:17.423Z,"6 km NW of Santa Lucía, Honduras",earthquake,,,,1,reviewed,us,us
2000-10-17T20:00:36.820Z,15.521,-92.071,180.5,5.8,mwc,323,,,1.05,us,usp000a1zf,2022-04-29T19:38:06.861Z,"4 km ENE of Nuevo Amatenango, Mexico",earthquake,,,,,reviewed,us,hrv
2000-10-06T14:44:17.160Z,14.286,-91.587,66.3,4.9,mb,156,,,1.07,us,usp000a1bv,2014-11-07T01:11:14.420Z,"23 km SSW of San Lorenzo, Guatemala",earthquake,,,,58,reviewed,us,us
2000-09-21T04:45:31.650Z,13.693,-88.794,33,3.8,mb,9,,,1.22,us,usp000a0ku,2014-11-07T01:11:06.486Z,"3 km NNW of Apastepeque, El Salvador",earthquake,,,,2,reviewed,us,us
2000-08-31T21:57:09.540Z,13.898,-91.333,45.4,4.4,mb,40,,,1.24,us,usp0009zg7,2014-11-07T01:10:56.838Z,"33 km S of Nueva Concepción, Guatemala",earthquake,,15.9,,14,reviewed,us,us
2000-08-28T01:54:06.910Z,13.964,-91.33,33,4.1,mb,14,,,1.07,us,usp0009z97,2014-11-07T01:10:55.394Z,"26 km S of Nueva Concepción, Guatemala",earthquake,,,,6,reviewed,us,us
2000-08-27T06:57:22.280Z,14.089,-89.129,33,4.4,mb,10,,,1.07,us,usp0009z81,2014-11-07T01:10:55.259Z,"15 km NNE of Aguilares, El Salvador",earthquake,,,,5,reviewed,us,us
2000-08-25T03:21:01.300Z,14.103,-91.336,145.7,4.2,md,4,,,,us,usp0009z4g,2014-11-07T01:10:54.808Z,"Guatemala",earthquake,,,,,reviewed,unm,unm
2000-08-21T16:08:02.560Z,14.023,-92.338,80,4.4,mb,9,,,1.06,us,usp0009yw1,2014-11-07T01:10:53.895Z,"54 km WSW of Champerico, Guatemala",earthquake,,17.1,,1,reviewed,us,us
2000-08-19T01:02:56.190Z,14.857,-91.16,199.4,4.1,md,22,,,1.23,us,usp0009yrn,2014-11-07T01:10:53.304Z,"8 km N of Concepción, Guatemala",earthquake,,8.8,,,reviewed,us,unm
2000-08-10T09:22:50.520Z,14.569,-90.928,135.1,4,mb,11,,,0.52,us,usp0009y83,2014-11-07T01:10:50.876Z,"2 km NE of Acatenango, Guatemala",earthquake,,25.2,,4,reviewed,us,us
2000-08-02T00:23:01.870Z,13.679,-90.643,66.1,5.2,mwc,112,,,1.28,us,usp0009xkz,2025-12-19T22:54:35.831Z,"28 km SSE of Iztapa, Guatemala",earthquake,,,,,reviewed,us,hrv
2000-07-29T17:33:07.550Z,14.177,-91.029,33,4.3,mb,11,,,1.12,us,usp0009xdg,2014-11-07T01:10:41.645Z,"10 km WSW of La Democracia, Guatemala",earthquake,,,,4,reviewed,us,us
2000-07-27T04:28:51.090Z,13.765,-91.555,33,5.2,mwc,176,,,1.24,us,usp0009x8r,2022-04-29T18:46:17.900Z,"55 km SSW of Nueva Concepción, Guatemala",earthquake,,,,,reviewed,us,hrv
2000-07-22T12:03:00.520Z,13.74,-89.516,33,4,mb,10,,,0.35,us,usp0009wyp,2014-11-07T01:10:39.156Z,"1 km WSW of Armenia, El Salvador",earthquake,,,,4,reviewed,us,us
2000-07-09T05:49:34.390Z,13.57,-92.155,10,4.2,mb,32,,,1.04,us,usp0009w3d,2014-11-07T01:10:34.146Z,"84 km SSW of Champerico, Guatemala",earthquake,,,,13,reviewed,us,us
2000-07-01T23:07:49.080Z,17.292,-92.112,10,4,mb,25,,,1.18,us,usp0009vjs,2014-11-07T01:10:29.778Z,"7 km SSW of Santa María, Mexico",earthquake,,,,10,reviewed,us,us
2000-06-24T09:54:57.260Z,13.796,-91.901,33,4.1,mb,29,,,0.93,us,usp0009v24,2014-11-07T01:10:24.426Z,"55 km S of Champerico, Guatemala",earthquake,,,,8,reviewed,us,us
2000-06-18T19:28:01.660Z,14.781,-92.33,102.2,4.3,mb,19,,,1.42,us,usp0009utj,2014-11-07T01:10:23.412Z,"1 km W of Congregación Reforma, Mexico",earthquake,,8.4,,3,reviewed,us,us
2000-06-13T17:11:22.850Z,14.344,-92.433,33,4.4,mb,56,,,0.86,us,usp0009uh6,2014-11-07T01:10:22.186Z,"30 km SW of Brisas Barra de Suchiate, Mexico",earthquake,,,,11,reviewed,us,us
2000-06-09T11:26:21.040Z,14.383,-90.38,33,5,mb,27,,,0.81,us,usp0009uae,2014-11-07T01:10:20.751Z,"1 km WSW of Santa Cruz Naranjo, Guatemala",earthquake,,,,1,reviewed,us,us
2000-06-08T15:33:42.340Z,14.244,-91.95,69.7,5.3,mwc,152,,,1,us,usp0009u8m,2025-12-19T22:34:29.274Z,"6 km SW of Champerico, Guatemala",earthquake,,4.6,,,reviewed,us,hrv
2000-06-08T13:01:30.820Z,14.147,-91.868,36.9,4.5,mb,65,,,0.87,us,usp0009u8d,2014-11-07T01:10:20.285Z,"16 km SSE of Champerico, Guatemala",earthquake,,12.2,,22,reviewed,us,us
2000-06-08T08:08:11.670Z,14.207,-92.056,58.8,5.5,mwc,233,,,1.08,us,usp0009u7y,2022-04-29T18:40:20.682Z,"18 km WSW of Champerico, Guatemala",earthquake,,3.4,,,reviewed,us,hrv
2000-06-04T16:38:43.000Z,13.913,-91.963,18,4.1,md,6,,,,us,usp0009txw,2014-11-07T01:10:18.413Z,"42 km S of Champerico, Guatemala",earthquake,,,,,reviewed,unm,unm
2000-06-03T07:18:14.080Z,14.108,-91.106,58.2,4.4,md,15,,,1.46,us,usp0009tvb,2014-11-07T01:10:17.450Z,"6 km WNW of La Gomera, Guatemala",earthquake,,,,,reviewed,us,unm
2000-05-29T18:14:55.100Z,14.899,-92.34,96.5,4.2,md,,,,,us,usp0009tmm,2014-11-07T01:10:12.221Z,"1 km SW of Viva México, Mexico",earthquake,,,,,reviewed,unm,unm
2000-05-24T20:28:33.970Z,13.502,-91.349,33,4.4,mb,,,,0.86,us,usp0009tes,2014-11-07T01:10:11.523Z,"71 km SSW of La Gomera, Guatemala",earthquake,,,,18,reviewed,us,us
2000-05-24T02:01:23.120Z,13.535,-88.554,44.6,4.2,mb,,,,0.92,us,usp0009tda,2014-11-07T01:10:11.305Z,"4 km NNW of Berlín, El Salvador",earthquake,,24.4,,4,reviewed,us,us
2000-05-18T06:03:54.170Z,15.518,-90.881,33,4,md,,,,1.27,us,usp0009t3z,2014-11-07T01:10:09.751Z,"16 km ENE of Chajul, Guatemala",earthquake,,,,,reviewed,us,unm
2000-05-12T19:33:46.850Z,13.577,-89.202,33,4.1,mb,,,,1.29,us,usp0009suv,2014-11-07T01:10:07.518Z,"0 km ENE of Rosario de Mora, El Salvador",earthquake,,,,3,reviewed,us,us
2000-04-28T20:25:46.530Z,14.355,-90.856,73.4,3.9,mb,,,,1.01,us,usp0009s0z,2014-11-07T01:09:57.563Z,"9 km NW of Escuintla, Guatemala",earthquake,,,,5,reviewed,us,us
2000-04-28T15:58:31.180Z,15.045,-90.379,33,3.2,mb,,,,1.38,us,usp0009s0e,2014-11-07T01:09:57.502Z,"5 km SSE of San Miguel Chicaj, Guatemala",earthquake,,,,1,reviewed,us,us
2000-04-27T04:45:17.840Z,14.096,-92.33,33,3.4,mb,,,,1.15,us,usp0009ry1,2014-11-07T01:09:57.254Z,"48 km SSW of Ocós, Guatemala",earthquake,,,,1,reviewed,us,us
2000-04-22T09:01:16.910Z,13.618,-91.111,33,3.8,mb,,,,1.39,us,usp0009rph,2014-11-07T01:09:55.654Z,"46 km SW of Puerto San José, Guatemala",earthquake,,,,5,reviewed,us,us
2000-04-01T04:56:18.310Z,13.831,-90.459,33,3.4,mb,,,,1.11,us,usp0009qm1,2014-11-07T01:09:48.452Z,"26 km S of Taxisco, Guatemala",earthquake,,,,2,reviewed,us,us
2000-03-31T22:54:43.600Z,15.086,-91.967,170.7,4.2,md,,,,,us,usp0009qke,2014-11-07T01:09:46.608Z,"4 km W of Tajumulco, Guatemala",earthquake,,,,,reviewed,unm,unm
2000-03-29T02:49:31.020Z,13.554,-92.1,33,4.5,mb,,,,1.06,us,usp0009qd8,2014-11-07T01:09:45.818Z,"84 km SSW of Champerico, Guatemala",earthquake,,,,15,reviewed,us,us
2000-03-25T13:08:23.710Z,13.816,-91.845,33,4.1,mb,,,,1.42,us,usp0009q5a,2014-11-07T01:09:44.739Z,"53 km S of Champerico, Guatemala",earthquake,,,,1,reviewed,us,us
2000-03-25T11:26:01.260Z,15.034,-91.495,164.9,4.4,mb,,,,1.34,us,usp0009q54,2014-11-07T01:09:44.720Z,"6 km SW of San Bartolo, Guatemala",earthquake,,,,34,reviewed,us,us
2000-03-23T07:22:31.700Z,13.759,-91.433,33,4.6,mb,,,,1.16,us,usp0009q21,2014-11-07T01:09:44.245Z,"50 km SSW of Nueva Concepción, Guatemala",earthquake,,,,17,reviewed,us,us
2000-03-14T23:49:59.540Z,14.072,-92.337,33,4.8,mb,,,,0.81,us,usp0009pqh,2014-11-07T01:09:41.928Z,"near the coast of Chiapas, Mexico",earthquake,,,,39,reviewed,us,us
2000-03-13T08:47:38.900Z,15.297,-92.012,202,4.2,md,,,,,us,usp0009pnd,2014-11-07T01:09:41.159Z,"5 km E of Tectitán, Guatemala",earthquake,,,,,reviewed,unm,unm
2000-03-12T22:21:30.470Z,14.975,-92.444,62,6.3,mwc,,,,0.87,us,usp0009pmv,2022-04-29T18:34:40.670Z,"3 km ESE of Plan de Ayala, Mexico",earthquake,,,,,reviewed,us,hrv
2000-03-12T21:53:12.740Z,13.631,-88.948,200,4.3,mb,,,,0.98,us,usp0009pmt,2014-11-07T01:09:41.018Z,"9 km S of Cojutepeque, El Salvador",earthquake,,,,8,reviewed,us,us
2000-03-08T12:14:48.340Z,13.624,-92.158,33,4.2,md,,,,1.2,us,usp0009pec,2014-11-07T01:09:40.076Z,"78 km SSW of Champerico, Guatemala",earthquake,,,,,reviewed,us,unm
2000-03-06T13:07:16.810Z,14.818,-92.46,79.6,4,mb,,,,1.25,us,usp0009pc6,2014-11-07T01:09:39.751Z,"5 km SSW of Mazatán, Mexico",earthquake,,7.1,,11,reviewed,us,us
2000-03-01T23:18:39.600Z,13.914,-91.417,70.1,3.9,mb,,,,1.37,us,usp0009p5h,2014-11-07T01:09:37.486Z,"34 km SSW of Nueva Concepción, Guatemala",earthquake,,,,3,reviewed,us,us
2000-02-26T04:52:44.400Z,14.019,-92.107,27.7,4.6,md,,,,,us,usp0009nzf,2014-11-07T01:09:33.850Z,"near the coast of Chiapas, Mexico",earthquake,,,,,reviewed,unm,unm
2000-02-22T04:36:47.560Z,15.4,-91.839,180.9,4.4,mb,,,,0.98,us,usp0009ntx,2014-11-07T01:09:32.838Z,"7 km WSW of Ixtahuacán, Guatemala",earthquake,,,,35,reviewed,us,us
2000-02-19T12:15:12.280Z,14.249,-91.649,33,3.8,mb,,,,0.74,us,usp0009np7,2014-11-07T01:09:31.669Z,"28 km E of Champerico, Guatemala",earthquake,,,,5,reviewed,us,us
2000-02-19T09:48:39.460Z,14.028,-92.004,50.6,4.6,mb,,,,1.39,us,usp0009np1,2014-11-07T01:09:31.651Z,"30 km SSW of Champerico, Guatemala",earthquake,,6.5,,20,reviewed,us,us
2000-02-09T20:02:39.400Z,15.473,-92.485,170.7,4.4,md,,,,,us,usp0009n8x,2014-11-07T01:09:29.130Z,"15 km NNE of El Triunfo, Mexico",earthquake,,,,,reviewed,unm,unm
2000-02-06T04:32:18.610Z,13.565,-88.318,250,3.9,mb,,,,1.17,us,usp0009n3w,2014-11-07T01:09:27.205Z,"3 km ENE of Lolotique, El Salvador",earthquake,,,,7,reviewed,us,us
2000-02-04T15:41:53.080Z,14.312,-92.36,92.4,4.7,mb,,,,1.21,us,usp0009n1t,2014-11-07T01:09:26.669Z,"28 km SW of Ocós, Guatemala",earthquake,,,,17,reviewed,us,us
2000-01-25T13:50:18.450Z,13.98,-89.38,103.2,3.9,mb,,,,0.95,us,usp0009mn5,2014-11-07T01:09:21.909Z,"4 km W of San Pablo Tacachico, El Salvador",earthquake,,23.5,,4,reviewed,us,us
2000-01-22T12:28:06.400Z,14.996,-91.839,198.7,3.5,mb,,,,,us,usp0009mgu,2014-11-07T01:09:21.337Z,"5 km NW of San Marcos, Guatemala",earthquake,,,,3,reviewed,unm,us
2000-01-18T16:49:34.670Z,13.955,-89.851,196.6,4.6,mb,,,,1,us,usp0009may,2014-11-07T01:09:20.451Z,"3 km N of Ahuachapán, El Salvador",earthquake,,11.5,,11,reviewed,us,us
2000-01-14T10:59:45.270Z,16.173,-92.438,241,5,mb,,,,1.11,us,usp0009m46,2014-11-07T01:09:19.474Z,"11 km S of San Francisco Pujiltic, Mexico",earthquake,,,,35,reviewed,us,us
1999-12-26T18:30:55.120Z,14.411,-91.613,103,4.3,mb,,,,1.43,us,usp0009kb4,2014-11-07T01:09:11.788Z,"13 km SW of San Lorenzo, Guatemala",earthquake,,13.8,,2,reviewed,us,us
1999-12-18T07:50:16.270Z,14.584,-91.86,80.8,3.5,mb,,,,1.5,us,usp0009jz7,2014-11-07T01:09:10.008Z,"4 km SSW of Génova, Guatemala",earthquake,,12.2,,3,reviewed,us,us
1999-12-12T17:57:28.580Z,14.765,-91.186,157.5,5.8,mwc,,,,1.22,us,usp0009jt2,2022-04-29T18:20:51.356Z,"0 km SSW of Sololá, Guatemala",earthquake,,,,,reviewed,us,hrv
1999-12-09T16:26:20.460Z,13.933,-92.339,42.2,4.3,mb,,,,1.21,us,usp0009jnh,2014-11-07T01:09:08.482Z,"60 km SW of Champerico, Guatemala",earthquake,,13.5,,14,reviewed,us,us
1999-11-26T05:35:35.970Z,13.984,-90.434,83.1,4.2,mb,,,,1.26,us,usp0009j43,2014-11-07T01:09:00.587Z,"9 km SSE of Taxisco, Guatemala",earthquake,,,,5,reviewed,us,us
1999-11-12T20:51:39.530Z,15.373,-91.812,206.5,4.4,mb,,,,1.19,us,usp0009hfv,2014-11-07T01:08:57.676Z,"6 km SW of Ixtahuacán, Guatemala",earthquake,,7.3,,4,reviewed,us,us
1999-11-12T09:48:07.420Z,14.12,-91.846,33,3.6,mb,,,,0.64,us,usp0009hea,2014-11-07T01:08:57.465Z,"20 km SSE of Champerico, Guatemala",earthquake,,,,4,reviewed,us,us
1999-10-29T09:33:03.770Z,13.877,-91.704,33,4.5,mb,,,,0.98,us,usp0009grx,2014-11-07T01:08:47.060Z,"51 km SSE of Champerico, Guatemala",earthquake,,,,22,reviewed,us,us
1999-10-26T19:06:28.480Z,14.079,-91.875,33,4.2,mb,,,,1.34,us,usp0009gn7,2014-11-07T01:08:46.440Z,"24 km S of Champerico, Guatemala",earthquake,,,,3,reviewed,us,us
1999-10-08T05:58:18.290Z,15.21,-91.694,33,4.3,mb,,,,1.3,us,usp0009fk5,2014-11-07T01:08:40.879Z,"6 km W of Sipacapa, Guatemala",earthquake,,,,5,reviewed,us,us
1999-10-01T03:21:50.140Z,14.86,-91.201,33,3.7,mb,,,,1.38,us,usp0009f8p,2014-11-07T01:08:36.355Z,"9 km N of Sololá, Guatemala",earthquake,,,,2,reviewed,us,us
1999-09-24T23:42:08.850Z,14.026,-90.224,33,4,mb,,,,0.96,us,usp0009ezf,2014-11-07T01:08:31.686Z,"5 km NNW of Pasaco, Guatemala",earthquake,,,,5,reviewed,us,us
1999-09-21T14:11:41.480Z,13.939,-90.791,78.1,4.5,mb,,,,1.19,us,usp0009ete,2014-11-07T01:08:31.000Z,"3 km ENE of Puerto San José, Guatemala",earthquake,,,,18,reviewed,us,us
1999-09-18T21:23:45.380Z,14.456,-91.354,33,4.1,mb,,,,1.18,us,usp0009ema,2014-11-07T01:08:30.032Z,"7 km NNW of Río Bravo, Guatemala",earthquake,,,,6,reviewed,us,us
1999-09-17T14:17:50.550Z,13.931,-91.494,33,3.8,mb,,,,0.71,us,usp0009ehy,2014-11-07T01:08:29.471Z,"36 km SW of Nueva Concepción, Guatemala",earthquake,,,,3,reviewed,us,us
1999-09-14T02:03:38.920Z,13.909,-89.832,33,4,mb,,,,1.15,us,usp0009edx,2014-11-07T01:08:28.621Z,"1 km SE of Ahuachapán, El Salvador",earthquake,,,,9,reviewed,us,us
1999-09-13T05:45:06.750Z,15.831,-91.979,253.5,4.2,mb,,,,1.09,us,usp0009ed4,2014-11-07T01:08:28.485Z,"3 km WNW of Joaquín Miguel Gutiérrez, Mexico",earthquake,,6.1,,12,reviewed,us,us
1999-08-30T13:17:58.550Z,14.406,-90.83,104.1,4.3,mb,,,,1.14,us,usp0009due,2014-11-07T01:08:21.344Z,"9 km SSW of Alotenango, Guatemala",earthquake,,,,14,reviewed,us,us
1999-08-26T06:50:27.680Z,14.976,-91.785,144.5,4.3,mb,,,,1.38,us,usp0009dnm,2014-11-07T01:08:20.087Z,"1 km NE of San Marcos, Guatemala",earthquake,,10.7,,7,reviewed,us,us
1999-08-24T22:00:54.490Z,13.693,-90.845,53.3,4.3,ms,,,,1.14,us,usp0009dkb,2014-11-07T01:08:19.806Z,"26 km S of Puerto San José, Guatemala",earthquake,,6.6,,5,reviewed,us,us
1999-08-22T09:19:16.970Z,13.831,-91.438,10,4,md,,,,1.25,us,usp0009dfy,2014-11-07T01:08:19.263Z,"43 km SSW of Nueva Concepción, Guatemala",earthquake,,,,,reviewed,us,casc
1999-08-20T21:33:20.610Z,13.992,-90.736,91.6,4.6,mb,,,,1.26,us,usp0009ddr,2014-11-07T01:08:18.399Z,"7 km NNW of Iztapa, Guatemala",earthquake,,,,23,reviewed,us,us
1999-08-13T03:31:53.520Z,14.078,-92.415,67.1,4,mb,,,,1.04,us,usp0009cz3,2014-11-07T01:08:16.058Z,"53 km SSW of Ocós, Guatemala",earthquake,,11.8,,2,reviewed,us,us
1999-08-12T09:35:16.080Z,15.86,-88.523,10,4.2,mb,,,,1.28,us,usp0009cy1,2014-11-07T01:08:15.889Z,"16 km NNE of Puerto Barrios, Guatemala",earthquake,,,,12,reviewed,us,us
1999-07-19T17:56:33.660Z,15.654,-88.317,10,4.6,mb,,,,1.17,us,usp0009bv5,2014-11-07T01:08:07.172Z,"2 km NW of Potrerillos, Honduras",earthquake,,,,24,reviewed,us,us
1999-07-15T02:47:52.730Z,13.865,-91.116,68.7,4.3,mb,,,,1.07,us,usp0009bmq,2014-11-07T01:08:05.915Z,"24 km SSW of La Gomera, Guatemala",earthquake,,5.5,,17,reviewed,us,us
1999-07-14T13:12:38.240Z,15.764,-89.283,10,3.9,mb,,,,1.44,us,usp0009bky,2014-11-07T01:08:05.788Z,"26 km NNE of El Estor, Guatemala",earthquake,,,,4,reviewed,us,us
1999-07-14T12:06:14.780Z,15.922,-88.514,10,4.5,mb,,,,0.83,us,usp0009bkv,2014-11-07T01:08:05.781Z,"23 km NNE of Puerto Barrios, Guatemala",earthquake,,,,16,reviewed,us,us
1999-07-13T13:02:30.600Z,13.749,-90.42,70,5.6,mwc,,,,1.04,us,usp0009bj6,2022-04-29T17:49:38.450Z,"34 km SW of Pasaco, Guatemala",earthquake,,,,,reviewed,us,hrv
1999-07-11T20:17:25.730Z,15.26,-88.415,10,4.5,mb,,,,1.13,us,usp0009bf5,2014-11-07T01:08:05.307Z,"4 km S of San Marcos, Honduras",earthquake,,,,16,reviewed,us,us
1999-07-11T20:09:21.450Z,15.73,-88.572,10,4.5,mb,,,,1.26,us,usp0009bf2,2014-11-07T01:08:05.298Z,"2 km E of Puerto Barrios, Guatemala",earthquake,,,,29,reviewed,us,us
1999-07-11T14:53:42.760Z,15.773,-88.907,10,4.2,mb,,,,1.26,us,usp0009beg,2014-11-07T01:08:05.253Z,"17 km WSW of Lívingston, Guatemala",earthquake,,,,5,reviewed,us,us
1999-07-11T14:31:59.330Z,15.828,-88.61,10,4.8,mb,,,,1.35,us,usp0009bee,2014-11-07T01:08:05.237Z,"11 km N of Puerto Barrios, Guatemala",earthquake,,,,10,reviewed,us,us
1999-07-11T14:14:16.530Z,15.782,-88.33,10,6.7,mwc,,,,1.01,us,usp0009bed,2022-04-29T18:27:30.637Z,"16 km N of Potrerillos, Honduras",earthquake,,,,,reviewed,us,hrv
1999-07-02T08:08:19.900Z,14.219,-92.121,20,4.2,md,,,,,us,usp0009axg,2014-11-07T01:08:01.430Z,"23 km WSW of Champerico, Guatemala",earthquake,,,,,reviewed,unm,unm
1999-06-26T21:25:15.990Z,14.331,-90.768,175.9,4.4,mb,,,,1.16,us,usp0009akx,2014-11-07T01:07:57.381Z,"3 km NNE of Escuintla, Guatemala",earthquake,,7.8,,5,reviewed,us,us
1999-06-25T09:49:54.010Z,14.343,-91.711,63.8,5.2,mwc,,,,1.25,us,usp0009ag9,2025-12-19T22:40:37.950Z,"21 km S of Retalhuleu, Guatemala",earthquake,,,,,reviewed,us,hrv
1999-06-22T21:22:06.390Z,14.231,-91.774,73.9,4.5,mb,,,,1.26,us,usp0009abf,2014-11-07T01:07:56.163Z,"16 km ESE of Champerico, Guatemala",earthquake,,9.2,,19,reviewed,us,us
1999-06-19T21:56:41.270Z,13.636,-91.878,33,4.1,mb,,,,0.96,us,usp0009a64,2014-11-07T01:07:55.106Z,"72 km S of Champerico, Guatemala",earthquake,,,,5,reviewed,us,us
1999-06-18T10:23:59.920Z,14.184,-92.345,60,4.4,mb,,,,0.91,us,usp0009a3e,2014-11-07T01:07:54.691Z,"near the coast of Chiapas, Mexico",earthquake,,14.1,,11,reviewed,us,us
1999-06-06T07:08:05.860Z,13.897,-90.768,33,6.3,mwb,,,,1.25,us,usp00099cu,2022-04-29T18:22:54.649Z,"6 km ESE of Puerto San José, Guatemala",earthquake,,,,,reviewed,us,us
1999-05-28T13:28:10.730Z,14.786,-91.087,196,4.6,mb,,,,1.38,us,usp00098x9,2014-11-07T01:07:43.970Z,"6 km E of Concepción, Guatemala",earthquake,,11,,8,reviewed,us,us
1999-05-18T21:37:59.120Z,14.947,-91.281,33,3.4,mb,,,,1.04,us,usp000989c,2014-11-07T01:07:41.609Z,"8 km WSW of Patzité, Guatemala",earthquake,,,,1,reviewed,us,us
1999-05-14T03:01:51.700Z,17.365,-91.436,93.7,4.2,md,,,,,us,usp00097x5,2014-11-07T01:07:40.346Z,"12 km S of Tenosique, Mexico",earthquake,,,,,reviewed,unm,unm
1999-05-13T17:46:31.990Z,14.108,-92.355,41.3,4.4,mb,,,,1.2,us,usp00097we,2014-11-07T01:07:40.281Z,"47 km SSW of Ocós, Guatemala",earthquake,,6.7,,18,reviewed,us,us
1999-05-13T05:46:08.170Z,14.112,-91.726,35.8,4.4,mb,,,,1.15,us,usp00097vn,2014-11-07T01:07:40.177Z,"28 km SE of Champerico, Guatemala",earthquake,,,,18,reviewed,us,us
1999-05-09T08:29:15.400Z,13.756,-92.055,16.5,4.2,mb,,,,,us,usp00097n7,2014-11-07T01:07:39.088Z,"61 km SSW of Champerico, Guatemala",earthquake,,,,1,reviewed,unm,us
1999-05-08T22:48:48.080Z,13.732,-92.297,33,3.8,mb,,,,1.46,us,usp00097me,2014-11-07T01:07:38.997Z,"74 km SW of Champerico, Guatemala",earthquake,,,,4,reviewed,us,us
1999-05-08T22:12:45.510Z,14.214,-91.945,39.2,6.1,mwb,,,,0.74,us,usp00097mc,2022-04-29T18:24:07.549Z,"9 km SSW of Champerico, Guatemala",earthquake,,4.6,,,reviewed,us,us
1999-05-08T06:15:33.540Z,13.879,-91.807,51.9,4.8,mb,,,,1.03,us,usp00097ju,2014-11-07T01:07:38.726Z,"47 km SSE of Champerico, Guatemala",earthquake,,5,,60,reviewed,us,us
1999-05-06T16:27:10.460Z,13.57,-92.086,33,4.2,mb,,,,1.28,us,usp00097f1,2014-11-07T01:07:38.096Z,"82 km SSW of Champerico, Guatemala",earthquake,,,,8,reviewed,us,us
1999-05-04T12:21:26.220Z,14.139,-91.591,68.5,4.3,mb,,,,1.12,us,usp00097bf,2014-11-07T01:07:37.309Z,"Guatemala",earthquake,,4.5,,18,reviewed,us,us
1999-04-29T17:15:20.840Z,15.224,-91.541,231.5,4.2,mb,,,,0.89,us,usp0009721,2014-11-07T01:07:31.732Z,"5 km WSW of Malacatancito, Guatemala",earthquake,,32.5,,8,reviewed,us,us
1999-04-29T13:41:37.010Z,13.654,-90.366,33,4,mb,,,,1.2,us,usp000971j,2014-11-07T01:07:31.532Z,"39 km SSW of Pasaco, Guatemala",earthquake,,,,2,reviewed,us,us
1999-04-28T15:41:15.740Z,13.978,-92.288,33,4.9,mb,,,,1.01,us,usp0009701,2014-11-07T01:07:31.322Z,"53 km SW of Champerico, Guatemala",earthquake,,,,24,reviewed,us,us
1999-04-26T02:13:08.090Z,14.672,-88.492,33,3.6,mb,,,,1.02,us,usp00096wc,2014-11-07T01:07:30.329Z,"8 km S of Taragual, Honduras",earthquake,,,,2,reviewed,us,us
1999-04-25T05:18:48.920Z,14.31,-91.443,200,4.4,mb,,,,1.08,us,usp00096ur,2014-11-07T01:07:30.152Z,"9 km WNW of Tiquisate, Guatemala",earthquake,,,,8,reviewed,us,us
1999-04-23T11:02:24.250Z,15.417,-91.823,215.8,4.3,mb,,,,1.05,us,usp00096s1,2014-11-07T01:07:29.859Z,"5 km W of Ixtahuacán, Guatemala",earthquake,,37.4,,10,reviewed,us,us
1999-04-22T20:55:08.230Z,14.303,-90.803,33,4,mb,,,,0.93,us,usp00096qv,2014-11-07T01:07:29.739Z,"1 km W of Escuintla, Guatemala",earthquake,,,,5,reviewed,us,us
1999-04-17T15:30:06.080Z,14.229,-91.341,62.4,4.6,mb,,,,0.96,us,usp00096fr,2014-11-07T01:07:28.870Z,"5 km NW of Nueva Concepción, Guatemala",earthquake,,,,24,reviewed,us,us
1999-04-16T18:27:22.440Z,14.716,-91.563,82.6,4.3,mb,,,,1,us,usp00096dt,2014-11-07T01:07:28.632Z,"7 km NNE of El Palmar, Guatemala",earthquake,,27.9,,8,reviewed,us,us
1999-04-15T17:18:04.570Z,13.683,-89.643,33,4.1,mb,,,,1.41,us,usp00096bt,2014-11-07T01:07:28.399Z,"7 km SSE of Izalco, El Salvador",earthquake,,,,5,reviewed,us,us
1999-04-13T08:17:18.490Z,14.308,-90.762,33,3.7,mb,,,,0.97,us,usp0009678,2014-11-07T01:07:27.445Z,"2 km ENE of Escuintla, Guatemala",earthquake,,,,5,reviewed,us,us
1999-03-30T18:46:07.360Z,14.365,-88.415,33,4,mb,,,,0.93,us,usp00095gj,2014-11-07T01:07:17.758Z,"15 km NNE of Erandique, Honduras",earthquake,,,,4,reviewed,us,us
1999-03-29T01:27:09.330Z,14.433,-88.399,33,5.1,mb,,,,0.77,us,usp00095db,2022-04-29T18:05:38.412Z,"23 km NW of Yamaranguila, Honduras",earthquake,,,,81,reviewed,us,us
1999-03-23T22:22:56.830Z,14.434,-88.531,33,4.5,ml,,,,0.64,us,usp0009523,2014-11-07T01:07:15.958Z,"18 km SSE of Gracias, Honduras",earthquake,,,,,reviewed,us,casc
1999-03-23T17:30:17.110Z,14.443,-88.444,33,4.6,mb,,,,1.02,us,usp000951n,2014-11-07T01:07:15.907Z,"Honduras",earthquake,,,,21,reviewed,us,us
1999-03-13T06:40:30.540Z,14.151,-92.266,37.2,4.4,mb,,,,1.05,us,usp00094e9,2014-11-07T01:07:13.513Z,"40 km S of Ocós, Guatemala",earthquake,,6.1,,11,reviewed,us,us
1999-03-08T07:12:29.880Z,13.687,-88.088,250,4.4,mb,,,,1.06,us,usp000942k,2014-11-07T01:07:11.953Z,"1 km SE of San Francisco, El Salvador",earthquake,,,,1,reviewed,us,us
1999-03-07T00:22:16.380Z,14.151,-92.396,33,4.2,mb,,,,1.2,us,usp0009400,2014-11-07T01:07:11.140Z,"45 km SSW of Ocós, Guatemala",earthquake,,,,9,reviewed,us,us
1999-03-03T04:44:57.430Z,14.364,-92.039,66.5,4,mb,,,,1.3,us,usp00093s2,2014-11-07T01:07:09.282Z,"15 km WNW of Champerico, Guatemala",earthquake,,7.6,,8,reviewed,us,us
1999-03-02T19:09:25.480Z,13.524,-89.741,33,3.9,mb,,,,1.27,us,usp00093rb,2014-11-07T01:07:09.044Z,"12 km SE of Acajutla, El Salvador",earthquake,,,,4,reviewed,us,us
1999-03-01T21:51:22.090Z,13.64,-88.734,33,4.7,mb,,,,1.25,us,usp00093ps,2014-11-07T01:07:08.389Z,"6 km ESE of Apastepeque, El Salvador",earthquake,,,,10,reviewed,us,us
1999-02-27T09:42:26.550Z,14.815,-92.07,111.2,4.1,mb,,,,1,us,usp00093j4,2014-11-07T01:07:05.427Z,"4 km S of Catarina, Guatemala",earthquake,,7.7,,13,reviewed,us,us
1999-02-24T19:11:33.590Z,13.609,-90.697,85.2,5.3,mwc,,,,1.07,us,usp00093c5,2025-12-19T22:30:02.204Z,"35 km S of Iztapa, Guatemala",earthquake,,8,,,reviewed,us,hrv
1999-02-21T14:07:33.700Z,13.601,-91.797,33,4,mb,,,,1.14,us,usp000935z,2014-11-07T01:07:03.217Z,"77 km S of Champerico, Guatemala",earthquake,,,,7,reviewed,us,us
1999-02-08T08:34:52.760Z,14.801,-88.004,33,4.7,mb,,,,1.12,us,usp00092fj,2014-11-07T01:07:00.424Z,"8 km NNE of San José de Comayagua, Honduras",earthquake,,,,4,reviewed,us,us
1999-02-06T15:22:35.280Z,14.403,-91.396,91.9,4.3,mb,,,,1.03,us,usp00092ce,2014-11-07T01:06:59.149Z,"5 km SSE of San José El Ídolo, Guatemala",earthquake,,,,7,reviewed,us,us
1999-01-26T13:46:46.050Z,14.095,-92.281,33,4,mb,,,,1.29,us,usp00091rk,2014-11-07T01:06:51.690Z,"45 km WSW of Champerico, Guatemala",earthquake,,,,7,reviewed,us,us
1999-01-12T04:41:00.410Z,14.769,-88.129,33,4,mb,,,,1.25,us,usp00090zb,2014-11-07T01:06:48.583Z,"2 km NNW of San Pedro Zacapa, Honduras",earthquake,,,,4,reviewed,us,us
1999-01-05T13:49:35.760Z,14.604,-91.136,200,4.6,mb,,,,1.12,us,usp00090nu,2014-11-07T01:06:46.799Z,"1 km NE of San Lucas Tolimán, Guatemala",earthquake,,,,2,reviewed,us,us
1999-01-04T01:19:24.210Z,14.221,-91.836,91.4,4.8,mb,,,,1,us,usp00090kk,2014-11-07T01:06:46.182Z,"11 km SE of Champerico, Guatemala",earthquake,,7.6,,49,reviewed,us,us
1998-12-30T15:32:14.530Z,14.057,-91.889,42.4,5.3,mwc,,,,0.77,us,usp00090cw,2022-04-29T17:59:00.899Z,"26 km S of Champerico, Guatemala",earthquake,,5.7,,,reviewed,us,hrv
1998-12-30T12:17:50.420Z,14.485,-92.43,67.2,3.7,mb,,,,1.22,us,usp00090cq,2014-11-07T01:06:42.446Z,"22 km WSW of Brisas Barra de Suchiate, Mexico",earthquake,,,,4,reviewed,us,us
1998-12-27T15:32:45.020Z,14.322,-91.755,100,4.1,mb,,,,1.14,us,usp000908k,2014-11-07T01:06:42.060Z,"17 km E of Champerico, Guatemala",earthquake,,,,8,reviewed,us,us
1998-12-19T17:46:34.570Z,13.996,-91.171,59.9,4.5,mb,,,,1.21,us,usp0008zw6,2014-11-07T01:06:40.806Z,"15 km SW of La Gomera, Guatemala",earthquake,,12,,18,reviewed,us,us
1998-12-17T23:33:10.790Z,14.119,-92.462,54.4,3.9,mb,,,,1.08,us,usp0008zsu,2014-11-07T01:06:39.807Z,"52 km SW of Ocós, Guatemala",earthquake,,17.3,,9,reviewed,us,us
1998-12-13T10:32:33.980Z,13.812,-90.733,33,3.9,mb,,,,1.1,us,usp0008zjm,2014-11-07T01:06:38.878Z,"13 km SSW of Iztapa, Guatemala",earthquake,,,,4,reviewed,us,us
1998-12-01T18:45:55.480Z,15.128,-91.585,184.6,4.3,mb,,,,1.28,us,usp0008z1b,2014-11-07T01:06:34.730Z,"8 km NE of Cabricán, Guatemala",earthquake,,,,14,reviewed,us,us
1998-11-16T14:48:55.210Z,13.685,-90.841,33,4.1,mb,,,,1.11,us,usp0008ya3,2014-11-07T01:06:27.527Z,"26 km S of Puerto San José, Guatemala",earthquake,,,,3,reviewed,us,us
1998-11-12T21:13:17.870Z,14.925,-91.32,100,3.4,mb,,,,0.55,us,usp0008y3m,2014-11-07T01:06:26.704Z,"4 km ENE of Totonicapán, Guatemala",earthquake,,,,2,reviewed,us,us
1998-11-08T04:00:32.160Z,13.754,-91.544,33,4.3,mb,,,,1.14,us,usp0008xtn,2014-11-07T01:06:24.893Z,"55 km SSW of Nueva Concepción, Guatemala",earthquake,,,,12,reviewed,us,us
1998-11-07T08:28:38.660Z,13.809,-91.578,33,4.6,mb,,,,0.98,us,usp0008xru,2014-11-07T01:06:24.541Z,"52 km SW of Nueva Concepción, Guatemala",earthquake,,,,16,reviewed,us,us
1998-10-30T12:17:12.170Z,13.944,-91.39,33,4.6,mb,,,,0.75,us,usp0008x9x,2014-11-07T01:06:18.611Z,"29 km SSW of Nueva Concepción, Guatemala",earthquake,,,,15,reviewed,us,us
1998-10-03T08:03:10.440Z,14.228,-91.761,10,4.1,mb,,,,0.99,us,usp0008vxa,2014-11-07T01:06:11.155Z,"17 km ESE of Champerico, Guatemala",earthquake,,,,6,reviewed,us,us
1998-10-02T10:46:15.420Z,13.953,-91.934,33,4.8,mb,,,,1.09,us,usp0008vvn,2014-11-07T01:06:10.640Z,"37 km S of Champerico, Guatemala",earthquake,,,,51,reviewed,us,us
1998-09-29T03:12:22.770Z,13.816,-90.185,101.8,3.8,mb,,,,1.25,us,usp0008vpn,2014-11-07T01:06:06.924Z,"17 km S of Pasaco, Guatemala",earthquake,,,,3,reviewed,us,us
1998-09-08T06:36:38.600Z,14.803,-92.456,169.7,4.2,md,,,,,us,usp0008ukz,2014-11-07T01:06:01.293Z,"6 km S of Mazatán, Mexico",earthquake,,,,,reviewed,unm,unm
1998-08-19T11:31:17.040Z,13.827,-91.891,35.6,4.3,mb,,,,1.35,us,usp0008th3,2014-11-07T01:05:50.595Z,"51 km S of Champerico, Guatemala",earthquake,,,,9,reviewed,us,us
1998-08-19T02:53:34.160Z,15.615,-91.973,214.5,4.4,mb,,,,1.32,us,usp0008tgd,2014-11-07T01:05:50.519Z,"5 km ESE of Potrerillo, Mexico",earthquake,,,,15,reviewed,us,us
1998-08-16T14:48:19.100Z,14.25,-89.981,202,4.7,mb,,,,1.19,us,usp0008tc4,2014-11-07T01:05:49.530Z,"6 km ESE of Quesada, Guatemala",earthquake,,,,12,reviewed,us,us
1998-08-09T03:40:39.640Z,14.755,-91.624,120.9,3.8,mb,,,,1.54,us,usp0008szz,2014-11-07T01:05:47.895Z,"7 km SSE of San Martín Sacatepéquez, Guatemala",earthquake,,15.6,,5,reviewed,us,us
1998-08-07T15:25:24.600Z,14.43,-92.229,66.9,4.4,mb,,,,1.02,us,usp0008sx5,2014-11-07T01:05:47.556Z,"9 km SSW of Ocós, Guatemala",earthquake,,8.9,,10,reviewed,us,us
1998-07-31T06:12:15.350Z,14.704,-90.628,228.1,4.5,mb,,,,1.03,us,usp0008sh0,2014-11-07T01:05:39.793Z,"2 km SE of San Juan Sacatepéquez, Guatemala",earthquake,,,,26,reviewed,us,us
1998-07-29T16:07:13.310Z,13.893,-91.342,33,4.1,mb,,,,1.45,us,usp0008sct,2014-11-07T01:05:39.440Z,"34 km S of Nueva Concepción, Guatemala",earthquake,,,,4,reviewed,us,us
1998-07-26T14:16:59.060Z,15.727,-91.227,33,3.6,mb,,,,1.32,us,usp0008s6x,2014-11-07T01:05:38.357Z,"12 km SE of Barillas, Guatemala",earthquake,,,,2,reviewed,us,us
1998-07-22T05:24:13.620Z,14.503,-92.463,67.7,4.3,mb,,,,0.96,us,usp0008rzs,2014-11-07T01:05:37.672Z,"24 km S of Puerto Madero, Mexico",earthquake,,,,9,reviewed,us,us
1998-07-18T23:23:57.210Z,13.927,-91.152,82.1,4.4,mb,,,,0.96,us,usp0008rub,2014-11-07T01:05:37.052Z,"20 km SSW of La Gomera, Guatemala",earthquake,,14.4,,21,reviewed,us,us
1998-07-12T22:31:27.440Z,14.466,-90.793,33,4.3,mb,,,,1.1,us,usp0008rd4,2014-11-07T01:05:35.048Z,"2 km SSE of Alotenango, Guatemala",earthquake,,,,7,reviewed,us,us
1998-06-22T04:14:34.470Z,14.185,-92.485,33,4,mb,,,,0.75,us,usp0008q97,2014-11-07T01:05:26.123Z,"47 km SW of Ocós, Guatemala",earthquake,,,,6,reviewed,us,us
1998-06-18T07:42:07.820Z,13.76,-91.973,33,4.1,mb,,,,0.94,us,usp0008q2s,2014-11-07T01:05:25.397Z,"59 km S of Champerico, Guatemala",earthquake,,,,13,reviewed,us,us
1998-06-14T08:09:21.130Z,14.704,-91.166,33,4,mb,,,,0.53,us,usp0008pw7,2014-11-07T01:05:24.747Z,"4 km WSW of Santa Catarina Palopó, Guatemala",earthquake,,,,3,reviewed,us,us
1998-06-03T12:12:24.570Z,14.828,-91.145,250,4.1,mb,,,,0.92,us,usp0008p89,2014-11-07T01:05:21.397Z,"4 km N of Concepción, Guatemala",earthquake,,,,12,reviewed,us,us
1998-05-31T16:27:53.800Z,13.786,-91.16,33,4.5,mb,,,,1.06,us,usp0008p3c,2014-11-07T01:05:17.420Z,"34 km SSW of La Gomera, Guatemala",earthquake,,,,22,reviewed,us,us
1998-05-30T23:19:41.990Z,13.989,-92.452,33,4.2,mb,,,,1.13,us,usp0008p1y,2014-11-07T01:05:17.297Z,"64 km SSW of Ocós, Guatemala",earthquake,,,,7,reviewed,us,us
1998-05-28T09:58:13.050Z,15.732,-90.98,33,4.4,mb,,,,1.12,us,usp0008nv0,2014-11-07T01:05:16.439Z,"13 km ESE of San Luis Ixcán, Guatemala",earthquake,,,,10,reviewed,us,us
1998-05-25T19:14:21.320Z,13.691,-90.919,70.4,4.8,mb,,,,1.02,us,usp0008nqb,2014-11-07T01:05:15.858Z,"28 km SSW of Puerto San José, Guatemala",earthquake,,3.6,,52,reviewed,us,us
1998-05-21T10:10:14.760Z,13.63,-90.841,33,4.1,mb,,,,1.28,us,usp0008ng0,2014-11-07T01:05:14.777Z,"32 km S of Puerto San José, Guatemala",earthquake,,,,8,reviewed,us,us
1998-05-20T02:33:27.100Z,13.549,-90.722,33,4.2,mb,,,,1.27,us,usp0008ndj,2014-11-07T01:05:14.421Z,"42 km S of Iztapa, Guatemala",earthquake,,,,13,reviewed,us,us
1998-05-17T10:06:40.060Z,13.982,-91.249,33,4.3,mb,,,,1.32,us,usp0008n8s,2014-11-07T01:05:13.931Z,"23 km WSW of La Gomera, Guatemala",earthquake,,,,17,reviewed,us,us
1998-05-15T15:26:56.410Z,14.202,-91.958,47.7,4.4,mb,,,,0.78,us,usp0008n4n,2014-11-07T01:05:13.431Z,"11 km SSW of Champerico, Guatemala",earthquake,,17.7,,2,reviewed,us,us
1998-05-14T22:48:54.000Z,15.044,-92.365,100,4.4,mb,,,,1.44,us,usp0008n2t,2014-11-07T01:05:13.241Z,"2 km S of Chamulapita, Mexico",earthquake,,,,3,reviewed,us,us
1998-05-12T18:40:35.950Z,14.048,-91.589,33,4.3,mb,,,,1.07,us,usp0008myj,2014-11-07T01:05:12.674Z,"35 km WSW of Nueva Concepción, Guatemala",earthquake,,,,7,reviewed,us,us
1998-05-12T09:38:54.070Z,13.57,-90.815,33,4.3,mb,,,,1.25,us,usp0008my0,2014-11-07T01:05:12.567Z,"39 km S of Puerto San José, Guatemala",earthquake,,,,5,reviewed,us,us
1998-05-12T01:32:53.200Z,13.54,-90.925,33,4.3,mb,,,,1.23,us,usp0008mxh,2014-11-07T01:05:12.529Z,"44 km SSW of Puerto San José, Guatemala",earthquake,,,,13,reviewed,us,us
1998-05-12T00:56:13.260Z,13.866,-90.998,33,5.6,mwc,,,,1.24,us,usp0008mxf,2022-04-29T17:26:52.835Z,"20 km WSW of Puerto San José, Guatemala",earthquake,,,,,reviewed,us,hrv
1998-05-11T08:47:35.830Z,13.9,-92.112,33,4.3,mb,,,,0.86,us,usp0008mvy,2014-11-07T01:05:12.330Z,"48 km SSW of Champerico, Guatemala",earthquake,,,,3,reviewed,us,us
1998-05-10T18:52:50.100Z,13.628,-90.841,33,4.3,mb,,,,1.37,us,usp0008muu,2014-11-07T01:05:12.149Z,"33 km S of Puerto San José, Guatemala",earthquake,,,,9,reviewed,us,us
1998-05-10T06:05:58.910Z,13.676,-90.747,33,6.3,mwc,,,,1.23,us,usp0008mt9,2022-04-29T17:26:41.727Z,"28 km S of Iztapa, Guatemala",earthquake,,,,,reviewed,us,hrv
1998-05-09T11:42:11.640Z,13.621,-90.724,33,5.4,mwc,,,,1.14,us,usp0008mrr,2025-12-19T22:23:41.500Z,"34 km S of Iztapa, Guatemala",earthquake,,,,,reviewed,us,hrv
1998-05-07T01:34:38.570Z,14.067,-91.005,33,3.4,mb,,,,1.15,us,usp0008mks,2014-11-07T01:05:11.079Z,"5 km ESE of La Gomera, Guatemala",earthquake,,,,1,reviewed,us,us
1998-05-03T09:18:43.050Z,13.766,-91.42,33,3.5,mb,,,,1.53,us,usp0008mcg,2014-11-07T01:05:09.525Z,"49 km SSW of Nueva Concepción, Guatemala",earthquake,,,,2,reviewed,us,us
1998-05-03T08:52:30.890Z,14.249,-91.824,55.8,4,mb,,,,1.4,us,usp0008mce,2014-11-07T01:05:09.513Z,"10 km ESE of Champerico, Guatemala",earthquake,,15.2,,4,reviewed,us,us
1998-04-30T11:11:43.610Z,14.415,-91.174,33,3.6,mb,,,,1.06,us,usp0008m66,2014-11-07T01:05:05.395Z,"1 km SSE of San Juan Bautista, Guatemala",earthquake,,,,1,reviewed,us,us
1998-04-15T12:05:46.940Z,14.559,-90.262,248.2,4.5,mb,,,,1.1,us,usp0008ka6,2014-11-07T01:04:59.947Z,"9 km WNW of Mataquescuintla, Guatemala",earthquake,,,,9,reviewed,us,us
1998-04-07T13:12:42.690Z,14.277,-91.62,67.7,5.6,mwc,,,,1.07,us,usp0008jpt,2022-04-29T17:23:27.804Z,"25 km SSW of San Lorenzo, Guatemala",earthquake,,,,,reviewed,us,hrv
1998-03-26T21:08:49.960Z,15.452,-91.681,207.5,4.3,md,,,,1.04,us,usp0008j34,2014-11-07T01:04:50.465Z,"3 km SSE of Santiago Chimaltenango, Guatemala",earthquake,,9.1,,,reviewed,us,unm
1998-03-21T12:02:54.430Z,14.319,-90.088,217.7,4.3,mb,,,,1.19,us,usp0008ht5,2014-11-07T01:04:48.463Z,"7 km NE of San José Acatempa, Guatemala",earthquake,,,,13,reviewed,us,us
1998-03-18T02:54:54.390Z,13.929,-91.054,33,4.5,mb,,,,1.1,us,usp0008hmz,2014-11-07T01:04:46.583Z,"16 km S of La Gomera, Guatemala",earthquake,,,,15,reviewed,us,us
1998-03-12T05:11:11.380Z,13.634,-91.389,33,4.2,mb,,,,1.26,us,usp0008hbw,2014-11-07T01:04:45.344Z,"61 km SW of La Gomera, Guatemala",earthquake,,,,12,reviewed,us,us
1998-03-07T18:46:52.850Z,14.993,-92.459,100,4.2,mb,,,,0.84,us,usp0008h4e,2014-11-07T01:04:43.179Z,"2 km ENE of Plan de Ayala, Mexico",earthquake,,,,7,reviewed,us,us
1998-03-07T10:29:37.400Z,14.384,-92.033,65.7,4.5,mb,,,,,us,usp0008h3s,2014-11-07T01:04:43.046Z,"16 km NW of Champerico, Guatemala",earthquake,,,,6,reviewed,unm,us
1998-03-04T14:42:33.090Z,14.358,-91.38,33,4.4,mb,,,,1.08,us,usp0008gxw,2014-11-07T01:04:41.600Z,"8 km SW of Río Bravo, Guatemala",earthquake,,,,4,reviewed,us,us
1998-03-03T12:39:14.400Z,14.112,-92.152,16.9,4.4,md,,,,,us,usp0008gw6,2014-11-07T01:04:40.033Z,"32 km SW of Champerico, Guatemala",earthquake,,,,,reviewed,unm,unm
1998-03-03T04:17:17.990Z,14.325,-91.626,66.5,5.4,mwc,,,,0.98,us,usp0008gv8,2022-04-29T17:20:39.361Z,"21 km SW of San Lorenzo, Guatemala",earthquake,,,,,reviewed,us,hrv
1998-03-03T03:58:07.210Z,14.362,-91.566,67.6,4.2,mb,,,,1.29,us,usp0008gv7,2014-11-07T01:04:39.707Z,"14 km SSW of San Lorenzo, Guatemala",earthquake,,,,5,reviewed,us,us
1998-03-03T03:16:27.650Z,14.173,-91.822,71.4,4.2,mb,,,,1.46,us,usp0008gv4,2014-11-07T01:04:39.690Z,"16 km SE of Champerico, Guatemala",earthquake,,15.6,,5,reviewed,us,us
1998-03-03T02:24:43.880Z,14.38,-91.466,62.8,6.1,mwc,,,,0.93,us,usp0008gv3,2022-04-29T17:20:32.833Z,"9 km SSW of San José El Ídolo, Guatemala",earthquake,,,,,reviewed,us,hrv
1998-02-27T02:57:54.450Z,13.621,-90.744,58.6,4.5,mb,,,,0.88,us,usp0008gnw,2014-11-07T01:04:35.751Z,"near the coast of Guatemala",earthquake,,,,12,reviewed,us,us
1998-02-27T02:56:37.880Z,14.401,-91.333,33,3.7,mb,,,,0.66,us,usp0008gnv,2014-11-07T01:04:35.749Z,"1 km W of Río Bravo, Guatemala",earthquake,,,,2,reviewed,us,us
1998-02-20T09:37:58.340Z,14.453,-91.96,60.4,4.3,mb,,,,1.41,us,usp0008ga8,2014-11-07T01:04:34.327Z,"18 km NNW of Champerico, Guatemala",earthquake,,10.9,,9,reviewed,us,us
1998-02-18T10:49:43.130Z,14.429,-91.296,33,3.6,mb,,,,1.45,us,usp0008g6c,2014-11-07T01:04:33.913Z,"3 km NE of Río Bravo, Guatemala",earthquake,,,,1,reviewed,us,us
1998-02-18T08:16:35.450Z,13.751,-91.675,33,4.3,mb,,,,1.08,us,usp0008g60,2014-11-07T01:04:33.855Z,"64 km SW of Nueva Concepción, Guatemala",earthquake,,,,4,reviewed,us,us
1998-02-17T08:19:47.510Z,13.521,-92.461,33,4.1,mb,,,,1.53,us,usp0008g45,2014-11-07T01:04:33.694Z,"104 km SW of Champerico, Guatemala",earthquake,,,,4,reviewed,us,us
1998-02-17T08:16:26.520Z,13.599,-92.45,33,4,mb,,,,1.32,us,usp0008g44,2014-11-07T01:04:33.692Z,"96 km SW of Champerico, Guatemala",earthquake,,,,3,reviewed,us,us
1998-02-17T04:53:35.980Z,14.169,-91.251,33,4.1,mb,,,,1.07,us,usp0008g3t,2014-11-07T01:04:33.662Z,"6 km ESE of Nueva Concepción, Guatemala",earthquake,,,,4,reviewed,us,us
1998-02-12T03:03:07.400Z,14.293,-91.897,75.6,4.1,mb,,,,,us,usp0008fuv,2014-11-07T01:04:32.207Z,"1 km E of Champerico, Guatemala",earthquake,,,,5,reviewed,unm,us
1998-02-10T21:10:43.730Z,13.692,-89.914,33,3.9,mb,,,,1,us,usp0008ft2,2014-11-07T01:04:31.917Z,"10 km SW of Guaymango, El Salvador",earthquake,,,,1,reviewed,us,us
1998-02-09T05:21:39.870Z,13.604,-88.639,100,4.5,mb,,,,1.19,us,usp0008fqn,2014-11-07T01:04:31.496Z,"16 km NW of Berlín, El Salvador",earthquake,,,,2,reviewed,us,us
1998-02-04T13:25:32.210Z,14.196,-90.621,100,3.5,mb,,,,0.47,us,usp0008fe8,2014-11-07T01:04:28.858Z,"4 km SE of Guanagazapa, Guatemala",earthquake,,,,1,reviewed,us,us
1998-02-01T16:45:54.420Z,13.906,-91.568,33,4.3,mb,,,,1.3,us,usp0008fa4,2014-11-07T01:04:27.245Z,"43 km SW of Nueva Concepción, Guatemala",earthquake,,,,8,reviewed,us,us
1998-01-26T01:16:58.010Z,14.302,-92.491,50,4.4,mb,,,,1.35,us,usp0008ez9,2014-11-07T01:04:22.914Z,"38 km SW of Brisas Barra de Suchiate, Mexico",earthquake,,,,4,reviewed,us,us
1998-01-23T19:44:39.630Z,13.632,-92.007,33,4.2,mb,,,,1.17,us,usp0008evr,2014-11-07T01:04:22.491Z,"73 km S of Champerico, Guatemala",earthquake,,,,2,reviewed,us,us
1998-01-23T10:53:08.090Z,13.95,-89.882,143.9,4.8,mb,,,,1.25,us,usp0008euw,2014-11-07T01:04:22.407Z,"5 km NW of Ahuachapán, El Salvador",earthquake,,,,11,reviewed,us,us
1998-01-18T17:05:27.460Z,13.975,-91.747,33,4.5,mb,,,,0.89,us,usp0008eks,2014-11-07T01:04:21.132Z,"39 km SSE of Champerico, Guatemala",earthquake,,,,9,reviewed,us,us
1998-01-18T05:30:18.100Z,14.108,-91.77,33,4.7,mb,,,,1.33,us,usp0008ejk,2014-11-07T01:04:21.034Z,"25 km SE of Champerico, Guatemala",earthquake,,,,9,reviewed,us,us
1998-01-15T05:21:11.070Z,14.418,-91.225,33,3.6,mb,,,,1.36,us,usp0008ecf,2014-11-07T01:04:20.395Z,"1 km S of Santa Bárbara, Guatemala",earthquake,,,,1,reviewed,us,us
1998-01-15T01:49:11.800Z,13.955,-91.223,60.7,4.7,mb,,,,1.17,us,usp0008ec6,2014-11-07T01:04:20.358Z,"23 km SW of La Gomera, Guatemala",earthquake,,,,15,reviewed,us,us
1998-01-12T09:39:29.440Z,14.272,-91.335,33,3.8,mb,,,,1.34,us,usp0008e5c,2014-11-07T01:04:19.466Z,"3 km ESE of Tiquisate, Guatemala",earthquake,,,,1,reviewed,us,us
1998-01-10T10:06:46.420Z,14.219,-91.735,64.8,4.7,mb,,,,1.33,us,usp0008e1p,2014-11-07T01:04:18.976Z,"20 km ESE of Champerico, Guatemala",earthquake,,,,19,reviewed,us,us
1998-01-10T08:37:29.370Z,14.231,-91.758,63.2,4.8,mb,,,,1.38,us,usp0008e1h,2014-11-07T01:04:18.948Z,"18 km ESE of Champerico, Guatemala",earthquake,,,,8,reviewed,us,us
1998-01-10T08:20:05.760Z,14.374,-91.473,33,6.6,mwc,,,,0.93,us,usp0008e1g,2022-09-30T23:10:58.002Z,"10 km SSW of San José El Ídolo, Guatemala",earthquake,,,,,reviewed,us,hrv
1997-12-26T14:24:40.640Z,14.017,-92.297,10,4.7,mb,,,,0.97,us,usp0008d89,2014-11-07T01:04:10.590Z,"51 km SW of Champerico, Guatemala",earthquake,,,,20,reviewed,us,us
1997-12-26T13:19:18.200Z,14.484,-91.611,33,3.9,mb,,,,0.85,us,usp0008d84,2014-11-07T01:04:10.574Z,"7 km SW of Cuyotenango, Guatemala",earthquake,,,,1,reviewed,us,us
1997-12-25T22:16:19.130Z,14.149,-92.28,10,5.8,mwc,,,,0.96,us,usp0008d6u,2022-04-29T17:14:15.248Z,"41 km SSW of Ocós, Guatemala",earthquake,,,,,reviewed,us,hrv
1997-12-22T13:17:46.590Z,13.653,-90.587,72.6,4.6,mb,,,,1.42,us,usp0008d1c,2014-11-07T01:04:09.256Z,"33 km SSE of Iztapa, Guatemala",earthquake,,,,6,reviewed,us,us
1997-12-22T10:03:45.180Z,13.742,-90.316,59.3,6.1,mwc,,,,1.27,us,usp0008d16,2022-04-29T17:13:58.792Z,"28 km SSW of Pasaco, Guatemala",earthquake,,,,,reviewed,us,hrv
1997-12-18T15:02:00.320Z,13.84,-88.739,182.1,6.1,mwb,,,,0.98,us,usp0008cv7,2022-04-29T17:13:28.555Z,"11 km WSW of Sensuntepeque, El Salvador",earthquake,,,,,reviewed,us,us
1997-12-13T03:51:27.210Z,13.948,-90.894,100,4.2,mb,,,,1.46,us,usp0008cjd,2014-11-07T01:04:07.103Z,"8 km WNW of Puerto San José, Guatemala",earthquake,,,,10,reviewed,us,us
1997-12-09T23:42:05.920Z,14.505,-90.959,33,4.2,mb,,,,0.85,us,usp0008cc4,2014-11-07T01:04:06.483Z,"0 km WNW of Yepocapa, Guatemala",earthquake,,,,5,reviewed,us,us
1997-12-06T19:10:05.240Z,14.197,-92.2,33,4.6,mb,,,,1.06,us,usp0008c3z,2014-11-07T01:04:05.453Z,"32 km WSW of Champerico, Guatemala",earthquake,,,,3,reviewed,us,us
1997-12-05T15:55:19.300Z,13.641,-91.775,33,4.4,mb,,,,0.99,us,usp0008bvj,2014-11-07T01:04:04.135Z,"73 km SSE of Champerico, Guatemala",earthquake,,,,6,reviewed,us,us
1997-12-04T22:14:26.280Z,13.638,-90.618,86.5,5.5,mwc,,,,0.98,us,usp0008bs1,2025-12-19T22:21:26.872Z,"34 km SSE of Iztapa, Guatemala",earthquake,,4.6,,,reviewed,us,hrv
1997-12-04T20:08:48.360Z,13.718,-90.667,78.9,4.4,mb,,,,0.91,us,usp0008brr,2014-11-07T01:04:02.814Z,"24 km S of Iztapa, Guatemala",earthquake,,6.8,,12,reviewed,us,us
1997-12-04T14:56:41.790Z,13.639,-90.658,80.5,6,mwc,,,,0.93,us,usp0008brc,2022-04-29T17:10:02.835Z,"33 km S of Iztapa, Guatemala",earthquake,,4,,,reviewed,us,hrv
1997-12-02T17:48:47.610Z,13.775,-90.673,76.4,4.5,mb,,,,1.38,us,usp0008bnd,2014-11-07T01:04:01.817Z,"17 km SSE of Iztapa, Guatemala",earthquake,,,,7,reviewed,us,us
1997-11-30T15:53:02.510Z,14.271,-92.015,33,4.6,mb,,,,0.77,us,usp0008bje,2014-11-07T01:03:58.678Z,"11 km WSW of Champerico, Guatemala",earthquake,,,,7,reviewed,us,us
1997-11-27T18:40:44.470Z,14.483,-91.148,33,3.9,mb,,,,1.04,us,usp0008bef,2014-11-07T01:03:57.804Z,"6 km NNE of Patulul, Guatemala",earthquake,,,,1,reviewed,us,us
1997-11-12T21:54:14.660Z,13.703,-89.356,89.2,4.8,mb,,,,1.13,us,usp0008ajg,2014-11-07T01:03:53.761Z,"8 km WNW of Santa Tecla, El Salvador",earthquake,,2.7,,33,reviewed,us,us
1997-11-09T22:56:42.750Z,13.849,-88.808,176.4,6.5,mwb,,,,1.13,us,usp0008acs,2022-04-29T17:07:41.882Z,"13 km NNE of San Sebastián, El Salvador",earthquake,,2.4,,,reviewed,us,us
1997-10-18T19:10:14.190Z,14.744,-88.896,33,4.6,mb,,,,1.03,us,usp000899g,2014-11-07T01:03:42.983Z,"5 km NNE of El Corpus, Honduras",earthquake,,,,4,reviewed,us,us
1997-10-13T10:07:39.590Z,14.22,-92.079,33,4.3,mb,,,,0.9,us,usp00088yu,2014-11-07T01:03:41.494Z,"19 km WSW of Champerico, Guatemala",earthquake,,,,8,reviewed,us,us
1997-10-12T13:12:26.880Z,14.253,-92.361,33,4.1,mb,,,,0.73,us,usp00088xd,2014-11-07T01:03:41.358Z,"33 km SSW of Ocós, Guatemala",earthquake,,,,4,reviewed,us,us
1997-10-08T12:47:31.240Z,13.801,-88.607,300,4.4,mb,,,,1.1,us,usp00088rf,2014-11-07T01:03:40.078Z,"7 km SSE of Sensuntepeque, El Salvador",earthquake,,,,2,reviewed,us,us
1997-09-08T05:13:18.160Z,13.54,-91.92,27.3,4.5,mb,,,,1.14,us,usp000879m,2014-11-07T01:03:27.909Z,"83 km S of Champerico, Guatemala",earthquake,,,,16,reviewed,us,us
1997-09-05T20:51:54.570Z,15.868,-92.455,144.7,4.3,mb,,,,0.78,us,usp0008769,2014-11-07T01:03:27.455Z,"11 km SSE of Rizo de Oro, Mexico",earthquake,,,,15,reviewed,us,us
1997-08-26T13:54:57.290Z,14.147,-92.191,33,4.4,mb,,,,1,us,usp00086r6,2014-11-07T01:03:20.868Z,"34 km WSW of Champerico, Guatemala",earthquake,,,,12,reviewed,us,us
1997-08-24T00:59:51.600Z,13.549,-89.589,139.1,5.6,mwc,,,,1,us,usp00086n0,2022-04-29T20:03:58.624Z,"23 km SSE of Izalco, El Salvador",earthquake,,8.7,,,reviewed,us,hrv
1997-08-19T19:49:33.660Z,14.303,-92.41,33,4.6,mb,,,,1.09,us,usp00086fa,2014-11-07T01:03:19.550Z,"32 km SW of Brisas Barra de Suchiate, Mexico",earthquake,,,,35,reviewed,us,us
1997-08-06T03:32:34.140Z,13.998,-91.492,33,4.4,mb,,,,0.86,us,usp00085v5,2014-11-07T01:03:16.307Z,"30 km SW of Nueva Concepción, Guatemala",earthquake,,,,11,reviewed,us,us
1997-08-05T03:33:59.390Z,13.782,-91.159,100,4,mb,,,,1.22,us,usp00085tt,2014-11-07T01:03:15.906Z,"35 km SSW of La Gomera, Guatemala",earthquake,,,,7,reviewed,us,us
1997-08-02T10:48:30.790Z,14.538,-91.546,83.2,4.4,mb,,,,1.11,us,usp00085pw,2014-11-07T01:03:14.830Z,"2 km E of Cuyotenango, Guatemala",earthquake,,,,25,reviewed,us,us
1997-07-06T15:31:33.570Z,13.508,-91.103,100,3.8,mb,,,,1.38,us,usp00084fd,2014-11-07T01:03:06.057Z,"55 km SSW of Puerto San José, Guatemala",earthquake,,,,1,reviewed,us,us
1997-06-23T22:47:48.550Z,14.151,-92.303,33,4.3,mb,,,,1.07,us,usp00083vr,2014-11-07T01:02:59.459Z,"41 km SSW of Ocós, Guatemala",earthquake,,,,8,reviewed,us,us
1997-06-21T11:51:00.410Z,13.817,-92.291,33,4.4,mb,,,,1.18,us,usp00083sw,2014-11-07T01:02:59.077Z,"66 km SW of Champerico, Guatemala",earthquake,,,,4,reviewed,us,us
1997-06-07T21:39:06.610Z,13.993,-92.161,33,3.9,mb,,,,1.35,us,usp0008390,2014-11-07T01:02:54.438Z,"42 km SW of Champerico, Guatemala",earthquake,,,,2,reviewed,us,us
1997-06-07T11:44:02.340Z,14.29,-91.44,33,4.1,mb,,,,0.86,us,usp000838e,2014-11-07T01:02:54.257Z,"8 km W of Tiquisate, Guatemala",earthquake,,,,2,reviewed,us,us
1997-06-02T03:40:34.040Z,14.091,-91.402,33,4.2,mb,,,,0.73,us,usp0008322,2014-11-07T01:02:52.471Z,"16 km SW of Nueva Concepción, Guatemala",earthquake,,,,7,reviewed,us,us
1997-05-29T10:37:12.900Z,14.112,-91.283,100,4.3,mb,,,,0.92,us,usp00082yf,2014-11-07T01:02:49.997Z,"9 km S of Nueva Concepción, Guatemala",earthquake,,,,9,reviewed,us,us
1997-05-27T17:38:26.750Z,13.51,-88.984,71.6,4.1,mb,,,,0.99,us,usp00082wn,2014-11-07T01:02:49.664Z,"3 km WSW of Santiago Nonualco, El Salvador",earthquake,,,,5,reviewed,us,us
1997-05-24T16:24:34.190Z,14.157,-92.363,33,3.9,mb,,,,0.67,us,usp00082sx,2014-11-07T01:02:49.216Z,"43 km SSW of Ocós, Guatemala",earthquake,,,,2,reviewed,us,us
1997-05-23T19:13:15.000Z,13.643,-90.929,33,4.9,mb,,,,1.23,us,usp00082rx,2014-11-07T01:02:49.099Z,"33 km SSW of Puerto San José, Guatemala",earthquake,,,,37,reviewed,us,us
1997-05-17T19:27:55.330Z,14.007,-91.63,200,3.8,mb,,,,0.87,us,usp00082ep,2014-11-07T01:02:47.751Z,"41 km WSW of Nueva Concepción, Guatemala",earthquake,,,,2,reviewed,us,us
1997-05-15T04:39:21.580Z,14.46,-89.775,274.2,5.5,mwc,,,,0.85,us,usp00082b1,2022-04-29T16:53:35.476Z,"3 km WNW of Santa Catarina Mita, Guatemala",earthquake,,,,,reviewed,us,hrv
1997-05-12T23:10:25.710Z,14.244,-90.981,33,3.9,mb,,,,0.71,us,usp0008271,2014-11-07T01:02:46.450Z,"3 km WNW of La Democracia, Guatemala",earthquake,,,,1,reviewed,us,us
1997-05-12T22:57:36.780Z,14.085,-91.67,100,4.5,mb,,,,1.06,us,usp000826z,2014-11-07T01:02:46.443Z,"34 km SE of Champerico, Guatemala",earthquake,,,,12,reviewed,us,us
1997-05-10T11:28:33.580Z,14.187,-91.851,33,4.3,mb,,,,1.16,us,usp000821e,2014-11-07T01:02:45.769Z,"13 km SSE of Champerico, Guatemala",earthquake,,,,5,reviewed,us,us
1997-05-09T09:06:24.550Z,14.131,-92.388,33,4.7,mb,,,,1.01,us,usp00081z5,2014-11-07T01:02:45.491Z,"46 km SSW of Ocós, Guatemala",earthquake,,,,17,reviewed,us,us
1997-05-09T08:33:23.130Z,13.997,-92.441,33,4.8,mb,,,,1.02,us,usp00081z4,2014-11-07T01:02:45.481Z,"62 km SSW of Ocós, Guatemala",earthquake,,,,28,reviewed,us,us
1997-04-29T02:32:01.960Z,14.548,-92.31,59.5,4.3,mb,,,,0.84,us,usp00081f8,2014-11-07T01:02:39.246Z,"9 km W of Brisas Barra de Suchiate, Mexico",earthquake,,,,6,reviewed,us,us
1997-04-22T22:42:06.500Z,13.996,-88.516,33,3.8,mb,,,,1.83,us,usp000812k,2014-11-07T01:02:37.708Z,"13 km ENE of Victoria, El Salvador",earthquake,,,,1,reviewed,us,us
1997-04-21T23:13:03.900Z,13.717,-92.091,33,3.4,mb,,,,0.73,us,usp00080za,2014-11-07T01:02:37.297Z,"66 km SSW of Champerico, Guatemala",earthquake,,,,1,reviewed,us,us
1997-04-07T15:59:45.610Z,14.418,-90.668,200,3.8,mb,,,,1.33,us,usp0008048,2014-11-07T01:02:31.226Z,"3 km W of San Vicente Pacaya, Guatemala",earthquake,,,,2,reviewed,us,us
1997-04-04T14:01:06.430Z,13.846,-90.86,66.2,5,mb,,,,1.28,us,usp0007zyb,2014-11-07T01:02:30.079Z,"9 km SSW of Puerto San José, Guatemala",earthquake,,,,30,reviewed,us,us
1997-03-28T03:14:46.720Z,13.637,-89.451,100,4,mb,,,,1.36,us,usp0007zkn,2014-11-07T01:02:23.417Z,"12 km SSE of Armenia, El Salvador",earthquake,,,,1,reviewed,us,us
1997-03-23T16:00:01.680Z,13.753,-89.305,78.1,3.6,md,,,,1.2,us,usp0007zap,2014-11-07T01:02:22.209Z,"8 km NNW of Santa Tecla, El Salvador",earthquake,,4.9,,,reviewed,us,sss
1997-03-22T20:32:58.320Z,14.349,-91.373,73.2,4,mb,,,,1.32,us,usp0007z9d,2014-11-07T01:02:21.993Z,"7 km N of Tiquisate, Guatemala",earthquake,,,,2,reviewed,us,us
1997-03-15T19:47:44.000Z,14.255,-91.496,33,4.3,mb,,,,1.21,us,usp0007ywc,2014-11-07T01:02:19.968Z,"14 km WSW of Tiquisate, Guatemala",earthquake,,,,2,reviewed,us,us
1997-03-13T06:59:38.270Z,14.216,-89.863,250,4.6,mb,,,,1.07,us,usp0007yrj,2014-11-07T01:02:19.507Z,"6 km NW of El Adelanto, Guatemala",earthquake,,,,11,reviewed,us,us
1997-03-06T11:57:52.980Z,13.987,-89.663,100,4,mb,,,,1.05,us,usp0007yd3,2014-11-07T01:02:18.136Z,"1 km E of Chalchuapa, El Salvador",earthquake,,,,3,reviewed,us,us
1997-03-04T02:12:47.490Z,14.136,-91.795,33,4.5,mb,,,,1.19,us,usp0007y80,2014-11-07T01:02:16.743Z,"21 km SE of Champerico, Guatemala",earthquake,,,,7,reviewed,us,us
1997-02-27T05:44:54.360Z,13.933,-89.315,201,4,mb,,,,0.7,us,usp0007xw3,2014-11-07T01:02:11.638Z,"5 km SSE of San Pablo Tacachico, El Salvador",earthquake,,12.9,,1,reviewed,us,us
1997-02-22T17:03:54.940Z,13.932,-90.748,33,4.3,mb,,,,1.32,us,usp0007xnd,2014-11-07T01:02:10.872Z,"4 km W of Iztapa, Guatemala",earthquake,,,,5,reviewed,us,us
1997-02-17T03:20:34.680Z,13.939,-91.185,33,4,mb,,,,1.33,us,usp0007xc9,2014-11-07T01:02:09.475Z,"21 km SW of La Gomera, Guatemala",earthquake,,,,3,reviewed,us,us
1997-01-24T06:15:09.400Z,15.904,-91.301,50,4.6,mb,,,,1.28,us,usp0007w9k,2014-11-07T01:02:00.028Z,"11 km N of Barillas, Guatemala",earthquake,,,,12,reviewed,us,us
1997-01-11T16:45:08.710Z,14.019,-91.188,100,4.5,mb,,,,1.44,us,usp0007vrm,2014-11-07T01:01:57.533Z,"16 km WSW of La Gomera, Guatemala",earthquake,,,,2,reviewed,us,us
1997-01-10T09:27:44.140Z,14.688,-91.874,150,3.7,mb,,,,1.23,us,usp0007vpw,2014-11-07T01:01:57.306Z,"2 km SSW of Coatepeque, Guatemala",earthquake,,,,2,reviewed,us,us
1997-01-03T02:22:18.080Z,13.506,-88.048,179.7,4.8,mb,,,,1.04,us,usp0007vcy,2014-11-07T01:01:54.896Z,"12 km NW of San Alejo, El Salvador",earthquake,,,,41,reviewed,us,us
1997-01-01T16:53:00.060Z,14.722,-92.404,150,4.3,mb,,,,0.61,us,usp0007va5,2014-11-07T01:01:53.607Z,"near the coast of Chiapas, Mexico",earthquake,,,,6,reviewed,us,us
1996-12-28T17:40:05.050Z,14.687,-91.321,100,3.8,mb,,,,1.21,us,usp0007v49,2014-11-07T01:01:50.582Z,"3 km SSW of Santa María Visitación, Guatemala",earthquake,,,,2,reviewed,us,us
1996-12-18T21:02:36.210Z,14.183,-91.953,33,4.7,mb,,,,0.7,us,usp0007unc,2014-11-07T01:01:48.178Z,"12 km SSW of Champerico, Guatemala",earthquake,,,,1,reviewed,us,us
1996-12-17T10:39:41.860Z,13.863,-89.092,150,3.9,mb,,,,1.19,us,usp0007ukc,2014-11-07T01:01:47.875Z,"8 km E of Guazapa, El Salvador",earthquake,,,,2,reviewed,us,us
1996-12-17T07:17:29.100Z,14.4,-91.499,64.4,4.5,mb,,,,1.17,us,usp0007uk2,2014-11-07T01:01:47.845Z,"8 km S of Santo Domingo Suchitepéquez, Guatemala",earthquake,,,,9,reviewed,us,us
1996-12-16T05:54:27.310Z,14.168,-91.005,100,4,mb,,,,1.13,us,usp0007uhn,2014-11-07T01:01:47.678Z,"9 km SW of La Democracia, Guatemala",earthquake,,,,1,reviewed,us,us
1996-12-09T07:03:09.480Z,14.398,-91.219,87.5,3.4,mb,,,,0.98,us,usp0007u5u,2014-11-07T01:01:45.806Z,"4 km SSE of Santa Bárbara, Guatemala",earthquake,,,,2,reviewed,us,us
1996-12-08T21:38:31.620Z,14.922,-90.665,33,3.8,mb,,,,1.01,us,usp0007u52,2014-11-07T01:01:45.704Z,"0 km SW of Pachalum, Guatemala",earthquake,,,,1,reviewed,us,us
1996-12-06T05:53:18.560Z,13.551,-90.568,77.8,3.5,mb,,,,0.36,us,usp0007u17,2014-11-07T01:01:44.946Z,"44 km SSE of Iztapa, Guatemala",earthquake,,24.7,,1,reviewed,us,us
1996-12-05T19:44:08.880Z,13.715,-90.4,87.4,4.2,mb,,,,1.23,us,usp0007u0a,2014-11-07T01:01:44.623Z,"35 km SW of Pasaco, Guatemala",earthquake,,9.9,,4,reviewed,us,us
1996-12-05T03:51:07.970Z,14.542,-92.202,90.5,5.8,mwc,,,,0.9,us,usp0007tzf,2022-04-29T16:35:22.130Z,"2 km ENE of Brisas Barra de Suchiate, Mexico",earthquake,,3.4,,,reviewed,us,hrv
1996-11-18T09:43:08.110Z,13.799,-90.455,33,4,mb,,,,1.21,us,usp0007t67,2014-11-07T01:01:36.494Z,"29 km S of Taxisco, Guatemala",earthquake,,,,1,reviewed,us,us
1996-11-14T08:52:20.050Z,13.656,-90.488,54.8,4.6,mb,,,,1.23,us,usp0007t0b,2014-11-07T01:01:35.180Z,"38 km SE of Iztapa, Guatemala",earthquake,,,,7,reviewed,us,us
1996-11-04T09:23:04.970Z,13.79,-90.459,100,3.3,mb,,,,0.97,us,usp0007sdm,2014-11-07T01:01:32.064Z,"30 km S of Taxisco, Guatemala",earthquake,,,,1,reviewed,us,us
1996-10-29T00:24:48.510Z,14.041,-92.063,33,4.1,mb,,,,0.88,us,usp0007s32,2014-11-07T01:01:26.792Z,"32 km SSW of Champerico, Guatemala",earthquake,,,,5,reviewed,us,us
1996-10-27T17:33:06.650Z,13.572,-90.841,33,3.5,md,,,,0.32,us,usp0007s16,2014-11-07T01:01:26.413Z,"39 km S of Puerto San José, Guatemala",earthquake,,,,,reviewed,us,sss
1996-10-16T08:42:12.390Z,13.924,-92.063,33,5.2,mwc,,,,1.25,us,usp0007rgh,2022-04-29T20:35:50.856Z,"43 km SSW of Champerico, Guatemala",earthquake,,,,,reviewed,us,hrv
1996-09-25T13:06:53.870Z,14.589,-92.057,78,4.8,mb,,,,1.23,us,usp0007qf8,2014-11-07T01:01:13.198Z,"13 km SE of Ciudad Tecún Umán, Guatemala",earthquake,,9.2,,2,reviewed,us,us
1996-09-22T19:55:29.680Z,15.028,-90.986,204.2,4.7,mb,,,,1,us,usp0007qba,2014-11-07T01:01:12.769Z,"4 km ESE of Chinique, Guatemala",earthquake,,,,70,reviewed,us,us
1996-09-14T12:49:17.200Z,15.31,-92.099,100,3.9,mb,,,,1.44,us,usp0007pxu,2014-11-07T01:01:10.439Z,"Mexico-Guatemala border region",earthquake,,,,1,reviewed,us,us
1996-09-07T19:34:40.370Z,14.213,-90.239,33,4.1,mb,,,,0.69,us,usp0007pn3,2014-11-07T01:01:08.247Z,"4 km ENE of Santa María Ixhuatán, Guatemala",earthquake,,,,2,reviewed,us,us
1996-08-27T02:12:40.220Z,13.514,-91.281,33,5.7,mwc,,,,1.11,us,usp0007p3m,2022-04-29T20:30:01.876Z,"67 km SSW of La Gomera, Guatemala",earthquake,,,,,reviewed,us,hrv
1996-08-19T16:24:03.040Z,13.988,-91.574,33,4.4,mb,,,,1.1,us,usp0007nt4,2014-11-07T01:01:00.006Z,"37 km SW of Nueva Concepción, Guatemala",earthquake,,,,29,reviewed,us,us
1996-07-20T05:46:18.340Z,13.539,-91.62,33,4.3,mb,,,,1.2,us,usp0007ma0,2014-11-07T01:00:48.758Z,"80 km SSW of Nueva Concepción, Guatemala",earthquake,,,,18,reviewed,us,us
1996-07-16T18:17:22.310Z,13.572,-91.281,33,4.8,mb,,,,1,us,usp0007m4m,2014-11-07T01:00:48.083Z,"61 km SSW of La Gomera, Guatemala",earthquake,,,,23,reviewed,us,us
1996-07-13T20:29:25.360Z,14.081,-91.982,33,4,mb,,,,1.1,us,usp0007m10,2014-11-07T01:00:47.654Z,"24 km SSW of Champerico, Guatemala",earthquake,,,,6,reviewed,us,us
1996-07-09T16:40:23.350Z,13.859,-92.244,33,4.5,mb,,,,1,us,usp0007kwb,2014-11-07T01:00:47.167Z,"59 km SW of Champerico, Guatemala",earthquake,,,,5,reviewed,us,us
1996-07-09T01:07:44.120Z,13.915,-91.977,33,4,mb,,,,1.1,us,usp0007kvk,2014-11-07T01:00:47.069Z,"42 km S of Champerico, Guatemala",earthquake,,,,9,reviewed,us,us
1996-06-27T01:14:02.010Z,13.762,-92.064,33,4.1,mb,,,,1.4,us,usp0007kbg,2014-11-07T01:00:40.891Z,"61 km SSW of Champerico, Guatemala",earthquake,,,,4,reviewed,us,us
1996-06-25T18:52:20.040Z,14.79,-92.145,66,4.4,mb,,,,1.1,us,usp0007k91,2014-11-07T01:00:40.589Z,"3 km ENE of Frontera Hidalgo, Mexico",earthquake,,,,30,reviewed,us,us
1996-06-17T20:31:29.900Z,14.364,-92.066,33,4.5,mb,,,,0.7,us,usp0007jx1,2014-11-07T01:00:38.567Z,"18 km WNW of Champerico, Guatemala",earthquake,,,,3,reviewed,us,us
1996-06-14T02:47:45.690Z,14.396,-92.298,33,4.1,mb,,,,1.3,us,usp0007jqx,2014-11-07T01:00:37.656Z,"16 km SW of Ocós, Guatemala",earthquake,,,,16,reviewed,us,us
1996-06-12T04:49:58.250Z,14.019,-91.539,33,4.3,mb,,,,1.2,us,usp0007jn2,2014-11-07T01:00:37.346Z,"32 km SW of Nueva Concepción, Guatemala",earthquake,,,,22,reviewed,us,us
1996-05-17T17:48:55.690Z,16.242,-91.247,50,4,mb,,,,1.4,us,usp0007hh0,2014-11-07T01:00:27.790Z,"12 km NNE of Maravilla Tenejapa, Mexico",earthquake,,,,6,reviewed,us,us
1996-05-17T05:54:03.870Z,15.536,-91.782,223.9,4.3,mb,,,,1,us,usp0007hgf,2014-11-07T01:00:27.731Z,"5 km NNW of San Pedro Necta, Guatemala",earthquake,,,,29,reviewed,us,us
1996-05-15T14:07:53.950Z,13.5,-91.217,33,4.4,mb,,,,1.3,us,usp0007hes,2014-11-07T01:00:27.487Z,"63 km SW of Puerto San José, Guatemala",earthquake,,,,17,reviewed,us,us
1996-05-08T06:57:06.680Z,14.754,-92.448,61.4,4.2,mb,,,,1,us,usp0007h3q,2014-11-07T01:00:26.024Z,"4 km NW of Puerto Madero, Mexico",earthquake,,20.5,,15,reviewed,us,us
1996-05-04T04:14:57.640Z,14.465,-92.022,100,3.7,mb,,,,1,us,usp0007gyf,2014-11-07T01:00:25.060Z,"19 km ESE of Ocós, Guatemala",earthquake,,,,6,reviewed,us,us
1996-04-21T07:39:55.360Z,13.732,-90.644,78.1,3.7,mb,,,,1.3,us,usp0007ge4,2014-11-07T01:00:18.382Z,"23 km SSE of Iztapa, Guatemala",earthquake,,27.1,,7,reviewed,us,us
1996-04-13T14:37:08.540Z,16.923,-91.267,33,3.9,mb,,,,1.6,us,usp0007g4j,2014-11-07T01:00:16.862Z,"10 km E of Cintalapa, Mexico",earthquake,,,,5,reviewed,us,us
1996-04-11T21:57:50.970Z,13.963,-91.657,33,4.5,mb,,,,1,us,usp0007g23,2014-11-07T01:00:16.565Z,"45 km SE of Champerico, Guatemala",earthquake,,,,19,reviewed,us,us
1996-03-31T21:34:37.730Z,15.956,-92.021,33,3.9,mb,,,,1.3,us,usp0007fk5,2014-11-07T01:00:10.480Z,"6 km W of La Gloria, Mexico",earthquake,,,,4,reviewed,us,us
1996-02-17T10:23:49.360Z,14.21,-91.174,95.5,5.1,mb,,,,1,us,usp0007d3z,2014-11-07T00:59:54.500Z,"13 km E of Nueva Concepción, Guatemala",earthquake,,3.4,,45,reviewed,us,us
1996-02-16T22:36:06.980Z,14.312,-91.007,100,4,mb,,,,1,us,usp0007d1b,2014-11-07T00:59:54.168Z,"3 km SE of Santa Lucía Cotzumalguapa, Guatemala",earthquake,,,,10,reviewed,us,us
1996-02-16T21:59:40.640Z,14.61,-91.495,100,3.5,mb,,,,1.1,us,usp0007d1a,2014-11-07T00:59:54.166Z,"1 km E of Zunilito, Guatemala",earthquake,,,,3,reviewed,us,us
1996-02-14T22:37:46.190Z,16.381,-90.784,100,4.1,mb,,,,1.5,us,usp0007cxm,2014-11-07T00:59:53.627Z,"5 km NNW of Zamora Pico de Oro, Mexico",earthquake,,,,5,reviewed,us,us
1996-02-11T23:03:41.120Z,16.271,-92.355,150,4,mb,,,,1,us,usp0007cse,2014-11-07T00:59:52.495Z,"2 km N of Socoltenango, Mexico",earthquake,,,,3,reviewed,us,us
1996-02-08T06:38:41.660Z,13.635,-89.796,70.7,3.8,mb,,,,1.1,us,usp0007cje,2014-11-07T00:59:51.718Z,"5 km NE of Acajutla, El Salvador",earthquake,,11.6,,11,reviewed,us,us
1996-01-09T22:43:48.030Z,15.488,-90.102,33,4.3,mb,,,,1.1,us,usp0007aru,2014-11-07T00:59:38.654Z,"16 km WSW of Lanquín, Guatemala",earthquake,,,,15,reviewed,us,us
1996-01-08T01:18:59.860Z,15.015,-90.598,33,3.8,mb,,,,0.8,us,usp0007am1,2014-11-07T00:59:37.729Z,"10 km SSE of Cubulco, Guatemala",earthquake,,,,2,reviewed,us,us
1995-12-31T20:30:58.900Z,15.954,-90.493,30.9,4.4,mb,,,,1,us,usp00079yg,2014-11-07T00:59:31.324Z,"19 km SSW of Flor de Cacao, Mexico",earthquake,,10.4,,17,reviewed,us,us
1995-12-22T17:38:35.300Z,15.937,-90.476,35.8,4.4,mb,,,,1.3,us,usp00079dx,2014-11-07T00:59:28.495Z,"21 km S of Flor de Cacao, Mexico",earthquake,,19.9,,16,reviewed,us,us
1995-12-19T20:56:06.380Z,15.301,-90.154,10,5.4,mw,,,,1.3,us,usp0007992,2022-04-29T19:50:37.293Z,"3 km WNW of Tucurú, Guatemala",earthquake,,,,,reviewed,us,hrv
1995-12-18T21:13:24.950Z,15.923,-90.189,29.5,4.5,mb,,,,1,us,usp0007977,2021-10-20T17:49:58.169Z,"16 km NE of Chisec, Guatemala",earthquake,,9.2,,7,reviewed,us,us
1995-12-06T12:06:18.990Z,13.639,-90.9,33,4.2,mb,,,,1.3,us,usp00078e8,2014-11-07T00:59:23.160Z,"33 km SSW of Puerto San José, Guatemala",earthquake,,,,18,reviewed,us,us
1995-12-03T16:41:24.300Z,13.644,-90.044,33,4.3,mb,,,,1.3,us,usp000782h,2014-11-07T00:59:20.590Z,"22 km S of San Francisco Menéndez, El Salvador",earthquake,,,,8,reviewed,us,us
1995-12-01T18:08:03.410Z,14.162,-91.206,92.9,4.5,mb,,,,1.3,us,usp00077x0,2014-11-07T00:59:18.486Z,"10 km ESE of Nueva Concepción, Guatemala",earthquake,,5.1,,25,reviewed,us,us
1995-11-21T21:09:17.280Z,15.077,-89.466,10,4.5,ms,,,,1.2,us,usp000777x,2014-11-07T00:59:12.311Z,"12 km WSW of Gualán, Guatemala",earthquake,,,,1,reviewed,us,us
1995-11-20T14:39:05.940Z,14.352,-90.366,10,3.8,mb,,,,0.5,us,usp0007757,2014-11-07T00:59:12.017Z,"4 km S of Santa Cruz Naranjo, Guatemala",earthquake,,,,1,reviewed,us,us
1995-11-20T14:35:47.160Z,14.414,-90.468,10,3.9,mb,,,,0.8,us,usp0007756,2014-11-07T00:59:12.015Z,"6 km SSW of Fraijanes, Guatemala",earthquake,,,,1,reviewed,us,us
1995-11-07T14:33:36.760Z,13.548,-90.043,80,3.3,md,,,,0.3,us,usp00076eh,2014-11-07T00:59:08.204Z,"23 km WSW of Acajutla, El Salvador",earthquake,,,,,reviewed,us,sss
1995-10-15T20:33:44.620Z,14.069,-91.537,33,4.3,mb,,,,1.1,us,usp000757b,2014-11-07T00:58:57.891Z,"29 km WSW of Nueva Concepción, Guatemala",earthquake,,,,20,reviewed,us,us
1995-10-05T14:50:58.950Z,14.51,-91.781,73.2,4.5,mb,,,,1.3,us,usp00074jd,2014-11-07T00:58:53.984Z,"11 km SSW of El Asintal, Guatemala",earthquake,,,,25,reviewed,us,us
1995-10-03T15:48:41.710Z,14.244,-91.722,66.4,4.4,mb,,,,1.2,us,usp00074dw,2014-11-07T00:58:53.271Z,"21 km ESE of Champerico, Guatemala",earthquake,,,,17,reviewed,us,us
1995-09-29T10:20:05.120Z,13.78,-90.531,89.4,4.2,mb,,,,1.2,us,usp000745b,2014-11-07T00:58:47.965Z,"near the coast of Guatemala",earthquake,,20.7,,9,reviewed,us,us
1995-09-28T04:51:02.880Z,13.673,-90.464,33,3.9,mb,,,,1.3,us,usp000743h,2014-11-07T00:58:47.742Z,"39 km SE of Iztapa, Guatemala",earthquake,,,,10,reviewed,us,us
1995-09-19T15:40:08.570Z,13.874,-90.658,63.8,5.3,mw,,,,1.3,us,usp00073ks,2025-12-19T23:26:03.421Z,"8 km SE of Iztapa, Guatemala",earthquake,,,,,reviewed,us,hrv
1995-09-06T12:18:57.580Z,13.878,-90.954,33,4.3,mb,,,,1,us,usp00072zu,2014-11-07T00:58:41.634Z,"15 km WSW of Puerto San José, Guatemala",earthquake,,,,8,reviewed,us,us
1995-08-29T07:49:36.820Z,13.66,-91.263,33,4.7,mb,,,,1,us,usp00072md,2014-11-07T00:58:36.509Z,"near the coast of Guatemala",earthquake,,,,31,reviewed,us,us
1995-08-13T21:23:43.980Z,14.752,-91.061,23,4.2,mb,,,,1.4,us,usp00071tj,2014-11-07T00:58:31.451Z,"7 km W of Tecpán Guatemala, Guatemala",earthquake,,,,13,reviewed,us,us
1995-07-29T12:48:00.780Z,13.62,-90.13,95,3.9,mb,,,,1.2,us,usp0007141,2014-11-07T00:58:23.874Z,"27 km SSW of San Francisco Menéndez, El Salvador",earthquake,,5.7,,7,reviewed,us,us
1995-07-24T05:53:20.970Z,13.504,-89.659,83.7,5.2,mw,,,,0.8,us,usp00070xn,2025-12-19T23:27:56.938Z,"20 km ESE of Acajutla, El Salvador",earthquake,,2.6,,,reviewed,us,hrv
1995-07-08T07:10:53.540Z,13.637,-91.496,33,4.5,mb,,,,1,us,usp00070av,2014-11-07T00:58:19.225Z,"65 km SSW of Nueva Concepción, Guatemala",earthquake,,,,5,reviewed,us,us
1995-07-08T06:22:12.100Z,13.544,-91.483,33,4.6,mb,,,,0.8,us,usp00070ap,2014-11-07T00:58:19.191Z,"75 km SSW of Nueva Concepción, Guatemala",earthquake,,,,13,reviewed,us,us
1995-06-22T04:49:20.880Z,13.567,-91.502,33,4.4,mb,,,,1.1,us,usp0006zhn,2014-11-07T00:58:10.959Z,"73 km SSW of Nueva Concepción, Guatemala",earthquake,,,,16,reviewed,us,us
1995-04-15T20:18:04.690Z,13.886,-90.618,85.8,4.4,mb,,,,1.2,us,usp0006vqx,2014-11-07T00:57:42.329Z,"10 km ESE of Iztapa, Guatemala",earthquake,,4.2,,18,reviewed,us,us
1995-04-13T13:39:02.310Z,14.064,-90.641,76.6,4.1,mb,,,,1.3,us,usp0006vkq,2014-11-07T00:57:41.725Z,"16 km NNE of Iztapa, Guatemala",earthquake,,8.8,,11,reviewed,us,us
1995-04-10T11:54:16.840Z,13.961,-91.082,20,4.1,mb,,,,1,us,usp0006vf8,2014-11-07T00:57:41.082Z,"13 km SSW of La Gomera, Guatemala",earthquake,,,,6,reviewed,us,us
1995-03-11T08:59:39.180Z,14.316,-92.35,33,4.1,mb,,,,1.3,us,usp0006u1z,2014-11-07T00:57:29.753Z,"27 km SW of Ocós, Guatemala",earthquake,,,,10,reviewed,us,us
1995-03-06T18:44:01.200Z,15.571,-91.995,173.8,4.8,mb,,,,1.1,us,usp0006tw6,2014-11-07T00:57:28.793Z,"5 km ESE of El Pacayal, Mexico",earthquake,,,,33,reviewed,us,us
1995-02-25T15:53:08.820Z,14.081,-91.282,45.9,4.7,mb,,,,1.1,us,usp0006tha,2014-11-07T00:57:22.800Z,"13 km S of Nueva Concepción, Guatemala",earthquake,,,,54,reviewed,us,us
1995-02-17T04:25:19.960Z,13.751,-90.567,79.1,3.9,md,,,,0.7,us,usp0006t3a,2014-11-07T00:57:20.595Z,"25 km SE of Iztapa, Guatemala",earthquake,,11.1,,,reviewed,us,sss
1995-02-15T08:18:42.070Z,14.286,-92.252,91.2,4.1,mb,,,,1.1,us,usp0006szn,2014-11-07T00:57:20.202Z,"25 km SSW of Ocós, Guatemala",earthquake,,10.2,,4,reviewed,us,us
1995-02-03T01:23:20.640Z,13.55,-90.664,47.5,4.3,mb,,,,1.1,us,usp0006s9s,2014-11-07T00:57:16.221Z,"42 km S of Iztapa, Guatemala",earthquake,,13.9,,27,reviewed,us,us
1995-01-31T05:55:51.570Z,15.296,-91.746,161.4,4.6,mb,,,,1.1,us,usp0006s59,2014-11-07T00:57:12.547Z,"2 km N of San Miguel Ixtahuacán, Guatemala",earthquake,,,,30,reviewed,us,us
1995-01-29T03:37:22.570Z,14.062,-89.937,62.9,4.1,mb,,,,0.9,us,usp0006s1j,2014-11-07T00:57:12.011Z,"6 km SSW of Comapa, Guatemala",earthquake,,20.8,,4,reviewed,us,us
1995-01-28T21:35:34.030Z,14.034,-91.961,60.9,4.5,mb,,,,1.1,us,usp0006s14,2014-11-07T00:57:11.935Z,"29 km S of Champerico, Guatemala",earthquake,,6.3,,24,reviewed,us,us
1995-01-27T16:24:48.300Z,14.248,-91.72,55.7,5.5,mw,,,,1,us,usp0006ryw,2022-04-29T17:48:17.463Z,"21 km ESE of Champerico, Guatemala",earthquake,,,,,reviewed,us,hrv
1995-01-22T18:48:32.350Z,14.015,-92.309,39.4,4.2,mb,,,,0.9,us,usp0006rr7,2014-11-07T00:57:10.455Z,"52 km SW of Champerico, Guatemala",earthquake,,8.8,,6,reviewed,us,us
1995-01-20T11:29:12.330Z,14.026,-91.868,66.6,5.7,mw,,,,1.1,us,usp0006rn5,2022-04-29T17:46:39.494Z,"29 km S of Champerico, Guatemala",earthquake,,4.4,,,reviewed,us,hrv
1995-01-20T06:45:09.220Z,14.012,-92.142,33,4.3,mb,,,,1.6,us,usp0006rmw,2014-11-07T00:57:09.897Z,"39 km SW of Champerico, Guatemala",earthquake,,,,12,reviewed,us,us
1995-01-07T02:36:30.690Z,14.023,-92.389,33,4.3,mb,,,,1.2,us,usp0006qza,2014-11-07T00:57:06.553Z,"57 km SSW of Ocós, Guatemala",earthquake,,,,14,reviewed,us,us
1995-01-06T03:31:43.150Z,13.903,-91.164,85.3,4.5,mb,,,,0.9,us,usp0006qx2,2014-11-07T00:57:06.014Z,"23 km SSW of La Gomera, Guatemala",earthquake,,5.1,,6,reviewed,us,us
1995-01-02T14:02:18.540Z,14.675,-90.647,33,4.2,md,,,,1.4,us,usp0006qrz,2014-11-07T00:57:04.471Z,"1 km SSW of San Pedro Sacatepéquez, Guatemala",earthquake,,,,,reviewed,us,san
1995-01-01T08:23:29.500Z,14.256,-89.983,224.5,3.8,mb,,,,0.6,us,usp0006qpz,2014-11-07T00:57:03.258Z,"6 km ESE of Quesada, Guatemala",earthquake,,5.8,,5,reviewed,us,us
1994-12-27T05:59:39.990Z,14.048,-92.27,10,4.2,md,,,,0.4,us,usp0006qg2,2014-11-07T00:56:59.981Z,"47 km SW of Champerico, Guatemala",earthquake,,,,,reviewed,us,gcg
1994-12-04T10:16:32.540Z,14.076,-91.5,33,4.1,md,,,,0.1,us,usp0006pn4,2014-11-07T00:56:54.663Z,"25 km WSW of Nueva Concepción, Guatemala",earthquake,,,,,reviewed,us,gcg
1994-12-03T04:53:11.620Z,14.487,-92.404,78.9,5.3,mw,,,,1,us,usp0006pkk,2025-12-19T22:27:38.274Z,"20 km WSW of Brisas Barra de Suchiate, Mexico",earthquake,,3.9,,,reviewed,us,hrv
1994-11-30T05:03:11.740Z,15.926,-92.434,175,4.5,mb,,,,0.9,us,usp0006pf9,2014-11-07T00:56:51.357Z,"7 km SE of Rizo de Oro, Mexico",earthquake,,,,40,reviewed,us,us
1994-10-29T04:29:47.670Z,13.673,-91.706,48,4,mb,,,,1.2,us,usp0006mvd,2014-11-07T00:56:34.397Z,"72 km SSE of Champerico, Guatemala",earthquake,,12.3,,4,reviewed,us,us
1994-09-09T08:56:49.800Z,14.161,-91.459,69.7,4.1,mb,,,,1.1,us,usp0006j5c,2014-11-07T00:56:14.791Z,"17 km SW of Tiquisate, Guatemala",earthquake,,17.4,,6,reviewed,us,us
1994-08-16T11:57:45.290Z,14.142,-91.624,79.9,4.1,mb,,,,1.3,us,usp0006h0n,2014-11-07T00:56:04.318Z,"32 km WSW of Tiquisate, Guatemala",earthquake,,5.8,,7,reviewed,us,us
1994-08-06T19:44:07.960Z,13.665,-89.861,99,4.7,mb,,,,1.2,us,usp0006gmp,2014-11-07T00:56:00.918Z,"8 km NNW of Acajutla, El Salvador",earthquake,,2.3,,39,reviewed,us,us
1994-07-11T19:51:53.920Z,14.323,-91.083,67.8,4.3,mb,,,,1.5,us,usp0006fgh,2014-11-07T00:55:51.064Z,"6 km WSW of Santa Lucía Cotzumalguapa, Guatemala",earthquake,,,,11,reviewed,us,us
1994-06-29T14:22:22.890Z,13.922,-92.341,33,4.4,mb,,,,1.2,us,usp0006ez4,2014-11-07T00:55:45.120Z,"61 km SW of Champerico, Guatemala",earthquake,,,,10,reviewed,us,us
1994-06-09T22:21:09.190Z,15.827,-88.444,34.4,4.5,mb,,,,1,us,usp0006e0r,2014-11-07T00:55:40.588Z,"19 km NE of Puerto Barrios, Guatemala",earthquake,,12.6,,13,reviewed,us,us
1994-06-04T22:30:54.700Z,14.763,-90.732,223.3,4.3,mb,,,,1,us,usp0006drb,2014-11-07T00:55:39.228Z,"6 km ESE of San Martín Jilotepeque, Guatemala",earthquake,,3.8,,17,reviewed,us,us
1994-06-03T20:23:25.230Z,14.129,-92.165,73.1,4.5,mb,,,,1.4,us,usp0006dn7,2014-11-07T00:55:38.448Z,"32 km WSW of Champerico, Guatemala",earthquake,,7,,8,reviewed,us,us
1994-06-01T10:15:48.740Z,13.789,-90.913,90,3.9,mb,,,,1.2,us,usp0006dgf,2014-11-07T00:55:35.459Z,"18 km SSW of Puerto San José, Guatemala",earthquake,,,,1,reviewed,us,us
1994-05-12T23:12:56.660Z,13.78,-92.182,22.2,4.4,mb,,,,1.2,us,usp0006cfh,2014-11-07T00:55:28.208Z,"63 km SSW of Champerico, Guatemala",earthquake,,,,7,reviewed,us,us
1994-05-12T19:43:58.500Z,14,-91.213,66,4.6,mb,,,,1.3,us,usp0006cf9,2014-11-07T00:55:28.185Z,"19 km WSW of La Gomera, Guatemala",earthquake,,,,24,reviewed,us,us
1994-05-03T23:02:44.010Z,13.846,-91.547,102,4.4,mb,,,,1.2,us,usp0006c0y,2014-11-07T00:55:26.064Z,"47 km SW of Nueva Concepción, Guatemala",earthquake,,13.6,,4,reviewed,us,us
1994-05-03T22:58:01.620Z,14.195,-91.238,33,4,mb,,,,0.7,us,usp0006c0x,2014-11-07T00:55:26.060Z,"6 km E of Nueva Concepción, Guatemala",earthquake,,,,3,reviewed,us,us
1994-05-03T15:34:33.810Z,14.08,-91.977,60,3.9,mb,,,,0.4,us,usp0006c05,2014-11-07T00:55:25.749Z,"24 km SSW of Champerico, Guatemala",earthquake,,,,1,reviewed,us,us
1994-05-03T03:56:48.610Z,13.963,-90.959,90.8,5.5,mw,,,,1.1,us,usp0006byz,2022-04-28T17:41:04.280Z,"15 km WNW of Puerto San José, Guatemala",earthquake,,4.4,,,reviewed,us,hrv
1994-05-02T18:41:46.170Z,14.288,-90.229,10,4.7,mb,,,,1,us,usp0006bxk,2014-11-07T00:55:25.230Z,"7 km E of Cuilapa, Guatemala",earthquake,,,,4,reviewed,us,us
1994-05-01T20:23:13.740Z,14.867,-91.324,157.6,5.2,mw,,,,1,us,usp0006bwc,2025-12-19T22:40:56.209Z,"2 km NNW of Nahualá, Guatemala",earthquake,,3,,,reviewed,us,hrv
1994-04-23T03:21:38.940Z,13.798,-90.978,79.9,4.6,mb,,,,1.1,us,usp0006bgt,2014-11-07T00:55:20.349Z,"22 km SW of Puerto San José, Guatemala",earthquake,,5.9,,29,reviewed,us,us
1994-04-18T08:06:37.580Z,13.626,-90.031,90.7,4.2,mb,,,,1.2,us,usp0006b8z,2014-11-07T00:55:19.071Z,"22 km W of Acajutla, El Salvador",earthquake,,9,,4,reviewed,us,us
1994-04-10T17:36:57.160Z,14.72,-92.004,100.1,6,mw,,,,1.1,us,usp0006ax2,2022-04-28T17:44:35.538Z,"3 km E of Pajapita, Guatemala",earthquake,,3.6,,,reviewed,us,hrv
1994-03-29T22:05:35.250Z,14.085,-90.479,33,4.2,mb,,,,1.1,us,usp0006ac6,2014-11-07T00:55:11.499Z,"2 km NNW of Taxisco, Guatemala",earthquake,,,,1,reviewed,us,us
1994-03-29T09:36:11.780Z,14.186,-91.65,33,4.5,mb,,,,1.1,us,usp0006abf,2014-11-07T00:55:11.451Z,"30 km ESE of Champerico, Guatemala",earthquake,,,,14,reviewed,us,us
1994-03-14T20:51:24.960Z,15.994,-92.428,164.2,6.9,mwb,,,,1.2,us,usp00069qa,2022-04-28T17:48:03.639Z,"6 km ENE of Rizo de Oro, Mexico",earthquake,,,,,reviewed,us,us
1994-02-28T20:58:34.810Z,14.47,-91.895,134.2,4.9,mb,,,,1.3,us,usp000693a,2014-11-07T00:55:02.040Z,"18 km SSW of Génova, Guatemala",earthquake,,9.1,,1,reviewed,us,us
1994-02-23T19:55:24.570Z,13.517,-90.068,88.5,4.8,mb,,,,1,us,usp00068x6,2014-11-07T00:55:01.023Z,"27 km WSW of Acajutla, El Salvador",earthquake,,4.2,,25,reviewed,us,us
1994-02-14T10:36:15.220Z,13.548,-88.751,33,3.7,md,,,,0.5,us,usp00068gq,2014-11-07T00:54:58.964Z,"10 km SSE of San Vicente, El Salvador",earthquake,,,,,reviewed,us,gcg
1994-02-12T18:45:31.930Z,13.533,-90.275,70,3.5,md,,,,0.6,us,usp00068ej,2014-11-07T00:54:58.581Z,"44 km SW of San Francisco Menéndez, El Salvador",earthquake,,,,,reviewed,us,gcg
1994-02-08T00:30:49.400Z,14.367,-92.148,5,3.7,md,,,,0.6,us,usp000686p,2014-11-07T00:54:57.395Z,"16 km SSE of Ocós, Guatemala",earthquake,,,,,reviewed,us,gcg
1994-02-07T20:00:46.660Z,13.571,-91.311,33,3.9,md,,,,0.6,us,usp000686g,2014-11-07T00:54:57.383Z,"63 km SSW of La Gomera, Guatemala",earthquake,,,,,reviewed,us,gcg
1994-01-28T21:17:03.770Z,14.299,-91.375,72,4.1,mb,,,,1.1,us,usp00067n2,2014-11-07T00:54:51.172Z,"2 km NW of Tiquisate, Guatemala",earthquake,,12.9,,5,reviewed,us,us
1994-01-21T12:56:09.070Z,14.572,-92.453,68.5,4.2,mb,,,,1,us,usp000675d,2014-11-07T00:54:49.597Z,"16 km SSW of Puerto Madero, Mexico",earthquake,,7.4,,8,reviewed,us,us
1994-01-19T23:40:47.740Z,14.565,-90.992,10,3.8,md,,,,0.6,us,usp000670j,2014-11-07T00:54:49.043Z,"5 km WNW of Acatenango, Guatemala",earthquake,,,,,reviewed,us,gcg
1994-01-19T19:20:44.380Z,15.146,-91.649,178.2,3.9,mb,,,,1.4,us,usp00066zn,2014-11-07T00:54:48.655Z,"7 km SSW of Sipacapa, Guatemala",earthquake,,12,,2,reviewed,us,us
1994-01-10T14:25:37.580Z,13.704,-91.293,27.4,5.1,mb,,,,0.9,us,usp000669r,2014-11-07T00:54:46.047Z,"49 km SSW of La Gomera, Guatemala",earthquake,,6.3,,30,reviewed,us,us
1993-11-21T16:35:24.280Z,14.282,-92.309,61.6,4.2,mb,,,,0.7,us,usp000640p,2014-11-07T00:54:26.242Z,"28 km SSW of Ocós, Guatemala",earthquake,,15.1,,3,reviewed,us,us
1993-11-11T16:46:42.350Z,13.813,-90.437,70.5,5.6,mw,,,,1.1,us,usp00063j0,2022-04-28T17:56:06.952Z,"28 km S of Taxisco, Guatemala",earthquake,,,,,reviewed,us,hrv
1993-10-27T15:10:39.270Z,15.137,-88.89,33,4.5,ml,,,,0.6,us,usp00062t3,2014-11-07T00:54:15.711Z,"9 km N of San Joaquín, Honduras",earthquake,,,,,reviewed,us,gcg
1993-10-19T13:04:35.450Z,14.026,-91.72,33,4.5,mb,,,,0.9,us,usp0006292,2014-11-07T00:54:13.751Z,"36 km SE of Champerico, Guatemala",earthquake,,,,15,reviewed,us,us
1993-10-17T21:57:30.310Z,14.39,-92.368,33,4,md,,,,0.5,us,usp000625f,2014-11-07T00:54:13.166Z,"22 km SW of Brisas Barra de Suchiate, Mexico",earthquake,,,,,reviewed,us,gcg
1993-10-14T00:55:27.200Z,13.823,-92.069,33,4.1,mb,,,,1.1,us,usp00061yn,2014-11-07T00:54:12.438Z,"54 km SSW of Champerico, Guatemala",earthquake,,,,2,reviewed,us,us
1993-10-13T19:40:12.850Z,13.895,-91.768,33,5,mb,,,,1,us,usp00061y3,2014-11-07T00:54:12.371Z,"46 km SSE of Champerico, Guatemala",earthquake,,,,25,reviewed,us,us
1993-10-06T04:08:44.800Z,14.009,-91.693,33,3.9,md,,,,1.3,us,usp00061ja,2014-11-07T00:54:10.789Z,"39 km SE of Champerico, Guatemala",earthquake,,,,,reviewed,us,gcg
1993-10-06T01:10:45.200Z,14.118,-91.788,59.2,4.7,mb,,,,1.1,us,usp00061j4,2014-11-07T00:54:10.773Z,"23 km SE of Champerico, Guatemala",earthquake,,5.1,,24,reviewed,us,us
1993-10-05T15:29:34.310Z,14.439,-91.983,96.9,4.5,mb,,,,0.6,us,usp00061hd,2014-11-07T00:54:10.700Z,"17 km NNW of Champerico, Guatemala",earthquake,,22.4,,1,reviewed,us,us
1993-09-28T15:50:25.560Z,14.152,-92.433,58.5,4.7,mb,,,,1,us,usp0006162,2014-11-07T00:54:03.333Z,"47 km SSW of Ocós, Guatemala",earthquake,,5.2,,35,reviewed,us,us
1993-09-27T06:47:20.730Z,14.379,-90.43,33,4.3,mb,,,,1.2,us,usp000613w,2014-11-07T00:54:03.142Z,"6 km W of Santa Cruz Naranjo, Guatemala",earthquake,,,,1,reviewed,us,us
1993-09-23T14:09:15.200Z,14.285,-92.154,33,4,md,,,,0.5,us,usp00060xq,2014-11-07T00:54:02.305Z,"25 km S of Ocós, Guatemala",earthquake,,,,,reviewed,us,gcg
1993-09-17T22:44:42.670Z,14.358,-92.098,33,3.8,mb,,,,1.4,us,usp00060ja,2014-11-07T00:53:58.837Z,"19 km SSE of Ocós, Guatemala",earthquake,,,,1,reviewed,us,us
1993-09-17T02:20:04.640Z,14.948,-92.459,33,4.2,mb,,,,1.2,us,usp00060ge,2014-11-07T00:53:58.694Z,"2 km NW of Marte R. Gómez, Mexico",earthquake,,,,1,reviewed,us,us
1993-09-12T03:22:38.500Z,13.826,-90.429,68.2,6,mw,,,,1.1,us,usp000606e,2022-04-28T18:00:07.945Z,"27 km S of Taxisco, Guatemala",earthquake,,,,,reviewed,us,hrv
1993-09-11T19:29:42.740Z,14.375,-92.312,33,5.7,mw,,,,0.9,us,usp000605z,2022-04-28T18:00:03.255Z,"19 km SW of Ocós, Guatemala",earthquake,,,,,reviewed,us,hrv
1993-09-11T04:25:24.710Z,14.526,-92.385,33,4.4,mb,,,,0.6,us,usp0006047,2014-11-07T00:53:56.856Z,"17 km W of Brisas Barra de Suchiate, Mexico",earthquake,,,,6,reviewed,us,us
1993-08-22T10:02:11.210Z,14.238,-90.701,108,5.8,mw,,,,1.1,us,usp0005yzv,2022-04-28T18:04:57.798Z,"Guatemala",earthquake,,3.7,,,reviewed,us,hrv
1993-08-01T15:32:56.980Z,14.722,-90.977,237.2,4.3,mb,,,,0.7,us,usp0005xt3,2014-11-07T00:53:37.501Z,"4 km SSE of Tecpán Guatemala, Guatemala",earthquake,,6,,26,reviewed,us,us
1993-07-28T19:56:07.290Z,14.179,-92.233,82.8,4.5,mb,,,,1.1,us,usp0005xjm,2014-11-07T00:53:34.434Z,"36 km WSW of Champerico, Guatemala",earthquake,,7.1,,24,reviewed,us,us
1993-07-12T19:22:40.300Z,13.805,-91.684,33,4.5,mb,,,,0.9,us,usp0005w2p,2014-11-07T00:53:28.951Z,"59 km SSE of Champerico, Guatemala",earthquake,,,,9,reviewed,us,us
1993-05-22T04:51:06.220Z,13.551,-91.234,48.1,4.4,mb,,,,1.2,us,usp0005t8m,2014-11-07T00:53:03.185Z,"near the coast of Guatemala",earthquake,,7.9,,11,reviewed,us,us
1993-05-20T04:55:54.450Z,13.757,-90.952,31.3,5.8,mw,,,,1.1,us,usp0005t53,2022-04-28T18:13:27.177Z,"23 km SW of Puerto San José, Guatemala",earthquake,,,,,reviewed,us,hrv
1993-05-19T20:39:57.090Z,13.96,-90.978,33,4.3,mb,,,,1.1,us,usp0005t4b,2014-11-07T00:53:02.694Z,"15 km SSE of La Gomera, Guatemala",earthquake,,,,4,reviewed,us,us
1993-05-15T04:20:45.220Z,15.166,-91.854,131.5,4.7,mb,,,,1.2,us,usp0005stn,2014-11-07T00:53:00.583Z,"7 km NW of Tejutla, Guatemala",earthquake,,,,21,reviewed,us,us
1993-05-12T20:54:08.560Z,14.133,-92.363,33,4.2,mb,,,,1.3,us,usp0005sp7,2014-11-07T00:52:59.953Z,"45 km SSW of Ocós, Guatemala",earthquake,,,,8,reviewed,us,us
1993-05-09T09:17:57.190Z,13.514,-90.719,61.6,4.6,mb,,,,1.2,us,usp0005sfq,2014-11-07T00:52:59.174Z,"46 km S of Iztapa, Guatemala",earthquake,,6.1,,15,reviewed,us,us
1993-05-02T06:32:41.000Z,14.411,-91.933,10,4,mb,,,,1.4,us,usp0005s32,2014-11-07T00:52:56.179Z,"13 km N of Champerico, Guatemala",earthquake,,,,6,reviewed,us,us
1993-04-30T12:29:36.350Z,13.991,-91.536,68.2,5.1,mw,,,,1,us,usp0005rzx,2025-12-19T22:54:37.182Z,"34 km SW of Nueva Concepción, Guatemala",earthquake,,3.8,,,reviewed,us,hrv
1993-04-19T01:52:13.540Z,14.882,-90.567,33,4.2,mb,,,,1.7,us,usp0005rde,2014-11-07T00:52:50.414Z,"6 km SW of Granados, Guatemala",earthquake,,,,4,reviewed,us,us
1993-04-19T00:18:02.310Z,14.285,-90.183,33,4.4,mb,,,,1.2,us,usp0005rd4,2020-08-29T02:12:43.258Z,"6 km N of Oratorio, Guatemala",earthquake,,,,8,reviewed,us,us
1993-04-18T07:27:51.920Z,14.742,-91.148,33,3.8,mb,,,,1.7,us,usp0005rca,2014-11-07T00:52:50.203Z,"0 km E of Panajachel, Guatemala",earthquake,,,,1,reviewed,us,us
1993-04-17T06:25:13.660Z,15.586,-91.96,225.3,3.3,mb,,,,1.2,us,usp0005rak,2014-11-07T00:52:49.861Z,"8 km SE of Potrerillo, Mexico",earthquake,,14.4,,1,reviewed,us,us
1993-04-16T13:01:22.880Z,15.542,-91.447,33,4,md,,,,1.6,us,usp0005r9c,2014-11-07T00:52:49.673Z,"6 km S of San Juan Ixcoy, Guatemala",earthquake,,,,,reviewed,us,gcg
1993-03-28T13:33:53.130Z,13.715,-91.763,10,4.1,mb,,,,1.1,us,usp0005q8w,2014-11-07T00:52:39.738Z,"65 km SSE of Champerico, Guatemala",earthquake,,,,5,reviewed,us,us
1993-03-24T23:55:11.070Z,14.064,-91.965,86.3,4.4,mb,,,,1.5,us,usp0005q2p,2014-11-07T00:52:38.350Z,"26 km SSW of Champerico, Guatemala",earthquake,,9.2,,1,reviewed,us,us
1993-03-24T05:25:53.180Z,15.528,-92.205,33,4.1,md,,,,1.3,us,usp0005q14,2014-11-07T00:52:38.188Z,"2 km NE of La Grandeza, Mexico",earthquake,,,,,reviewed,us,gcg
1993-03-22T06:52:23.820Z,15.053,-91.987,42.5,3.7,mb,,,,1.4,us,usp0005py1,2014-11-07T00:52:37.772Z,"7 km WSW of Tajumulco, Guatemala",earthquake,,17.8,,1,reviewed,us,us
1993-03-16T08:36:51.670Z,15.455,-90.168,33,4,mb,,,,1.4,us,usp0005pkv,2014-11-07T00:52:35.822Z,"15 km E of San Pedro Carchá, Guatemala",earthquake,,,,2,reviewed,us,us
1993-03-13T09:45:08.310Z,14.91,-90.727,33,4.2,mb,,,,1.7,us,usp0005peq,2014-11-07T00:52:35.181Z,"7 km WSW of Pachalum, Guatemala",earthquake,,,,2,reviewed,us,us
1993-03-12T01:08:36.590Z,13.59,-90.897,63.4,4.9,mb,,,,1.4,us,usp0005pc7,2014-11-07T00:52:34.787Z,"38 km SSW of Puerto San José, Guatemala",earthquake,,,,15,reviewed,us,us
1993-03-02T02:45:45.270Z,15.186,-92.167,90.9,3.9,mb,,,,1.1,us,usp0005nv2,2014-11-07T00:52:30.744Z,"2 km SE of Pavencul, Mexico",earthquake,,10.7,,1,reviewed,us,us
1993-02-18T11:54:34.760Z,15.039,-91.682,22,4.7,mb,,,,1,us,usp0005n9d,2014-11-07T00:52:25.048Z,"0 km ENE of Río Blanco, Guatemala",earthquake,,,,21,reviewed,us,us
1993-02-16T22:03:50.160Z,13.573,-90.798,33,3.6,mb,,,,1.6,us,usp0005n6v,2014-11-07T00:52:24.764Z,"39 km S of Puerto San José, Guatemala",earthquake,,,,1,reviewed,us,us
1993-02-13T18:30:10.780Z,13.725,-89.754,86.4,4.5,mb,,,,1.3,us,usp0005n1e,2014-11-07T00:52:24.061Z,"1 km WNW of San Antonio del Monte, El Salvador",earthquake,,,,8,reviewed,us,us
1993-02-12T02:09:54.280Z,14.847,-92.329,123.7,4.3,mb,,,,1.3,us,usp0005my7,2014-11-07T00:52:23.598Z,"2 km SW of Raymundo Enríquez, Mexico",earthquake,,6.9,,18,reviewed,us,us
1993-02-09T12:36:12.370Z,15.349,-91.953,206.9,3.4,mb,,,,1.2,us,usp0005mtz,2014-11-07T00:52:22.988Z,"6 km S of Cuilco, Guatemala",earthquake,,13.5,,1,reviewed,us,us
1993-02-05T06:00:19.650Z,15.143,-88.256,139.7,4.6,mb,,,,1.4,us,usp0005mn9,2014-11-07T00:52:21.517Z,"2 km WNW of Trinidad, Honduras",earthquake,,,,6,reviewed,us,us
1993-01-28T14:03:50.920Z,14.36,-91.892,54.7,4.4,mb,,,,1.4,us,usp0005mbu,2014-11-07T00:52:17.024Z,"7 km NNE of Champerico, Guatemala",earthquake,,17.2,,2,reviewed,us,us
1993-01-13T09:41:58.410Z,14.239,-90.21,185,4.5,mb,,,,1,us,usp0005kpx,2014-11-07T00:52:13.650Z,"3 km WNW of Oratorio, Guatemala",earthquake,,10.3,,8,reviewed,us,us
1992-12-27T16:16:28.110Z,14.47,-92.049,33,3.7,mb,,,,0.8,us,usp0005jya,2014-11-07T00:52:05.633Z,"16 km ESE of Ocós, Guatemala",earthquake,,,,1,reviewed,us,us
1992-12-27T06:47:13.370Z,13.519,-92.077,41.3,4.2,mb,,,,1.2,us,usp0005jxj,2014-11-07T00:52:05.555Z,"87 km SSW of Champerico, Guatemala",earthquake,,19.7,,1,reviewed,us,us
1992-12-17T11:09:48.670Z,14.02,-91.83,32.5,4.9,mb,,,,1.1,us,usp0005jdu,2014-11-07T00:52:03.057Z,"31 km SSE of Champerico, Guatemala",earthquake,,7.7,,42,reviewed,us,us
1992-11-22T19:49:48.950Z,13.604,-89.066,71.9,4.4,mb,,,,1.4,us,usp0005h7b,2014-11-07T00:51:53.905Z,"6 km NE of Olocuilta, El Salvador",earthquake,,8.8,,1,reviewed,us,us
1992-10-31T18:12:52.730Z,14.253,-90.772,179.8,4.7,mb,,,,0.9,us,usp0005g4r,2014-11-07T00:51:44.812Z,"5 km SSE of Escuintla, Guatemala",earthquake,,10.9,,5,reviewed,us,us
1992-10-12T02:56:12.990Z,13.542,-91.879,33,4.4,mb,,,,1.3,us,usp0005f7x,2014-11-07T00:51:39.476Z,"83 km S of Champerico, Guatemala",earthquake,,,,2,reviewed,us,us
1992-10-11T07:39:37.520Z,15.262,-91.293,21.4,4.5,mb,,,,1.4,us,usp0005f69,2014-11-07T00:51:39.110Z,"9 km SSE of Aguacatán, Guatemala",earthquake,,,,4,reviewed,us,us
1992-09-29T17:58:27.640Z,13.851,-90.984,33,4.3,mb,,,,1.1,us,usp0005eq6,2014-11-07T00:51:32.291Z,"19 km WSW of Puerto San José, Guatemala",earthquake,,,,6,reviewed,us,us
1992-09-24T07:47:34.710Z,13.675,-91.106,33,4.6,mb,,,,1.2,us,usp0005eea,2014-11-07T00:51:30.462Z,"41 km SW of Puerto San José, Guatemala",earthquake,,,,17,reviewed,us,us
1992-09-24T06:10:25.080Z,14.319,-91.447,33,4.6,mb,,,,0.9,us,usp0005ee5,2014-11-07T00:51:30.453Z,"10 km WNW of Tiquisate, Guatemala",earthquake,,,,1,reviewed,us,us
1992-09-21T09:22:26.770Z,14.03,-91.07,33,4.5,mb,,,,1.3,us,usp0005e97,2014-11-07T00:51:29.844Z,"6 km SSW of La Gomera, Guatemala",earthquake,,,,3,reviewed,us,us
1992-09-16T21:21:27.160Z,14.129,-92.33,33,4.7,mb,,,,1,us,usp0005e37,2014-11-07T00:51:29.185Z,"44 km SSW of Ocós, Guatemala",earthquake,,,,23,reviewed,us,us
1992-09-14T21:47:44.600Z,13.755,-92.041,33.2,4.6,mb,,,,1.3,us,usp0005dzu,2014-11-07T00:51:28.698Z,"61 km SSW of Champerico, Guatemala",earthquake,,,,10,reviewed,us,us
1992-09-10T16:31:36.320Z,13.988,-91.709,134.6,4.3,mb,,,,1.2,us,usp0005du1,2014-11-07T00:51:27.379Z,"40 km SSE of Champerico, Guatemala",earthquake,,13.5,,3,reviewed,us,us
1992-09-02T15:27:57.250Z,14.003,-91.641,54,4.2,mb,,,,1.4,us,usp0005dg8,2014-11-07T00:51:24.116Z,"42 km WSW of Nueva Concepción, Guatemala",earthquake,,,,2,reviewed,us,us
1992-08-02T00:41:25.020Z,14.077,-91.969,50.7,5.2,ms,,,,1.1,us,usp0005bv0,2014-11-07T00:51:11.752Z,"24 km SSW of Champerico, Guatemala",earthquake,,10.9,,7,reviewed,us,us
1992-06-24T08:58:32.340Z,13.857,-91.706,33,4.8,mb,,,,1,us,usp00059k2,2014-11-07T00:50:52.813Z,"53 km SSE of Champerico, Guatemala",earthquake,,,,18,reviewed,us,us
1992-04-26T02:21:52.180Z,13.818,-91.689,33,4.7,mb,,,,1,us,usp00056f6,2014-11-07T00:50:30.143Z,"57 km SSE of Champerico, Guatemala",earthquake,,,,16,reviewed,us,us
1992-04-17T04:11:05.630Z,13.535,-89.502,33,4.2,mb,,,,1.4,us,usp00055x6,2014-11-07T00:50:27.824Z,"20 km WNW of La Libertad, El Salvador",earthquake,,,,4,reviewed,us,us
1992-03-30T11:46:26.390Z,13.827,-91.697,29,4.7,mb,,,,1,us,usp000552b,2014-11-07T00:50:20.150Z,"56 km SSE of Champerico, Guatemala",earthquake,,,,4,reviewed,us,us
1992-03-30T11:43:20.450Z,13.627,-91.75,28.7,4.7,mb,,,,1,us,usp0005529,2014-11-07T00:50:20.141Z,"75 km SSE of Champerico, Guatemala",earthquake,,,,19,reviewed,us,us
1992-03-29T12:33:28.160Z,15.45,-91.982,191,3.5,mb,,,,1.3,us,usp000550n,2014-11-07T00:50:19.849Z,"6 km NW of Cuilco, Guatemala",earthquake,,13,,1,reviewed,us,us
1992-03-28T08:24:22.260Z,15.409,-91.949,179.1,4.4,mb,,,,1,us,usp00054yn,2014-11-07T00:50:19.642Z,"0 km NW of Cuilco, Guatemala",earthquake,,,,9,reviewed,us,us
1992-03-20T17:16:24.340Z,13.719,-90.851,61.1,5.4,mw,,,,1.4,us,usp00054jx,2025-12-19T23:00:48.518Z,"23 km S of Puerto San José, Guatemala",earthquake,,,,,reviewed,us,hrv
1992-03-18T04:49:34.120Z,14.954,-91.768,165.2,4.1,mb,,,,1.3,us,usp00054ee,2014-11-07T00:50:17.030Z,"1 km SSW of San Pedro Sacatepéquez, Guatemala",earthquake,,9.1,,3,reviewed,us,us
1992-03-15T09:57:48.900Z,13.747,-92.103,33,4.6,mb,,,,0.9,us,usp000549u,2014-11-07T00:50:16.053Z,"63 km SSW of Champerico, Guatemala",earthquake,,,,10,reviewed,us,us
1992-02-28T11:54:46.420Z,13.82,-92.195,33.6,4.6,ms,,,,0.9,us,usp00053m4,2014-11-07T00:50:08.724Z,"60 km SSW of Champerico, Guatemala",earthquake,,9.4,,2,reviewed,us,us
1992-02-22T00:43:01.790Z,14.051,-92.094,72.6,4.6,mb,,,,0.9,us,usp00053cb,2014-11-07T00:50:07.541Z,"33 km SW of Champerico, Guatemala",earthquake,,4.4,,31,reviewed,us,us
1992-02-21T22:09:55.040Z,13.969,-92.216,55,5.8,mw,,,,1.1,us,usp00053c2,2024-01-17T20:45:26.334Z,"48 km SW of Champerico, Guatemala",earthquake,,4.9,,,reviewed,us,hrv
1992-02-15T18:47:55.560Z,16.087,-88.506,33,4.5,mb,,,,1.2,us,usp000534c,2014-11-07T00:50:06.150Z,"32 km E of Punta Gorda, Belize",earthquake,,,,8,reviewed,us,us
1992-02-13T16:58:05.850Z,13.712,-90.21,91,3.8,mb,,,,0.8,us,usp000530v,2014-11-07T00:50:05.782Z,"25 km SW of San Francisco Menéndez, El Salvador",earthquake,,12.9,,1,reviewed,us,us
1992-02-12T22:53:26.430Z,13.731,-89.161,71.3,4.4,mb,,,,1.2,us,usp00052zv,2014-11-07T00:50:05.594Z,"1 km NE of Delgado, El Salvador",earthquake,,8,,1,reviewed,us,us
1992-02-11T06:44:19.310Z,14.244,-90.639,72.5,4.2,mb,,,,1.3,us,usp00052x1,2014-11-07T00:50:05.297Z,"2 km NNE of Guanagazapa, Guatemala",earthquake,,34.1,,5,reviewed,us,us
1992-02-09T21:38:42.730Z,13.808,-90.612,84.5,4.4,mb,,,,1.2,us,usp00052uz,2014-11-07T00:50:05.003Z,"17 km SE of Iztapa, Guatemala",earthquake,,4.9,,9,reviewed,us,us
1992-01-21T12:54:14.760Z,14.03,-91.038,63,4.3,mb,,,,1.2,us,usp000521f,2014-11-07T00:49:55.845Z,"6 km SSE of La Gomera, Guatemala",earthquake,,14,,8,reviewed,us,us
1991-10-30T17:55:08.550Z,13.571,-90.437,33,4.7,mb,,,,1.1,us,usp0004yms,2014-11-07T00:49:28.470Z,"49 km SE of Iztapa, Guatemala",earthquake,,,,11,reviewed,us,us
1991-10-30T17:46:44.510Z,13.579,-90.485,33,4.9,mb,,,,1,us,usp0004ymr,2014-11-07T00:49:28.465Z,"45 km SSE of Iztapa, Guatemala",earthquake,,,,16,reviewed,us,us
1991-10-26T17:08:20.220Z,13.911,-91,33,4.2,mb,,,,1.1,us,usp0004ye6,2014-11-07T00:49:27.749Z,"19 km W of Puerto San José, Guatemala",earthquake,,,,4,reviewed,us,us
1991-10-14T15:46:46.910Z,14.282,-90.8,31.5,4.4,mb,,,,1.2,us,usp0004xtp,2014-11-07T00:49:23.890Z,"Guatemala",earthquake,,13.6,,1,reviewed,us,us
1991-10-02T15:37:28.180Z,15.181,-90.323,33,4.4,mb,,,,1.3,us,usp0004xaa,2014-11-07T00:49:20.854Z,"8 km N of Salamá, Guatemala",earthquake,,,,1,reviewed,us,us
1991-09-23T07:37:11.330Z,13.923,-90.95,33,4.3,mb,,,,1.4,us,usp0004wyf,2014-11-07T00:49:16.978Z,"near the coast of Guatemala",earthquake,,,,2,reviewed,us,us
1991-09-19T02:55:42.170Z,13.511,-92.138,36.2,4.9,mb,,,,1.1,us,usp0004wsw,2014-11-07T00:49:15.869Z,"89 km SSW of Champerico, Guatemala",earthquake,,6.7,,30,reviewed,us,us
1991-09-18T23:34:47.930Z,14.568,-90.953,5,4.7,mb,,,,1.3,us,usp0004wsp,2014-11-07T00:49:15.818Z,"1 km NW of Acatenango, Guatemala",earthquake,,,,10,reviewed,us,us
1991-09-18T12:28:24.100Z,14.34,-91.371,77.1,4.4,mb,,,,1.6,us,usp0004ws2,2014-11-07T00:49:15.769Z,"6 km N of Tiquisate, Guatemala",earthquake,,25.8,,2,reviewed,us,us
1991-09-18T09:48:13.110Z,14.646,-90.986,5,6.2,mw,,,,1.3,us,usp0004wrv,2022-04-28T19:04:12.064Z,"4 km SE of Patzún, Guatemala",earthquake,,,,,reviewed,us,hrv
1991-09-16T03:07:09.380Z,13.595,-89.152,168.1,4.1,mb,,,,1.1,us,usp0004wpj,2014-11-07T00:49:15.395Z,"3 km ESE of Panchimalco, El Salvador",earthquake,,32.9,,4,reviewed,us,us
1991-08-23T15:32:11.870Z,15.372,-91.844,182.1,4,mb,,,,1.2,us,usp0004vrm,2014-11-07T00:49:07.335Z,"9 km WSW of Ixtahuacán, Guatemala",earthquake,,9,,1,reviewed,us,us
1991-08-19T06:32:04.190Z,15.947,-92.473,208.4,4.3,mb,,,,1.3,us,usp0004vka,2014-11-07T00:49:06.795Z,"2 km SSE of Rizo de Oro, Mexico",earthquake,,7.8,,4,reviewed,us,us
1991-08-19T05:23:56.640Z,14.101,-90.672,33,4.3,mb,,,,0.8,us,usp0004vk7,2014-11-07T00:49:06.763Z,"Guatemala",earthquake,,,,1,reviewed,us,us
1991-08-14T19:28:41.420Z,13.586,-91.733,33,4.9,mb,,,,1.3,us,usp0004vbx,2014-11-07T00:49:05.367Z,"80 km SSE of Champerico, Guatemala",earthquake,,,,6,reviewed,us,us
1991-07-22T20:50:47.090Z,15.53,-92.229,127.6,4.7,mb,,,,0.9,us,usp0004ugn,2014-11-07T00:48:56.880Z,"2 km N of La Grandeza, Mexico",earthquake,,6.3,,22,reviewed,us,us
1991-07-12T05:14:35.920Z,14.012,-90.063,82.5,4.6,mb,,,,1,us,usp0004u1d,2014-11-07T00:48:54.202Z,"3 km SSE of Moyuta, Guatemala",earthquake,,,,16,reviewed,us,us
1991-06-30T22:08:12.360Z,14.092,-91.346,75.5,4.1,mb,,,,1.5,us,usp0004tme,2014-11-07T00:48:47.965Z,"12 km SSW of Nueva Concepción, Guatemala",earthquake,,24.8,,3,reviewed,us,us
1991-06-23T13:31:34.720Z,13.516,-88.38,141.8,4.3,mb,,,,1.3,us,usp0004tah,2014-11-07T00:48:46.860Z,"0 km ESE of Jucuapa, El Salvador",earthquake,,23.7,,2,reviewed,us,us
1991-05-15T16:02:43.410Z,13.644,-91.518,33,4.5,mb,,,,1.3,us,usp0004rps,2014-11-07T00:48:35.502Z,"65 km SSW of Nueva Concepción, Guatemala",earthquake,,,,7,reviewed,us,us
1991-04-25T04:39:34.280Z,13.858,-92.035,33,3.9,mb,,,,1.1,us,usp0004qt1,2014-11-07T00:48:27.220Z,"49 km SSW of Champerico, Guatemala",earthquake,,,,2,reviewed,us,us
1991-04-23T06:34:05.970Z,14.002,-91.652,68.6,5.8,mw,,,,1,us,usp0004qqa,2022-04-28T19:18:53.672Z,"Guatemala",earthquake,,3,,,reviewed,us,hrv
1991-04-09T18:28:40.200Z,13.586,-90.707,33,3.6,mb,,,,0.9,us,usp0004q4s,2014-11-07T00:48:20.750Z,"38 km S of Iztapa, Guatemala",earthquake,,,,1,reviewed,us,us
1991-04-09T09:07:52.170Z,15.88,-92.107,219.2,4.7,mb,,,,1.1,us,usp0004q48,2014-11-07T00:48:20.703Z,"2 km ESE of Sinaloa, Mexico",earthquake,,,,16,reviewed,us,us
1991-04-06T00:02:09.050Z,13.918,-90.47,33,4.9,mb,,,,1.1,us,usp0004q04,2014-11-07T00:48:19.907Z,"16 km S of Taxisco, Guatemala",earthquake,,,,3,reviewed,us,us
1991-03-28T19:01:27.070Z,14.152,-91.199,44.4,4.4,mb,,,,1,us,usp0004pp8,2014-11-07T00:48:14.977Z,"12 km ESE of Nueva Concepción, Guatemala",earthquake,,24,,3,reviewed,us,us
1991-03-24T06:59:22.110Z,15.674,-92.019,252.4,3.8,mb,,,,1.2,us,usp0004pf7,2014-11-07T00:48:13.831Z,"1 km S of Paso Hondo, Mexico",earthquake,,15,,1,reviewed,us,us
1991-03-21T13:53:48.630Z,15.728,-92.412,199.7,3.3,mb,,,,1.2,us,usp0004pbe,2014-11-07T00:48:13.393Z,"12 km WNW of Piedra Labrada, Mexico",earthquake,,13.5,,1,reviewed,us,us
1991-03-02T04:12:41.330Z,14.008,-91.382,74.6,4.4,mb,,,,1.3,us,usp0004nka,2014-11-07T00:48:08.697Z,"23 km SSW of Nueva Concepción, Guatemala",earthquake,,5.2,,4,reviewed,us,us
1991-03-02T03:32:11.930Z,14.407,-89.785,261.2,4.5,mb,,,,1,us,usp0004nk7,2014-11-07T00:48:08.637Z,"6 km SW of Santa Catarina Mita, Guatemala",earthquake,,,,37,reviewed,us,us
1991-02-22T08:17:03.020Z,17.011,-91.211,33,3.6,mb,,,,1.1,us,usp0004n90,2014-11-07T00:48:04.419Z,"12 km E of Nuevo Francisco León, Mexico",earthquake,,,,1,reviewed,us,us
1991-02-18T05:55:50.770Z,15.416,-91.753,188.2,4.6,mb,,,,1.3,us,usp0004n2k,2014-11-07T00:48:01.278Z,"1 km E of Ixtahuacán, Guatemala",earthquake,,,,37,reviewed,us,us
1991-01-16T06:04:55.310Z,13.783,-90.687,69.1,5.5,mw,,,,1.3,us,usp0004krp,2022-04-28T19:26:52.269Z,"16 km S of Iztapa, Guatemala",earthquake,,,,,reviewed,us,hrv
1990-12-18T06:49:29.920Z,14.11,-90.419,224.6,3.7,mb,,,,0.7,us,usp0004j9q,2014-11-07T00:47:37.796Z,"3 km N of Guazacapán, Guatemala",earthquake,,29.4,,2,reviewed,us,us
1990-12-05T23:36:15.660Z,14.153,-91.851,33,4.8,mb,,,,0.8,us,usp0004hsq,2014-11-07T00:47:34.498Z,"16 km SSE of Champerico, Guatemala",earthquake,,,,17,reviewed,us,us
1990-12-01T10:33:06.710Z,13.509,-89.851,85.8,3.8,mb,,,,0.7,us,usp0004hmz,2014-11-07T00:47:31.447Z,"9 km SSW of Acajutla, El Salvador",earthquake,,11.4,,2,reviewed,us,us
1990-11-15T06:40:25.600Z,14.692,-91.915,33,3.7,mb,,,,1.6,us,usp0004gyu,2014-11-07T00:47:26.944Z,"5 km WSW of Coatepeque, Guatemala",earthquake,,,,1,reviewed,us,us
1990-10-28T01:18:35.630Z,14.254,-90.038,184.6,4.5,mb,,,,0.9,us,usp0004g89,2014-11-07T00:47:19.199Z,"1 km S of Quesada, Guatemala",earthquake,,32.9,,2,reviewed,us,us
1990-10-25T09:33:14.590Z,14.1,-92.323,58.7,4.6,mb,,,,1.2,us,usp0004g4z,2014-11-07T00:47:18.342Z,"47 km SSW of Ocós, Guatemala",earthquake,,11,,15,reviewed,us,us
1990-09-22T02:49:54.320Z,13.706,-90.778,94.4,4.1,mb,,,,0.9,us,usp0004eye,2014-11-07T00:47:07.808Z,"24 km S of Puerto San José, Guatemala",earthquake,,14.3,,2,reviewed,us,us
1990-09-15T08:45:55.000Z,13.764,-90.686,85.9,4.7,mb,,,,1.1,us,usp0004erh,2014-11-07T00:47:07.086Z,"18 km S of Iztapa, Guatemala",earthquake,,5.5,,4,reviewed,us,us
1990-09-13T03:26:09.780Z,13.81,-90.622,33,4,mb,,,,1.3,us,usp0004eng,2014-11-07T00:47:06.785Z,"16 km SE of Iztapa, Guatemala",earthquake,,,,5,reviewed,us,us
1990-09-12T06:06:59.240Z,14.819,-91.479,33,4.4,mb,,,,1,us,usp0004ema,2014-11-07T00:47:06.637Z,"1 km ENE of Almolonga, Guatemala",earthquake,,,,2,reviewed,us,us
1990-09-05T02:24:58.380Z,13.773,-89.843,33,4.1,mb,,,,1.2,us,usp0004eay,2014-11-07T00:47:04.895Z,"2 km SE of Jujutla, El Salvador",earthquake,,,,1,reviewed,us,us
1990-08-25T06:12:38.740Z,13.854,-90.659,83.6,4.3,mb,,,,1.2,us,usp0004dvc,2014-11-07T00:46:59.245Z,"10 km SSE of Iztapa, Guatemala",earthquake,,7.6,,4,reviewed,us,us
1990-08-10T08:08:57.400Z,14.897,-92.407,99.4,4.1,mb,,,,1.2,us,usp0004d6f,2014-11-07T00:46:55.572Z,"4 km SW of Álvaro Obregón, Mexico",earthquake,,8.8,,3,reviewed,us,us
1990-08-05T12:19:46.160Z,13.88,-91.543,64.9,4.3,mb,,,,1.3,us,usp0004czx,2014-11-07T00:46:54.729Z,"44 km SW of Nueva Concepción, Guatemala",earthquake,,,,10,reviewed,us,us
1990-07-31T09:55:16.540Z,14.23,-91.081,93.1,4.5,mb,,,,1.1,us,usp0004cs7,2014-11-07T00:46:47.868Z,"13 km SSW of Santa Lucía Cotzumalguapa, Guatemala",earthquake,,5.3,,10,reviewed,us,us
1990-07-20T18:28:35.250Z,16.012,-92.394,135.5,4.3,mb,,,,1.3,us,usp0004c9t,2014-11-07T00:46:44.416Z,"10 km ENE of Rizo de Oro, Mexico",earthquake,,,,25,reviewed,us,us
1990-07-16T05:56:35.060Z,13.949,-91.097,68.1,4.3,mb,,,,1.2,us,usp0004bxj,2014-11-07T00:46:41.711Z,"15 km SSW of La Gomera, Guatemala",earthquake,,,,5,reviewed,us,us
1990-07-09T06:58:47.520Z,15.218,-91.689,184,4.4,mb,,,,1.1,us,usp0004bka,2014-11-07T00:46:39.717Z,"5 km W of Sipacapa, Guatemala",earthquake,,5.6,,8,reviewed,us,us
1990-06-11T08:20:12.930Z,14.116,-90.234,194.1,4.2,mb,,,,1.3,us,usp0004acq,2014-11-07T00:46:30.913Z,"5 km NE of San Juan Tecuaco, Guatemala",earthquake,,11.7,,9,reviewed,us,us
1990-05-18T06:32:11.580Z,13.546,-90.435,33,4,mb,,,,0.5,us,usp00049ff,2014-11-07T00:46:22.722Z,"52 km SE of Iztapa, Guatemala",earthquake,,,,3,reviewed,us,us
1990-05-01T11:44:34.440Z,14.056,-91.69,41,5.8,mw,,,,1.2,us,usp00048qa,2022-04-28T19:48:16.914Z,"35 km SE of Champerico, Guatemala",earthquake,,7.1,,,reviewed,us,hrv
1990-04-25T07:47:59.030Z,14.772,-92.442,115.5,3.5,mb,,,,0.4,us,usp00048f5,2014-11-07T00:46:11.796Z,"5 km NW of El Encanto, Mexico",earthquake,,11.3,,1,reviewed,us,us
1990-03-19T23:55:49.180Z,15.275,-91.879,144.6,4.5,mb,,,,1.2,us,usp00046ue,2014-11-07T00:45:57.601Z,"5 km NW of Concepción Tutuapa, Guatemala",earthquake,,,,13,reviewed,us,us
1990-03-13T04:57:21.010Z,15.579,-92.406,180.4,4,mb,,,,1.1,us,usp00046hr,2014-11-07T00:45:55.422Z,"9 km WNW of Siltepec, Mexico",earthquake,,9.3,,1,reviewed,us,us
1990-02-20T16:29:52.170Z,15.371,-92.099,33,4.8,mb,,,,1,us,usp00045pt,2014-11-07T00:45:47.123Z,"7 km SSE of Amatenango de la Frontera, Mexico",earthquake,,,,2,reviewed,us,us
1990-02-13T02:51:40.350Z,13.744,-90.601,33,4.8,mb,,,,1,us,usp00045dc,2014-11-07T00:45:43.255Z,"23 km SSE of Iztapa, Guatemala",earthquake,,,,13,reviewed,us,us
1990-02-08T02:45:25.460Z,13.551,-90.035,97.9,4.8,mb,,,,1.1,us,usp000456a,2014-11-07T00:45:40.750Z,"22 km WSW of Acajutla, El Salvador",earthquake,,7.9,,29,reviewed,us,us
1990-02-01T23:25:53.840Z,13.641,-91.861,10,4.2,mb,,,,1.5,us,usp00044z5,2014-11-07T00:45:38.497Z,"72 km S of Champerico, Guatemala",earthquake,,,,1,reviewed,us,us
1990-01-21T10:42:58.330Z,15.561,-91.579,212.5,4.5,mb,,,,0.9,us,usp00044j3,2014-11-07T00:45:33.924Z,"6 km NNE of Todos Santos Cuchumatán, Guatemala",earthquake,,5,,34,reviewed,us,us
1989-12-26T14:23:21.220Z,15.459,-92.383,33,4.7,mb,,,,1.3,us,usp00043kf,2014-11-07T00:45:23.940Z,"10 km SW of Vega del Rosario, Mexico",earthquake,,,,1,reviewed,us,us
1989-12-16T19:36:06.890Z,13.644,-91.88,33,4.6,mb,,,,1.5,us,usp000435u,2014-11-07T00:45:21.943Z,"71 km S of Champerico, Guatemala",earthquake,,,,2,reviewed,us,us
1989-12-01T11:36:23.570Z,14.014,-92.066,57.8,4.5,mb,,,,1.3,us,usp00042mc,2014-11-07T00:45:17.122Z,"35 km SSW of Champerico, Guatemala",earthquake,,26.2,,1,reviewed,us,us
1989-11-30T04:32:36.050Z,14.944,-92.468,81.9,4.7,mb,,,,0.9,us,usp00042jw,2014-11-07T00:45:14.868Z,"3 km NW of Marte R. Gómez, Mexico",earthquake,,4,,10,reviewed,us,us
1989-11-23T21:28:11.900Z,14.075,-91.703,61,4.5,mb,,,,1.2,us,usp00042bu,2014-11-07T00:45:13.961Z,"33 km SE of Champerico, Guatemala",earthquake,,7.8,,5,reviewed,us,us
1989-09-21T06:41:20.720Z,14.1,-92.251,54.2,4,mb,,,,1,us,usp0003zux,2014-11-07T00:44:53.501Z,"42 km WSW of Champerico, Guatemala",earthquake,,6.8,,5,reviewed,us,us
1989-09-17T14:51:01.670Z,14.064,-91.915,53.9,4.6,mb,,,,1.1,us,usp0003zpx,2014-11-07T00:44:52.900Z,"25 km S of Champerico, Guatemala",earthquake,,6.7,,5,reviewed,us,us
1989-09-02T20:48:12.450Z,13.545,-90.632,69.2,4.5,mb,,,,1.3,us,usp0003z5n,2014-11-07T00:44:48.924Z,"43 km S of Iztapa, Guatemala",earthquake,,7.4,,2,reviewed,us,us
1989-08-08T17:47:23.260Z,13.808,-89.446,185.8,4,mb,,,,0.7,us,usp0003y82,2014-11-07T00:44:41.030Z,"3 km S of Ciudad Arce, El Salvador",earthquake,,4.1,,5,reviewed,us,us
1989-08-07T12:11:00.920Z,14.34,-90.524,139.3,4.4,mb,,,,0.9,us,usp0003y6h,2014-11-07T00:44:40.890Z,"13 km NNW of Pueblo Nuevo Viñas, Guatemala",earthquake,,4,,1,reviewed,us,us
1989-08-07T05:29:52.440Z,13.631,-90.759,54.2,4.5,mb,,,,1.1,us,usp0003y62,2014-11-07T00:44:40.844Z,"33 km SSE of Puerto San José, Guatemala",earthquake,,,,4,reviewed,us,us
1989-08-02T03:17:07.460Z,13.831,-90.556,89.7,4.5,mb,,,,1.1,us,usp0003xyb,2014-11-07T00:44:38.328Z,"19 km SE of Iztapa, Guatemala",earthquake,,3.6,,2,reviewed,us,us
1989-07-28T08:18:54.920Z,14.081,-90.86,33,4.6,mb,,,,1.4,us,usp0003xsh,2014-11-07T00:44:35.173Z,"13 km S of Masagua, Guatemala",earthquake,,,,1,reviewed,us,us
1989-07-26T17:26:34.500Z,14.178,-91.893,66.8,4.5,mb,,,,1,us,usp0003xqq,2014-11-07T00:44:34.656Z,"12 km S of Champerico, Guatemala",earthquake,,5.3,,4,reviewed,us,us
1989-07-26T16:13:10.890Z,14.239,-91.747,61.9,4.8,mb,,,,1.2,us,usp0003xqn,2014-11-07T00:44:34.646Z,"18 km ESE of Champerico, Guatemala",earthquake,,,,7,reviewed,us,us
1989-07-26T16:08:45.390Z,14.427,-91.416,61.5,5.4,mw,,,,1.3,us,usp0003xqm,2025-12-19T21:05:00.531Z,"2 km SSE of San José El Ídolo, Guatemala",earthquake,,,,,reviewed,us,hrv
1989-07-26T14:05:03.800Z,14.788,-91.942,77.8,4.8,mb,,,,1.4,us,usp0003xqj,2014-11-07T00:44:34.623Z,"2 km W of Nuevo Progreso, Guatemala",earthquake,,,,22,reviewed,us,us
1989-06-29T12:38:37.170Z,14.04,-91.564,62.4,5.1,mb,,,,1.3,us,usp0003wsq,2014-11-07T00:44:24.870Z,"33 km WSW of Nueva Concepción, Guatemala",earthquake,,,,11,reviewed,us,us
1989-06-29T06:51:38.720Z,15.772,-89.966,6.7,4.9,mb,,,,1,us,usp0003wsf,2014-11-07T00:44:24.738Z,"22 km N of Lanquín, Guatemala",earthquake,,3.6,,19,reviewed,us,us
1989-06-23T09:02:51.970Z,14.251,-91.177,94.6,4.3,mb,,,,1.4,us,usp0003wj3,2014-11-07T00:44:23.847Z,"14 km ENE of Nueva Concepción, Guatemala",earthquake,,15.9,,8,reviewed,us,us
1989-06-09T10:27:37.040Z,13.735,-92.451,33,4.3,mb,,,,1.4,us,usp0003w41,2014-11-07T00:44:21.769Z,"84 km SW of Champerico, Guatemala",earthquake,,,,3,reviewed,us,us
1989-06-08T08:38:39.270Z,13.798,-91.736,33,4.3,mb,,,,1,us,usp0003w2z,2014-11-07T00:44:21.572Z,"58 km SSE of Champerico, Guatemala",earthquake,,,,9,reviewed,us,us
1989-05-29T21:49:19.410Z,15.788,-89.948,24.4,5,mb,,,,1,us,usp0003vss,2014-11-07T00:44:15.477Z,"24 km N of Lanquín, Guatemala",earthquake,,4.4,,25,reviewed,us,us
1989-05-25T21:36:21.270Z,13.968,-91.804,69.2,5.4,mw,,,,0.9,us,usp0003vnd,2022-04-28T20:18:55.003Z,"37 km SSE of Champerico, Guatemala",earthquake,,3.2,,,reviewed,us,hrv
1989-05-25T18:52:26.520Z,13.998,-91.9,68.1,4.8,mb,,,,1.1,us,usp0003vn6,2014-11-07T00:44:14.685Z,"32 km S of Champerico, Guatemala",earthquake,,6,,9,reviewed,us,us
1989-03-13T09:41:11.780Z,14.19,-92.064,45.3,4.8,mb,,,,1.2,us,usp0003swg,2014-11-07T00:43:48.883Z,"19 km SW of Champerico, Guatemala",earthquake,,5.5,,10,reviewed,us,us
1989-02-05T23:34:53.220Z,14.572,-92.085,70.6,3.8,mb,,,,1.3,us,usp0003rkm,2014-11-07T00:43:34.050Z,"11 km E of La Libertad, Mexico",earthquake,,7.5,,1,reviewed,us,us
1988-12-26T09:07:58.100Z,13.951,-91.887,54.8,4.7,mb,,,,1,us,usp0003q6v,2014-11-07T00:43:19.235Z,"37 km S of Champerico, Guatemala",earthquake,,4.3,,11,reviewed,us,us
1988-12-16T09:17:04.860Z,13.968,-90.855,70.1,5.8,mw,,,,1.4,us,usp0003pwk,2022-04-28T20:29:10.566Z,"5 km NW of Puerto San José, Guatemala",earthquake,,3.2,,,reviewed,us,hrv
1988-12-05T01:16:45.680Z,15.243,-92.11,167.6,4.1,mb,,,,1.2,us,usp0003phs,2014-11-07T00:43:15.180Z,"4 km W of Tacaná, Guatemala",earthquake,,,,4,reviewed,us,us
1988-11-16T05:28:19.920Z,14.146,-91.106,76.3,4.9,mb,,,,1.3,us,usp0003nwq,2014-11-07T00:43:06.491Z,"9 km NW of La Gomera, Guatemala",earthquake,,3.2,,26,reviewed,us,us
1988-11-04T02:43:11.350Z,13.836,-90.645,67.5,5.7,mw,,,,1.2,us,usp0003nh4,2022-04-28T20:30:11.772Z,"12 km SSE of Iztapa, Guatemala",earthquake,,,,,reviewed,us,hrv
1988-11-03T15:17:02.510Z,13.742,-90.774,70.2,5,mb,,,,1.2,us,usp0003ng6,2014-11-07T00:43:03.559Z,"21 km SSE of Puerto San José, Guatemala",earthquake,,,,5,reviewed,us,us
1988-11-03T14:47:10.780Z,13.881,-90.45,68.5,6.6,mw,,,,1.1,us,usp0003ng5,2022-04-28T20:30:08.075Z,"20 km S of Taxisco, Guatemala",earthquake,,,,,reviewed,us,hrv
1988-10-19T20:44:56.260Z,14.076,-91.944,48.4,4.7,mb,,,,1.2,us,usp0003mzd,2014-11-07T00:42:58.709Z,"24 km S of Champerico, Guatemala",earthquake,,10.4,,17,reviewed,us,us
1988-10-15T10:13:26.810Z,14.683,-90.875,33,4.8,mb,,,,1.5,us,usp0003mum,2022-04-28T20:33:35.576Z,"4 km NNE of Zaragoza, Guatemala",earthquake,,,,11,reviewed,us,us
1988-10-15T08:02:56.980Z,14.632,-90.828,42.1,4.6,mb,,,,1.3,us,usp0003muh,2014-11-07T00:42:58.022Z,"1 km ENE of San Andrés Itzapa, Guatemala",earthquake,,16.1,,11,reviewed,us,us
1988-10-09T19:03:33.090Z,14.697,-92.149,84.3,4.5,mb,,,,1.3,us,usp0003mp5,2014-11-07T00:42:57.129Z,"2 km N of Ciudad Hidalgo, Mexico",earthquake,,8.5,,8,reviewed,us,us
1988-09-24T06:41:14.620Z,13.922,-91.407,33,4.6,mb,,,,1,us,usp0003m7r,2014-11-07T00:42:50.375Z,"32 km SSW of Nueva Concepción, Guatemala",earthquake,,,,9,reviewed,us,us
1988-09-19T16:54:19.960Z,13.901,-91.599,27.5,4.4,mb,,,,1.3,us,usp0003m3m,2014-11-07T00:42:49.834Z,"46 km SW of Nueva Concepción, Guatemala",earthquake,,5.4,,6,reviewed,us,us
1988-09-18T07:47:24.670Z,13.539,-91.857,33,4.3,mb,,,,1.3,us,usp0003m2c,2014-11-07T00:42:49.724Z,"83 km S of Champerico, Guatemala",earthquake,,,,2,reviewed,us,us
1988-09-16T14:46:53.000Z,13.852,-91.617,45.2,4.4,mb,,,,1.2,us,usp0003m12,2014-11-07T00:42:49.581Z,"51 km SW of Nueva Concepción, Guatemala",earthquake,,9.1,,3,reviewed,us,us
1988-09-16T08:11:56.080Z,13.926,-91.547,48.4,5.2,mw,,,,1.2,us,usp0003m0t,2025-12-19T21:09:22.647Z,"40 km SW of Nueva Concepción, Guatemala",earthquake,,4.9,,,reviewed,us,hrv
1988-09-16T06:47:16.560Z,13.859,-91.601,48.5,4.7,mb,,,,1.1,us,usp0003m0n,2014-11-07T00:42:49.543Z,"49 km SW of Nueva Concepción, Guatemala",earthquake,,4.9,,10,reviewed,us,us
1988-09-13T19:45:28.290Z,13.659,-90.85,55.3,5.6,mw,,,,1.3,us,usp0003ky7,2022-04-28T20:35:30.533Z,"29 km S of Puerto San José, Guatemala",earthquake,,4.6,,,reviewed,us,hrv
1988-09-05T06:56:34.030Z,14.237,-90.508,182.3,4.6,mb,,,,0.9,us,usp0003kpk,2014-11-07T00:42:47.319Z,"3 km WNW of Pueblo Nuevo Viñas, Guatemala",earthquake,,6.2,,4,reviewed,us,us
1988-08-12T05:32:45.170Z,14.093,-92.277,65.8,4.8,mb,,,,1,us,usp0003jwk,2014-11-07T00:42:39.974Z,"45 km WSW of Champerico, Guatemala",earthquake,,3.9,,25,reviewed,us,us
1988-07-23T01:33:43.910Z,13.628,-91.917,57.2,4.4,mb,,,,1,us,usp0003j43,2014-11-07T00:42:31.813Z,"73 km S of Champerico, Guatemala",earthquake,,6.9,,11,reviewed,us,us
1988-07-20T09:40:01.400Z,13.721,-91.119,57,4.9,mb,,,,1.2,us,usp0003j11,2014-11-07T00:42:31.520Z,"39 km SW of Puerto San José, Guatemala",earthquake,,4.1,,20,reviewed,us,us
1988-07-20T01:18:50.600Z,14.39,-90.292,193.6,4.7,mb,,,,0.9,us,usp0003j0p,2014-11-07T00:42:31.471Z,"0 km ENE of Santa Rosa de Lima, Guatemala",earthquake,,2.9,,8,reviewed,us,us
1988-07-02T05:47:57.560Z,16.004,-91.301,31.1,4.2,mb,,,,1.3,us,usp0003hhb,2014-11-07T00:42:26.170Z,"14 km S of Santo Domingo de las Palmas, Mexico",earthquake,,8,,3,reviewed,us,us
1988-07-01T07:48:42.350Z,14.306,-92.11,57.5,4.4,mb,,,,1,us,usp0003hg9,2014-11-07T00:42:25.097Z,"21 km W of Champerico, Guatemala",earthquake,,7.6,,5,reviewed,us,us
1988-06-25T16:33:08.600Z,14.557,-90.568,10,3.8,m,,,,0.3,us,usp0003h9w,2014-11-07T00:42:21.625Z,"3 km NNE of Villa Nueva, Guatemala",earthquake,,,,,reviewed,us,gcg
1988-06-18T20:12:27.190Z,13.605,-91.239,51.2,5,mb,,,,1.3,us,usp0003h30,2014-11-07T00:42:19.898Z,"56 km SSW of La Gomera, Guatemala",earthquake,,4.9,,22,reviewed,us,us
1988-06-18T18:42:03.380Z,13.603,-91.113,59.2,5.7,mw,,,,1.2,us,usp0003h2w,2022-04-28T20:44:41.904Z,"47 km SW of Puerto San José, Guatemala",earthquake,,3.6,,,reviewed,us,hrv
1988-06-07T01:41:01.910Z,14.556,-90.537,7.7,4.2,mb,,,,0.9,us,usp0003gss,2014-11-07T00:42:17.915Z,"Guatemala",earthquake,,3.5,,3,reviewed,us,us
1988-05-30T00:58:17.540Z,14.501,-90.505,10,2.9,m,,,,0.6,us,usp0003gh3,2014-11-07T00:42:11.994Z,"3 km ENE of Villa Canales, Guatemala",earthquake,,,,,reviewed,us,gcg
1988-05-25T23:45:21.650Z,14.555,-90.552,10,2.8,m,,,,0.4,us,usp0003gd2,2014-11-07T00:42:11.598Z,"4 km NE of Villa Nueva, Guatemala",earthquake,,,,,reviewed,us,gcg
1988-05-25T22:34:54.180Z,14.544,-90.541,10,2.6,m,,,,0.2,us,usp0003gcz,2014-11-07T00:42:11.592Z,"5 km NNE of Petapa, Guatemala",earthquake,,,,,reviewed,us,gcg
1988-05-25T22:19:38.350Z,14.52,-90.569,10,3.1,m,,,,1.5,us,usp0003gcy,2014-11-07T00:42:11.590Z,"1 km ESE of Villa Nueva, Guatemala",earthquake,,,,,reviewed,us,gcg
1988-05-25T15:17:10.990Z,14.561,-90.562,10,2.8,m,,,,0.2,us,usp0003gcm,2014-11-07T00:42:11.506Z,"4 km NNE of Villa Nueva, Guatemala",earthquake,,,,,reviewed,us,gcg
1988-05-25T01:30:05.410Z,14.576,-90.548,10,2.5,m,,,,0.2,us,usp0003gbt,2014-11-07T00:42:11.406Z,"5 km W of Santa Catarina Pinula, Guatemala",earthquake,,,,,reviewed,us,gcg
1988-05-24T04:18:48.580Z,14.561,-90.534,10,2.7,m,,,,0.7,us,usp0003gah,2014-11-07T00:42:11.305Z,"3 km WSW of Santa Catarina Pinula, Guatemala",earthquake,,,,,reviewed,us,gcg
1988-05-23T21:54:34.490Z,14.58,-90.549,10,2.5,m,,,,0.4,us,usp0003gab,2014-11-07T00:42:11.285Z,"5 km W of Santa Catarina Pinula, Guatemala",earthquake,,,,,reviewed,us,gcg
1988-05-23T21:52:37.470Z,14.544,-90.511,10,3.2,m,,,,1.5,us,usp0003gaa,2014-11-07T00:42:11.283Z,"3 km SSW of Santa Catarina Pinula, Guatemala",earthquake,,,,,reviewed,us,gcg
1988-05-23T17:35:53.350Z,14.535,-90.547,10,2.6,m,,,,0.3,us,usp0003ga5,2014-11-07T00:42:11.267Z,"4 km NNE of Petapa, Guatemala",earthquake,,,,,reviewed,us,gcg
1988-05-23T17:21:28.860Z,14.562,-90.546,10,3,m,,,,0.4,us,usp0003ga4,2014-11-07T00:42:11.265Z,"5 km W of Santa Catarina Pinula, Guatemala",earthquake,,,,,reviewed,us,gcg
1988-05-23T15:01:16.780Z,14.531,-90.549,10,3,m,,,,0.4,us,usp0003g9z,2014-11-07T00:42:11.255Z,"3 km NNE of Petapa, Guatemala",earthquake,,,,,reviewed,us,gcg
1988-05-23T09:11:09.620Z,14.542,-90.546,10,2.9,m,,,,0.6,us,usp0003g9s,2014-11-07T00:42:11.239Z,"4 km ENE of Villa Nueva, Guatemala",earthquake,,,,,reviewed,us,gcg
1988-05-23T09:05:02.800Z,14.539,-90.56,10,3.4,m,,,,0.4,us,usp0003g9r,2014-11-07T00:42:11.237Z,"3 km ENE of Villa Nueva, Guatemala",earthquake,,,,,reviewed,us,gcg
1988-05-23T06:38:38.360Z,14.513,-90.575,10,3.1,m,,,,1.3,us,usp0003g9j,2014-11-07T00:42:11.224Z,"1 km SE of Villa Nueva, Guatemala",earthquake,,,,,reviewed,us,gcg
1988-05-23T06:14:26.560Z,14.549,-90.564,10,2.7,m,,,,0.3,us,usp0003g9g,2014-11-07T00:42:11.221Z,"3 km NE of Villa Nueva, Guatemala",earthquake,,,,,reviewed,us,gcg
1988-05-23T05:43:19.310Z,14.54,-90.545,10,2.9,m,,,,0.5,us,usp0003g9b,2014-11-07T00:42:11.214Z,"4 km NNE of Petapa, Guatemala",earthquake,,,,,reviewed,us,gcg
1988-05-23T03:13:12.510Z,14.53,-90.578,10,2.7,m,,,,0.4,us,usp0003g98,2014-11-07T00:42:11.208Z,"0 km NE of Villa Nueva, Guatemala",earthquake,,,,,reviewed,us,gcg
1988-05-23T02:12:51.420Z,14.537,-90.54,10,2.7,m,,,,1.3,us,usp0003g95,2014-11-07T00:42:11.202Z,"4 km NNE of Petapa, Guatemala",earthquake,,,,,reviewed,us,gcg
1988-05-23T02:10:14.340Z,14.538,-90.563,10,3.3,m,,,,0.3,us,usp0003g94,2014-11-07T00:42:11.201Z,"2 km ENE of Villa Nueva, Guatemala",earthquake,,,,,reviewed,us,gcg
1988-05-23T01:33:06.440Z,14.55,-90.551,10,3.2,m,,,,0.3,us,usp0003g93,2014-11-07T00:42:11.199Z,"4 km NE of Villa Nueva, Guatemala",earthquake,,,,,reviewed,us,gcg
1988-05-23T00:00:12.930Z,14.56,-90.546,10,2.7,m,,,,0.3,us,usp0003g8z,2014-11-07T00:42:11.176Z,"5 km WSW of Santa Catarina Pinula, Guatemala",earthquake,,,,,reviewed,us,gcg
1988-05-22T23:51:38.750Z,14.698,-90.78,10,2.8,m,,,,1,us,usp0003g8x,2014-11-07T00:42:11.172Z,"5 km NNE of El Tejar, Guatemala",earthquake,,,,,reviewed,us,gcg
1988-05-22T23:41:20.570Z,14.558,-90.559,10,2.5,m,,,,0.2,us,usp0003g8w,2014-11-07T00:42:11.170Z,"4 km NE of Villa Nueva, Guatemala",earthquake,,,,,reviewed,us,gcg
1988-05-22T22:50:39.080Z,14.561,-90.557,10,3.2,m,,,,0.3,us,usp0003g8s,2014-11-07T00:42:11.159Z,"5 km NE of Villa Nueva, Guatemala",earthquake,,,,,reviewed,us,gcg
1988-05-22T22:09:11.120Z,14.57,-90.55,10,2.8,m,,,,0.3,us,usp0003g8p,2014-11-07T00:42:11.150Z,"5 km W of Santa Catarina Pinula, Guatemala",earthquake,,,,,reviewed,us,gcg
1988-05-22T22:08:28.860Z,14.552,-90.554,10,2.6,m,,,,0.2,us,usp0003g8n,2014-11-07T00:42:11.149Z,"4 km NE of Villa Nueva, Guatemala",earthquake,,,,,reviewed,us,gcg
1988-05-22T19:48:04.780Z,14.548,-90.513,10,2.7,m,,,,0.4,us,usp0003g8k,2014-11-07T00:42:11.146Z,"2 km SSW of Santa Catarina Pinula, Guatemala",earthquake,,,,,reviewed,us,gcg
1988-05-22T19:44:48.990Z,14.527,-90.585,16.4,4.6,mb,,,,0.9,us,usp0003g8j,2020-08-28T22:04:03.478Z,"0 km NNE of Villa Nueva, Guatemala",earthquake,,8.5,,9,reviewed,us,us
1988-05-22T19:42:07.300Z,14.527,-90.586,10,4.4,mb,,,,1.3,us,usp0003g8h,2014-11-07T00:42:11.141Z,"0 km NNW of Villa Nueva, Guatemala",earthquake,,,,3,reviewed,us,us
1988-05-22T10:57:17.330Z,14.526,-90.583,10,2.6,m,,,,0,us,usp0003g80,2014-11-07T00:42:11.079Z,"0 km ENE of Villa Nueva, Guatemala",earthquake,,,,,reviewed,us,gcg
1988-05-22T07:17:25.740Z,14.564,-90.56,10,2.5,m,,,,0.2,us,usp0003g7v,2014-11-07T00:42:10.965Z,"5 km NNE of Villa Nueva, Guatemala",earthquake,,,,,reviewed,us,gcg
1988-05-22T07:13:59.260Z,14.586,-90.535,10,2.7,m,,,,0.3,us,usp0003g7u,2014-11-07T00:42:10.963Z,"4 km WNW of Santa Catarina Pinula, Guatemala",earthquake,,,,,reviewed,us,gcg
1988-05-22T07:12:39.920Z,14.561,-90.555,10,3.5,m,,,,0.5,us,usp0003g7s,2014-11-07T00:42:10.936Z,"5 km NE of Villa Nueva, Guatemala",earthquake,,,,,reviewed,us,gcg
1988-05-22T02:43:36.710Z,14.571,-90.545,10,2.5,m,,,,0.1,us,usp0003g7g,2014-11-07T00:42:10.896Z,"4 km W of Santa Catarina Pinula, Guatemala",earthquake,,,,,reviewed,us,gcg
1988-05-21T23:46:35.070Z,14.568,-90.549,10,2.6,m,,,,0.4,us,usp0003g7b,2014-11-07T00:42:10.886Z,"5 km W of Santa Catarina Pinula, Guatemala",earthquake,,,,,reviewed,us,gcg
1988-05-21T23:00:10.010Z,14.567,-90.55,10,2.5,m,,,,0.2,us,usp0003g75,2014-11-07T00:42:10.874Z,"5 km W of Santa Catarina Pinula, Guatemala",earthquake,,,,,reviewed,us,gcg
1988-05-21T22:04:55.760Z,14.558,-90.556,10,3.1,m,,,,0.3,us,usp0003g70,2014-11-07T00:42:10.857Z,"4 km NE of Villa Nueva, Guatemala",earthquake,,,,,reviewed,us,gcg
1988-05-21T18:31:47.600Z,14.582,-90.552,10,3.5,m,,,,0.7,us,usp0003g6m,2014-11-07T00:42:10.823Z,"5 km WNW of Santa Catarina Pinula, Guatemala",earthquake,,,,,reviewed,us,gcg
1988-05-21T18:21:07.400Z,14.569,-90.552,10,3.3,m,,,,0.2,us,usp0003g6k,2014-11-07T00:42:10.821Z,"5 km W of Santa Catarina Pinula, Guatemala",earthquake,,,,,reviewed,us,gcg
1988-05-21T16:20:33.990Z,14.57,-90.564,10,2.7,m,,,,0.3,us,usp0003g6d,2014-11-07T00:42:10.808Z,"5 km NNE of Villa Nueva, Guatemala",earthquake,,,,,reviewed,us,gcg
1988-05-21T16:16:11.200Z,14.579,-90.555,10,3.5,m,,,,0.2,us,usp0003g6c,2014-11-07T00:42:10.806Z,"6 km W of Santa Catarina Pinula, Guatemala",earthquake,,,,,reviewed,us,gcg
1988-05-21T14:48:42.850Z,14.569,-90.549,10,2.6,m,,,,0.2,us,usp0003g62,2014-11-07T00:42:10.718Z,"5 km W of Santa Catarina Pinula, Guatemala",earthquake,,,,,reviewed,us,gcg
1988-05-21T14:25:49.470Z,14.505,-90.601,10,2.6,m,,,,0.2,us,usp0003g5y,2014-11-07T00:42:10.699Z,"2 km SW of Villa Nueva, Guatemala",earthquake,,,,,reviewed,us,gcg
1988-05-21T14:12:53.660Z,14.564,-90.545,10,3.1,m,,,,0.3,us,usp0003g5x,2014-11-07T00:42:10.697Z,"4 km W of Santa Catarina Pinula, Guatemala",earthquake,,,,,reviewed,us,gcg
1988-05-21T14:01:31.890Z,14.56,-90.558,10,3.1,m,,,,0.3,us,usp0003g5w,2014-11-07T00:42:10.696Z,"4 km NE of Villa Nueva, Guatemala",earthquake,,,,,reviewed,us,gcg
1988-05-21T13:12:55.100Z,14.555,-90.537,10,2.9,m,,,,0.5,us,usp0003g5v,2014-11-07T00:42:10.694Z,"4 km WSW of Santa Catarina Pinula, Guatemala",earthquake,,,,,reviewed,us,gcg
1988-05-21T12:28:46.110Z,14.553,-90.551,10,2.8,m,,,,0.3,us,usp0003g5t,2014-11-07T00:42:10.691Z,"4 km NE of Villa Nueva, Guatemala",earthquake,,,,,reviewed,us,gcg
1988-05-21T12:27:46.230Z,14.569,-90.558,10,2.8,m,,,,0.4,us,usp0003g5s,2014-11-07T00:42:10.690Z,"5 km NNE of Villa Nueva, Guatemala",earthquake,,,,,reviewed,us,gcg
1988-05-21T11:26:39.660Z,14.567,-90.556,10,3,m,,,,0.3,us,usp0003g5q,2014-11-07T00:42:10.686Z,"5 km NE of Villa Nueva, Guatemala",earthquake,,,,,reviewed,us,gcg
1988-05-21T11:22:08.090Z,14.528,-90.586,10,2.7,m,,,,0.1,us,usp0003g5n,2014-11-07T00:42:10.683Z,"0 km N of Villa Nueva, Guatemala",earthquake,,,,,reviewed,us,gcg
1988-05-21T10:24:16.700Z,14.547,-90.571,10,2.8,m,,,,0.2,us,usp0003g5j,2014-11-07T00:42:10.680Z,"2 km NNE of Villa Nueva, Guatemala",earthquake,,,,,reviewed,us,gcg
1988-05-21T07:36:46.490Z,14.527,-90.586,10,2.7,m,,,,0.2,us,usp0003g5f,2014-11-07T00:42:10.676Z,"0 km NNW of Villa Nueva, Guatemala",earthquake,,,,,reviewed,us,gcg
1988-05-21T07:11:59.930Z,14.584,-90.539,10,3,m,,,,0.2,us,usp0003g5e,2014-11-07T00:42:10.675Z,"4 km WNW of Santa Catarina Pinula, Guatemala",earthquake,,,,,reviewed,us,gcg
1988-05-20T13:26:39.290Z,14.615,-90.561,33,2.7,m,,,,0.8,us,usp0003g4p,2014-11-07T00:42:10.572Z,"5 km ESE of Mixco, Guatemala",earthquake,,,,,reviewed,us,gcg
1988-05-19T22:28:24.790Z,14.629,-90.518,10,3.7,m,,,,0.3,us,usp0003g3z,2014-11-07T00:42:09.874Z,"1 km SSW of Guatemala City, Guatemala",earthquake,,,,,reviewed,us,gcg
1988-05-07T07:45:34.680Z,14.204,-90.905,165.7,4.4,mb,,,,1,us,usp0003fr4,2014-11-07T00:42:06.337Z,"5 km ESE of La Democracia, Guatemala",earthquake,,6.1,,4,reviewed,us,us
1988-03-21T03:32:38.820Z,13.967,-91.289,68.4,4.5,mb,,,,1.2,us,usp0003e5h,2014-11-07T00:41:49.047Z,"25 km S of Nueva Concepción, Guatemala",earthquake,,5.2,,7,reviewed,us,us
1988-02-18T20:37:45.450Z,13.725,-90.549,83.3,4.2,mb,,,,1,us,usp0003d53,2014-11-07T00:41:40.278Z,"28 km SE of Iztapa, Guatemala",earthquake,,5,,1,reviewed,us,us
1988-02-08T06:16:59.780Z,14.06,-91.956,60.2,4.8,mb,,,,1.1,us,usp0003cuy,2014-11-07T00:41:38.765Z,"26 km S of Champerico, Guatemala",earthquake,,5.6,,13,reviewed,us,us
1988-01-19T11:36:36.190Z,14.406,-90.84,164.7,5.9,mw,,,,1.2,us,usp0003c66,2022-04-28T20:56:24.915Z,"9 km SSW of Alotenango, Guatemala",earthquake,,,,,reviewed,us,hrv
1987-12-30T17:26:04.040Z,14.131,-91.997,83.6,4.2,mb,,,,0.7,us,usp0003bnv,2014-11-07T00:41:25.455Z,"20 km SSW of Champerico, Guatemala",earthquake,,7.7,,2,reviewed,us,us
1987-12-28T03:42:20.640Z,13.933,-92.202,50.3,4.6,mb,,,,0.8,us,usp0003bkx,2014-11-07T00:41:25.237Z,"50 km SW of Champerico, Guatemala",earthquake,,17.5,,4,reviewed,us,us
1987-12-12T15:11:19.010Z,13.756,-88.043,33,4.8,mb,,,,1.2,us,usp0003b7t,2014-11-07T00:41:23.005Z,"4 km ESE of Cacaopera, El Salvador",earthquake,,,,1,reviewed,us,us
1987-12-06T08:39:24.080Z,13.649,-90.756,71.6,4.5,mb,,,,1.1,us,usp0003b0g,2014-11-07T00:41:21.340Z,"31 km SSE of Puerto San José, Guatemala",earthquake,,4.9,,6,reviewed,us,us
1987-11-18T11:39:30.810Z,13.933,-90.315,33,4.8,mb,,,,0.9,us,usp0003a7y,2014-11-07T00:41:14.289Z,"12 km WSW of Pasaco, Guatemala",earthquake,,,,5,reviewed,us,us
1987-09-13T11:20:52.220Z,14.272,-89.979,123.4,5.8,mw,,,,1,us,usp00038c1,2022-04-27T21:35:36.507Z,"6 km E of Quesada, Guatemala",earthquake,,2.5,,,reviewed,us,hrv
1987-08-27T00:22:42.320Z,14.276,-92.362,68.1,4.5,mb,,,,0.7,us,usp00037uz,2014-11-07T00:40:49.948Z,"31 km SW of Ocós, Guatemala",earthquake,,9.5,,9,reviewed,us,us
1987-08-26T09:46:20.310Z,13.643,-91.53,57.5,4.9,mb,,,,1.1,us,usp00037ud,2014-11-07T00:40:49.895Z,"66 km SSW of Nueva Concepción, Guatemala",earthquake,,8,,18,reviewed,us,us
1987-08-24T14:28:46.640Z,15.332,-89.209,10,4.5,mb,,,,0.8,us,usp00037sq,2020-08-28T21:29:47.479Z,"14 km NW of Los Amates, Guatemala",earthquake,,,,4,reviewed,us,us
1987-08-20T16:54:19.160Z,14.199,-92.048,47.8,4.5,mb,,,,1.2,us,usp00037nz,2014-11-07T00:40:49.282Z,"18 km SW of Champerico, Guatemala",earthquake,,10.4,,3,reviewed,us,us
1987-08-13T09:21:22.790Z,14.028,-91.243,61.9,5.1,mw,,,,1.2,us,usp00037g7,2025-12-19T21:13:57.274Z,"20 km SSE of Nueva Concepción, Guatemala",earthquake,,,,,reviewed,us,hrv
1987-08-11T09:55:32.910Z,13.828,-92.125,33,4.4,mb,,,,0.8,us,usp00037eu,2014-11-07T00:40:48.091Z,"56 km SSW of Champerico, Guatemala",earthquake,,,,7,reviewed,us,us
1987-07-27T19:43:17.780Z,13.655,-88.309,195.6,4.6,mb,,,,0.9,us,usp00036zt,2014-11-07T00:40:42.228Z,"5 km WNW of Chapeltique, El Salvador",earthquake,,6.3,,8,reviewed,us,us
1987-06-11T23:47:43.610Z,14.155,-91.426,65.4,4.5,mb,,,,1.2,us,usp00035qh,2014-11-07T00:40:32.171Z,"14 km WSW of Nueva Concepción, Guatemala",earthquake,,,,5,reviewed,us,us
1987-05-23T03:27:57.170Z,14.049,-91.314,80.7,5.2,mw,,,,1.2,us,usp000356w,2025-12-19T21:15:17.913Z,"16 km S of Nueva Concepción, Guatemala",earthquake,,5,,,reviewed,us,hrv
1987-05-16T10:13:11.860Z,13.911,-91.857,47.5,4.5,mb,,,,1.4,us,usp000351s,2014-11-07T00:40:25.039Z,"42 km S of Champerico, Guatemala",earthquake,,12.1,,6,reviewed,us,us
1987-04-19T01:14:08.610Z,13.913,-89.679,132.6,4.6,mb,,,,1,us,usp000349f,2014-11-07T00:40:15.745Z,"8 km S of Chalchuapa, El Salvador",earthquake,,12.8,,7,reviewed,us,us
1987-03-21T19:34:38.320Z,14.114,-91.214,85.7,4.4,mb,,,,1.1,us,usp00033gz,2014-11-07T00:40:06.165Z,"13 km SE of Nueva Concepción, Guatemala",earthquake,,5.6,,9,reviewed,us,us
1987-03-13T09:36:07.290Z,14.439,-91.279,88.4,4.4,mb,,,,1.2,us,usp0003399,2014-11-07T00:40:03.867Z,"5 km W of Santa Bárbara, Guatemala",earthquake,,7.9,,6,reviewed,us,us
1987-03-11T23:28:16.580Z,14.244,-91.479,80.4,4.6,mb,,,,1.5,us,usp000337d,2014-11-07T00:40:03.355Z,"13 km WSW of Tiquisate, Guatemala",earthquake,,6.4,,9,reviewed,us,us
1987-03-10T00:54:48.620Z,14.182,-92.444,33,4.6,mb,,,,0.8,us,usp0003357,2014-11-07T00:40:02.758Z,"45 km SW of Ocós, Guatemala",earthquake,,,,1,reviewed,us,us
1987-03-06T10:23:26.640Z,14.59,-92.287,95.4,5.6,mw,,,,1,us,usp000331c,2022-04-27T21:48:58.125Z,"9 km NW of Brisas Barra de Suchiate, Mexico",earthquake,,3.4,,,reviewed,us,hrv
1987-02-09T06:16:46.470Z,14.071,-90.544,93.1,4.7,mb,,,,1.2,us,usp00032ac,2014-11-07T00:39:49.497Z,"8 km W of Taxisco, Guatemala",earthquake,,,,11,reviewed,us,us
1987-02-08T12:44:00.000Z,13.827,-90.995,69.6,4.3,mb,,,,1.2,us,usp000329d,2014-11-07T00:39:48.573Z,"21 km WSW of Puerto San José, Guatemala",earthquake,,,,6,reviewed,us,us
1987-01-30T11:25:07.320Z,13.908,-92.082,33,3.7,mb,,,,0.9,us,usp000321b,2014-11-07T00:39:41.342Z,"46 km SSW of Champerico, Guatemala",earthquake,,,,1,reviewed,us,us
1987-01-15T16:43:34.770Z,13.952,-89.344,10,4,m,,,,1.2,us,usp00031px,2020-08-28T20:55:01.878Z,"2 km S of San Pablo Tacachico, El Salvador",earthquake,,,,,reviewed,us,gcg
1986-12-28T07:31:34.950Z,15.335,-89.753,5,4.4,mb,,,,1.1,us,usp000317f,2014-11-07T00:39:32.123Z,"11 km SE of Senahú, Guatemala",earthquake,,,,5,reviewed,us,us
1986-12-20T18:05:36.980Z,13.877,-91.716,68.8,4.8,mb,,,,1.2,us,usp0003113,2014-11-07T00:39:30.647Z,"50 km SSE of Champerico, Guatemala",earthquake,,7.2,,13,reviewed,us,us
1986-12-03T14:26:44.710Z,14.457,-91.655,88.9,4.9,mb,,,,0.9,us,usp00030kb,2014-11-07T00:39:26.637Z,"9 km SSE of Retalhuleu, Guatemala",earthquake,,4.2,,25,reviewed,us,us
1986-12-01T10:22:36.920Z,13.568,-92.02,33,4.5,mb,,,,1.4,us,usp00030hp,2014-11-07T00:39:25.375Z,"81 km S of Champerico, Guatemala",earthquake,,,,1,reviewed,us,us
1986-10-22T09:25:52.820Z,13.631,-90.624,33,4.4,m,,,,0.7,us,usp0002z7q,2014-11-07T00:39:11.047Z,"34 km SSE of Iztapa, Guatemala",earthquake,,,,,reviewed,us,gcg
1986-10-13T22:24:34.160Z,13.721,-89.237,5,4.4,m,,,,1.1,us,usp0002yxg,2014-11-07T00:39:09.118Z,"4 km WSW of Ayutuxtepeque, El Salvador",earthquake,,,,,reviewed,us,gcg
1986-10-12T04:13:12.460Z,13.635,-89.239,5,4.3,m,,,,0.5,us,usp0002yvm,2014-11-07T00:39:08.830Z,"3 km ESE of Nuevo Cuscatlán, El Salvador",earthquake,,,,,reviewed,us,gcg
1986-10-10T20:50:10.960Z,13.671,-89.219,5,3.9,m,,,,0.5,us,usp0002yuj,2014-11-07T00:39:08.634Z,"3 km E of Antiguo Cuscatlán, El Salvador",earthquake,,,,,reviewed,us,gcg
1986-10-10T19:27:11.500Z,13.792,-89.158,5,4.6,mb,,,,1.1,us,usp0002yug,2020-08-28T20:42:15.803Z,"2 km SE of Apopa, El Salvador",earthquake,,,,4,reviewed,us,us
1986-10-10T17:49:24.100Z,13.827,-89.118,7,5.7,mw,,,,1.2,us,usp0002yu9,2022-04-27T22:01:36.602Z,"5 km N of Tonacatepeque, El Salvador",earthquake,,,,,reviewed,us,hrv
1986-09-29T05:48:06.290Z,13.823,-92.032,55.3,4.3,mb,,,,1.4,us,usp0002yge,2014-11-07T00:39:03.746Z,"53 km SSW of Champerico, Guatemala",earthquake,,19,,3,reviewed,us,us
1986-09-09T00:03:43.840Z,13.846,-92.076,58.3,4.5,mb,,,,1.5,us,usp0002xxn,2014-11-07T00:38:59.444Z,"52 km SSW of Champerico, Guatemala",earthquake,,15.5,,4,reviewed,us,us
1986-08-09T12:13:07.540Z,13.597,-92.332,33,3.8,mb,,,,0.7,us,usp0002x08,2014-11-07T00:38:50.679Z,"89 km SSW of Champerico, Guatemala",earthquake,,,,2,reviewed,us,us
1986-08-03T12:15:11.930Z,15.717,-92.428,136.4,4.5,mb,,,,0.9,us,usp0002wug,2014-11-07T00:38:48.335Z,"13 km WNW of Nuevo Pacayal, Mexico",earthquake,,,,15,reviewed,us,us
1986-07-01T22:14:01.310Z,13.969,-91.42,71.6,4,mb,,,,1.3,us,usp0002vmz,2014-11-07T00:38:38.465Z,"28 km SSW of Nueva Concepción, Guatemala",earthquake,,6.5,,4,reviewed,us,us
1986-06-13T11:31:37.670Z,13.814,-92.413,33,4.5,mb,,,,0.9,us,usp0002v0x,2014-11-07T00:38:32.676Z,"75 km SW of Champerico, Guatemala",earthquake,,,,7,reviewed,us,us
1986-05-04T17:56:19.140Z,14.28,-91.5,33,4.7,mb,,,,1.3,us,usp0002thb,2014-11-07T00:38:20.239Z,"15 km W of Tiquisate, Guatemala",earthquake,,,,3,reviewed,us,us
1986-04-05T12:52:29.950Z,15.943,-88.454,10.1,4,mb,,,,0.9,us,usp0002spd,2014-11-07T00:38:11.487Z,"28 km NNE of Puerto Barrios, Guatemala",earthquake,,4.5,,2,reviewed,us,us
1986-03-24T10:33:57.550Z,14.132,-91.318,66.8,5.4,mw,,,,1.2,us,usp0002s74,2025-12-19T21:19:00.181Z,"7 km SSW of Nueva Concepción, Guatemala",earthquake,,3.4,,,reviewed,us,hrv
1986-02-20T00:13:43.840Z,14.661,-91.833,101.9,4.7,mb,,,,1.1,us,usp0002r4p,2014-11-07T00:37:56.108Z,"4 km N of Génova, Guatemala",earthquake,,11.4,,16,reviewed,us,us
1986-02-15T21:37:48.610Z,14.774,-91.414,136.1,5.9,mw,,,,1,us,usp0002r19,2022-04-27T22:24:12.728Z,"6 km SE of Cantel, Guatemala",earthquake,,4.3,,,reviewed,us,hrv
1986-02-14T20:05:29.010Z,13.987,-92.104,33,4.9,mb,,,,1.1,us,usp0002r0d,2014-11-07T00:37:55.179Z,"39 km SSW of Champerico, Guatemala",earthquake,,,,13,reviewed,us,us
1986-02-14T20:00:25.100Z,14.24,-92.05,33,4.9,mb,,,,1.2,us,usp0002r0c,2014-11-07T00:37:55.172Z,"16 km WSW of Champerico, Guatemala",earthquake,,,,21,reviewed,us,us
1986-02-03T15:12:46.700Z,15.075,-92.072,16.2,4.7,mb,,,,1.2,us,usp0002qph,2020-08-27T00:47:39.224Z,"1 km NE of Unión Juárez, Mexico",earthquake,,5.2,,4,reviewed,us,us
1986-01-27T00:52:37.180Z,15.222,-91.982,97.3,4.4,mb,,,,1.2,us,usp0002qf6,2014-11-07T00:37:48.835Z,"Mexico-Guatemala border region",earthquake,,15.6,,5,reviewed,us,us
1985-12-21T22:56:54.620Z,14.114,-92.382,33,4.8,mb,,,,1,us,usp0002p72,2014-11-07T00:37:39.271Z,"48 km SSW of Ocós, Guatemala",earthquake,,,,21,reviewed,us,us
1985-12-20T01:27:40.890Z,15.52,-92.041,33,3.9,mb,,,,1.4,us,usp0002p3k,2014-11-07T00:37:38.747Z,"7 km E of Nuevo Amatenango, Mexico",earthquake,,,,1,reviewed,us,us
1985-12-19T07:32:00.980Z,15.268,-91.978,32.5,4.8,mb,,,,1.1,us,usp0002p2r,2022-04-27T22:29:20.608Z,"5 km NNW of San José Ojetenán, Guatemala",earthquake,,8.1,,17,reviewed,us,us
1985-12-13T07:10:07.030Z,14.108,-91.597,105.2,4.8,mb,,,,0.9,us,usp0002ntv,2014-11-07T00:37:37.420Z,"32 km SW of Tiquisate, Guatemala",earthquake,,9.1,,19,reviewed,us,us
1985-12-04T09:05:02.800Z,13.629,-90.778,57.2,4.3,mb,,,,1.5,us,usp0002nhw,2014-11-07T00:37:35.680Z,"33 km S of Puerto San José, Guatemala",earthquake,,12.4,,8,reviewed,us,us
1985-11-28T07:20:07.850Z,14.176,-89.875,270.8,4.4,mb,,,,1,us,usp0002nan,2014-11-07T00:37:31.261Z,"5 km W of El Adelanto, Guatemala",earthquake,,55.6,,7,reviewed,us,us
1985-11-27T15:08:57.720Z,13.882,-90.939,74.4,5.6,mw,,,,1.2,us,usp0002n9p,2022-04-27T22:32:16.171Z,"13 km WSW of Puerto San José, Guatemala",earthquake,,3,,,reviewed,us,hrv
1985-11-13T04:12:10.190Z,15.9,-91.172,33,4.3,mb,,,,1.5,us,usp0002mqq,2014-11-07T00:37:28.004Z,"Mexico-Guatemala border region",earthquake,,,,1,reviewed,us,us
1985-10-23T15:27:56.750Z,14.232,-91.849,61.1,4.9,mb,,,,1.2,us,usp0002m2a,2014-11-07T00:37:20.584Z,"9 km SE of Champerico, Guatemala",earthquake,,4,,30,reviewed,us,us
1985-10-11T03:39:10.960Z,15.299,-90.863,5,4.5,mb,,,,1,us,usp0002kpk,2020-08-27T00:33:56.494Z,"5 km S of Uspantán, Guatemala",earthquake,,,,13,reviewed,us,us
1985-10-02T02:21:06.780Z,14.076,-91.742,33,4.8,mb,,,,1.2,us,usp0002kcd,2014-11-07T00:37:16.078Z,"30 km SE of Champerico, Guatemala",earthquake,,,,10,reviewed,us,us
1985-09-17T10:39:29.790Z,13.72,-90.842,33,4.6,mb,,,,1.1,us,usp0002jun,2014-11-07T00:37:10.762Z,"23 km S of Puerto San José, Guatemala",earthquake,,,,11,reviewed,us,us
1985-09-12T23:49:19.060Z,15.523,-91.689,173.7,4.6,mb,,,,1,us,usp0002jqg,2014-11-07T00:37:09.949Z,"5 km N of Santiago Chimaltenango, Guatemala",earthquake,,,,30,reviewed,us,us
1985-09-08T15:29:51.810Z,14.326,-91.279,33,4.6,mb,,,,1.3,us,usp0002jht,2014-11-07T00:37:08.170Z,"9 km SSE of Río Bravo, Guatemala",earthquake,,,,12,reviewed,us,us
1985-09-02T19:28:36.150Z,14.284,-91.124,145.7,4.1,mb,,,,1.1,us,usp0002jcg,2014-11-07T00:37:06.752Z,"12 km WSW of Santa Lucía Cotzumalguapa, Guatemala",earthquake,,16.8,,3,reviewed,us,us
1985-08-18T23:15:00.310Z,13.99,-91.095,33,4.7,mb,,,,1.4,us,usp0002hwh,2014-11-07T00:37:01.889Z,"11 km SSW of La Gomera, Guatemala",earthquake,,,,7,reviewed,us,us
1985-07-19T11:37:28.800Z,14.265,-92.09,33,4.8,mb,,,,1.1,us,usp0002gwx,2014-11-07T00:36:52.661Z,"19 km W of Champerico, Guatemala",earthquake,,,,27,reviewed,us,us
1985-07-18T02:37:28.300Z,18.339,-92.008,284.7,4.3,mb,,,,0.7,us,usp0002gvs,2014-11-07T00:36:52.494Z,"12 km NE of Palizada, Mexico",earthquake,,16.1,,2,reviewed,us,us
1985-07-17T05:33:40.260Z,15.253,-92.38,173.2,4.8,mb,,,,1.5,us,usp0002guy,2014-11-07T00:36:52.196Z,"5 km S of Belisario Domínguez, Mexico",earthquake,,9.5,,5,reviewed,us,us
1985-06-25T20:31:30.890Z,13.5,-89.864,33,4.6,mb,,,,0.8,us,usp0002g5b,2014-11-07T00:36:45.571Z,"10 km SSW of Acajutla, El Salvador",earthquake,,,,6,reviewed,us,us
1985-06-22T05:54:03.800Z,13.609,-89.963,33,4.7,mb,,,,1.4,us,usp0002g1w,2014-11-07T00:36:45.061Z,"14 km W of Acajutla, El Salvador",earthquake,,,,17,reviewed,us,us
1985-06-21T00:44:43.190Z,14.2,-92.175,33,4.6,mb,,,,0.9,us,usp0002g0w,2014-11-07T00:36:44.564Z,"30 km WSW of Champerico, Guatemala",earthquake,,,,26,reviewed,us,us
1985-06-20T15:25:33.320Z,13.654,-90.514,33,4.7,mb,,,,1.2,us,usp0002g0f,2014-11-07T00:36:44.531Z,"37 km SE of Iztapa, Guatemala",earthquake,,,,14,reviewed,us,us
1985-06-13T11:42:32.350Z,14.729,-90.546,222.6,5,mb,,,,1,us,usp0002ft9,2014-11-07T00:36:43.698Z,"5 km WNW of Chinautla, Guatemala",earthquake,,,,67,reviewed,us,us
1985-06-09T17:49:28.640Z,15.666,-92.084,138.4,4.1,mb,,,,1.1,us,usp0002fpq,2014-11-07T00:36:43.003Z,"1 km SE of El Portal, Mexico",earthquake,,30,,7,reviewed,us,us
1985-06-05T04:21:42.280Z,14.133,-91.95,69.1,4.9,mb,,,,0.9,us,usp0002fj0,2014-11-07T00:36:42.115Z,"18 km SSW of Champerico, Guatemala",earthquake,,6.4,,48,reviewed,us,us
1985-06-02T06:37:43.360Z,15.423,-91.793,167.5,5,mb,,,,1.2,us,usp0002feh,2014-11-07T00:36:40.261Z,"2 km WNW of Ixtahuacán, Guatemala",earthquake,,9.9,,4,reviewed,us,us
1985-06-02T03:10:31.530Z,13.546,-91.892,33,4.6,mb,,,,1,us,usp0002fed,2014-11-07T00:36:40.220Z,"82 km S of Champerico, Guatemala",earthquake,,,,10,reviewed,us,us
1985-05-27T12:40:55.760Z,14.014,-92.488,60.4,4.4,mb,,,,1.3,us,usp0002f87,2014-11-07T00:36:37.117Z,"63 km SSW of Ocós, Guatemala",earthquake,,15.8,,12,reviewed,us,us
1985-05-23T09:24:58.490Z,16.818,-91.546,33,4.5,mb,,,,1,us,usp0002f3s,2014-11-07T00:36:36.599Z,"2 km W of Agua Azul, Mexico",earthquake,,,,20,reviewed,us,us
1985-05-18T22:08:36.140Z,13.937,-91.642,33,4.6,mb,,,,1.1,us,usp0002eyp,2014-11-07T00:36:35.999Z,"47 km SW of Nueva Concepción, Guatemala",earthquake,,,,17,reviewed,us,us
1985-05-09T22:57:14.000Z,14.036,-91.802,52.5,4.9,mb,,,,1.2,us,usp0002em6,2014-11-07T00:36:34.092Z,"30 km SSE of Champerico, Guatemala",earthquake,,13.7,,17,reviewed,us,us
1985-04-09T15:34:26.400Z,13.761,-90.642,73.1,4.3,mb,,,,1.1,us,usp0002dmy,2014-11-07T00:36:26.038Z,"20 km SSE of Iztapa, Guatemala",earthquake,,8.7,,7,reviewed,us,us
1985-04-04T13:57:29.120Z,14.491,-92.289,89.7,4.9,mb,,,,1.1,us,usp0002df6,2014-11-07T00:36:24.515Z,"8 km SW of Brisas Barra de Suchiate, Mexico",earthquake,,9.6,,11,reviewed,us,us
1985-02-14T09:13:21.900Z,16.289,-92.202,33,3.8,mb,,,,1.5,us,usp0002bw9,2014-11-07T00:36:10.587Z,"2 km WSW of Chacaljocóm, Mexico",earthquake,,,,1,reviewed,us,us
1984-12-23T02:35:10.270Z,14.307,-91.96,96.1,4.1,mb,,,,1.2,us,usp0002abj,2014-11-07T00:35:53.858Z,"5 km WNW of Champerico, Guatemala",earthquake,,30.3,,2,reviewed,us,us
1984-12-18T16:06:42.410Z,14.255,-91.405,33,4.5,mb,,,,0.8,us,usp0002a6p,2014-11-07T00:35:53.276Z,"5 km WSW of Tiquisate, Guatemala",earthquake,,,,2,reviewed,us,us
1984-12-09T22:40:50.210Z,14.053,-92.053,33,4.7,mb,,,,1,us,usp00029wz,2014-11-07T00:35:51.036Z,"30 km SSW of Champerico, Guatemala",earthquake,,,,17,reviewed,us,us
1984-11-23T19:27:32.990Z,14.55,-90.736,213.2,4.8,mb,,,,1.3,us,usp00029c1,2014-11-07T00:35:44.502Z,"1 km S of Antigua Guatemala, Guatemala",earthquake,,11,,1,reviewed,us,us
1984-11-23T10:51:28.120Z,15.925,-88.784,33,4.1,mb,,,,1.3,us,usp00029bc,2014-11-07T00:35:44.403Z,"11 km NNW of Lívingston, Guatemala",earthquake,,,,2,reviewed,us,us
1984-11-15T08:00:25.570Z,13.841,-92,48,4.7,mb,,,,1.3,us,usp0002932,2014-11-07T00:35:42.870Z,"50 km S of Champerico, Guatemala",earthquake,,9.1,,13,reviewed,us,us
1984-11-10T23:08:21.850Z,14.022,-91.194,54.2,4.7,mb,,,,1.1,us,usp00028yx,2014-11-07T00:35:42.168Z,"16 km WSW of La Gomera, Guatemala",earthquake,,6.3,,18,reviewed,us,us
1984-11-08T03:17:38.760Z,13.793,-90.613,60.7,4.4,mb,,,,1.1,us,usp00028vv,2014-11-07T00:35:41.521Z,"18 km SSE of Iztapa, Guatemala",earthquake,,7.4,,6,reviewed,us,us
1984-11-08T03:07:23.280Z,13.598,-90.607,66.9,4.9,mb,,,,1.3,us,usp00028vu,2014-11-07T00:35:41.508Z,"38 km SSE of Iztapa, Guatemala",earthquake,,6.1,,15,reviewed,us,us
1984-11-05T05:57:55.530Z,14.164,-91.151,91,4.7,mb,,,,1.4,us,usp00028tc,2014-11-07T00:35:40.787Z,"13 km NW of La Gomera, Guatemala",earthquake,,5,,20,reviewed,us,us
1984-10-31T20:44:02.150Z,14.282,-89.796,259.2,4.2,mb,,,,0.9,us,usp00028ph,2014-11-07T00:35:37.259Z,"9 km N of Yupiltepeque, Guatemala",earthquake,,13.7,,4,reviewed,us,us
1984-10-27T06:55:22.290Z,13.526,-90.06,78.3,4.7,mb,,,,1.1,us,usp00028ja,2014-11-07T00:35:36.769Z,"26 km WSW of Acajutla, El Salvador",earthquake,,4.6,,16,reviewed,us,us
1984-08-19T11:06:43.620Z,14.872,-89.834,33,4.3,mb,,,,1.5,us,usp00026hs,2014-11-07T00:35:19.482Z,"7 km SE of San Cristóbal Acasaguastlán, Guatemala",earthquake,,,,4,reviewed,us,us
1984-08-07T05:35:44.890Z,14.414,-92.375,33,4.4,mb,,,,1.1,us,usp000268n,2014-11-07T00:35:17.349Z,"21 km SW of Brisas Barra de Suchiate, Mexico",earthquake,,,,6,reviewed,us,us
1984-08-03T14:30:58.370Z,14.386,-92.224,36.2,5.9,mw,,,,0.9,us,usp000266j,2022-04-27T23:13:52.011Z,"14 km SSW of Ocós, Guatemala",earthquake,,,,,reviewed,us,hrv
1984-07-17T00:00:07.950Z,13.797,-90.88,33,4.7,mb,,,,1.2,us,usp00025sz,2014-11-07T00:35:11.731Z,"15 km SSW of Puerto San José, Guatemala",earthquake,,,,4,reviewed,us,us
1984-07-11T17:58:36.850Z,14.185,-92.095,33,4.9,mb,,,,1.2,us,usp00025pc,2014-11-07T00:35:11.231Z,"23 km WSW of Champerico, Guatemala",earthquake,,,,11,reviewed,us,us
1984-06-14T15:22:14.200Z,15.575,-92.363,129.3,4.5,mb,,,,0.8,us,usp0002511,2014-11-07T00:35:02.412Z,"4 km WNW of Siltepec, Mexico",earthquake,,4.2,,12,reviewed,us,us
1984-06-14T01:49:24.890Z,14.217,-91.35,33,4.2,mb,,,,1,us,usp000250m,2014-11-07T00:35:02.134Z,"5 km WNW of Nueva Concepción, Guatemala",earthquake,,,,5,reviewed,us,us
1984-06-01T10:29:52.890Z,14.293,-92.459,33,4.8,mb,,,,1.1,us,usp00024sp,2014-11-07T00:34:58.777Z,"36 km SW of Brisas Barra de Suchiate, Mexico",earthquake,,,,17,reviewed,us,us
1984-05-12T08:46:42.860Z,13.878,-91.169,33,4.3,mb,,,,1.1,us,usp00024an,2014-11-07T00:34:54.062Z,"25 km SSW of La Gomera, Guatemala",earthquake,,,,8,reviewed,us,us
1984-04-18T17:00:16.460Z,14.012,-90.651,77.2,4.5,mb,,,,1.2,us,usp00023ne,2014-11-07T00:34:46.621Z,"10 km NE of Iztapa, Guatemala",earthquake,,,,6,reviewed,us,us
1984-04-17T08:05:16.790Z,14.008,-92.229,40.7,4.7,mb,,,,1.1,us,usp00023md,2014-11-07T00:34:46.395Z,"46 km SW of Champerico, Guatemala",earthquake,,9.3,,15,reviewed,us,us
1984-02-27T00:49:09.110Z,13.926,-90.998,33,4.8,mb,,,,1.1,us,usp000229e,2014-11-07T00:34:31.948Z,"18 km SSE of La Gomera, Guatemala",earthquake,,,,16,reviewed,us,us
1984-02-15T22:09:48.060Z,14.176,-91.824,71,4.9,mb,,,,0.9,us,usp000220m,2014-11-07T00:34:30.661Z,"16 km SE of Champerico, Guatemala",earthquake,,3.4,,17,reviewed,us,us
1984-02-10T21:49:33.600Z,13.926,-90.612,86.7,4.7,mb,,,,0.8,us,usp00021vu,2014-11-07T00:34:29.888Z,"10 km E of Iztapa, Guatemala",earthquake,,4.1,,7,reviewed,us,us
1984-01-08T00:57:58.570Z,15.093,-91.376,186.1,4.7,mb,,,,0.9,us,usp000213b,2014-11-07T00:34:21.942Z,"6 km NNE of Momostenango, Guatemala",earthquake,,,,35,reviewed,us,us
1984-01-06T06:00:35.650Z,14.149,-90.719,59.2,4.5,mb,,,,0.9,us,usp000212b,2014-11-07T00:34:21.670Z,"11 km SW of Guanagazapa, Guatemala",earthquake,,8.6,,6,reviewed,us,us
1983-12-31T09:55:16.780Z,14.627,-92.223,124.3,4.2,mb,,,,1.1,us,usp00020yf,2014-11-07T00:34:18.007Z,"3 km W of Ignacio López Rayón, Mexico",earthquake,,8.1,,3,reviewed,us,us
1983-12-11T08:32:03.080Z,14.031,-91.902,76.5,4.9,mb,,,,1,us,usp00020dn,2014-11-07T00:34:14.868Z,"29 km S of Champerico, Guatemala",earthquake,,4,,18,reviewed,us,us
1983-12-11T06:19:34.620Z,14.053,-91.916,76.2,5.2,mb,,,,1,us,usp00020dh,2014-11-07T00:34:14.853Z,"26 km S of Champerico, Guatemala",earthquake,,3.9,,15,reviewed,us,us
1983-12-10T20:22:38.080Z,14.301,-91.673,79.5,5.4,mb,,,,1,us,usp00020d9,2025-12-19T21:26:04.318Z,"25 km E of Champerico, Guatemala",earthquake,,4.4,,78,reviewed,us,us
1983-12-03T03:36:59.430Z,13.97,-92.212,33,4.5,mb,,,,1.2,us,usp000208a,2014-11-07T00:34:13.325Z,"48 km SW of Champerico, Guatemala",earthquake,,,,4,reviewed,us,us
1983-12-03T02:14:55.960Z,13.965,-92.414,33,4.9,mb,,,,1.4,us,usp0002084,2014-11-07T00:34:13.197Z,"64 km SSW of Ocós, Guatemala",earthquake,,,,14,reviewed,us,us
1983-12-02T13:45:04.660Z,14.327,-91.781,35.4,4.8,mb,,,,1.1,us,usp000207j,2014-11-07T00:34:12.920Z,"14 km ENE of Champerico, Guatemala",earthquake,,15.2,,5,reviewed,us,us
1983-12-02T11:55:23.800Z,14.138,-91.924,59.4,5.2,mb,,,,1,us,usp000207f,2025-12-19T21:25:51.722Z,"17 km S of Champerico, Guatemala",earthquake,,4.3,,43,reviewed,us,us
1983-12-02T08:54:02.500Z,14.134,-91.793,33,4.5,mb,,,,0.9,us,usp000207d,2014-11-07T00:34:12.851Z,"21 km SE of Champerico, Guatemala",earthquake,,,,4,reviewed,us,us
1983-12-02T03:09:05.660Z,14.066,-91.924,67.1,7,mw,,,,1.1,us,usp000207b,2025-12-19T21:25:50.831Z,"25 km S of Champerico, Guatemala",earthquake,,2,,,reviewed,us,nc
1983-11-30T03:49:57.450Z,13.83,-90.845,66.8,5.2,mb,,,,1.1,us,usp000205c,2014-11-07T00:34:09.930Z,"11 km SSW of Puerto San José, Guatemala",earthquake,,4.3,,24,reviewed,us,us
1983-11-29T19:28:32.280Z,13.853,-90.599,82.5,4.7,mb,,,,1.5,us,usp000204x,2014-11-07T00:34:09.791Z,"14 km SE of Iztapa, Guatemala",earthquake,,9.1,,3,reviewed,us,us
1983-11-28T12:49:24.380Z,14.159,-91.234,102.6,4.3,mb,,,,1.5,us,usp0002045,2014-11-07T00:34:09.713Z,"8 km ESE of Nueva Concepción, Guatemala",earthquake,,14.9,,6,reviewed,us,us
1983-11-22T07:34:34.530Z,15.555,-91.584,263.4,4.5,mb,,,,1,us,usp0001zzj,2014-11-07T00:34:09.061Z,"5 km NNE of Todos Santos Cuchumatán, Guatemala",earthquake,,7.3,,11,reviewed,us,us
1983-11-20T19:15:14.770Z,14.408,-92.437,33,5,mb,,,,1.3,us,usp0001zyh,2014-11-07T00:34:08.925Z,"26 km WSW of Brisas Barra de Suchiate, Mexico",earthquake,,,,5,reviewed,us,us
1983-10-16T09:39:37.380Z,15.117,-91.467,182.5,4.7,mb,,,,1.2,us,usp0001z1b,2014-11-07T00:33:59.839Z,"3 km NNW of San Bartolo, Guatemala",earthquake,,9.6,,9,reviewed,us,us
1983-10-13T12:19:34.170Z,13.657,-91.668,48.2,4.3,mb,,,,1.3,us,usp0001yz1,2014-11-07T00:33:59.284Z,"72 km SSW of Nueva Concepción, Guatemala",earthquake,,16.9,,8,reviewed,us,us
1983-10-13T11:42:18.400Z,13.776,-91.432,74.1,5.1,mb,,,,1.1,us,usp0001yz0,2014-11-07T00:33:59.276Z,"49 km SSW of Nueva Concepción, Guatemala",earthquake,,4,,25,reviewed,us,us
1983-10-12T13:12:07.940Z,13.657,-90.986,67.5,5.1,mb,,,,1.1,us,usp0001yxz,2025-12-19T21:27:23.864Z,"34 km SSW of Puerto San José, Guatemala",earthquake,,2.1,,33,reviewed,us,us
1983-09-20T00:22:26.090Z,13.899,-92.211,33,4.3,mb,,,,1.2,us,usp0001ygd,2014-11-07T00:33:49.786Z,"54 km SW of Champerico, Guatemala",earthquake,,,,5,reviewed,us,us
1983-08-30T22:01:43.010Z,13.501,-90.01,99.5,4.1,mb,,,,0.6,us,usp0001y24,2014-11-07T00:33:40.671Z,"22 km WSW of Acajutla, El Salvador",earthquake,,13,,2,reviewed,us,us
1983-08-27T11:06:28.440Z,13.787,-90.963,33,4.6,mb,,,,1.2,us,usp0001xz1,2014-11-07T00:33:40.310Z,"21 km SW of Puerto San José, Guatemala",earthquake,,,,8,reviewed,us,us
1983-08-23T17:36:07.600Z,14.254,-91.621,150,4.6,mb,,,,1.1,us,usp0001xw7,2014-11-07T00:33:39.803Z,"28 km SSW of San Lorenzo, Guatemala",earthquake,,8.5,,6,reviewed,us,us
1983-08-19T10:04:21.100Z,13.871,-91.348,33,4.4,mb,,,,0.9,us,usp0001xsc,2014-11-07T00:33:39.008Z,"36 km S of Nueva Concepción, Guatemala",earthquake,,,,6,reviewed,us,us
1983-08-04T13:52:41.240Z,14.429,-91.277,87,5.1,mb,,,,1.2,us,usp0001xb6,2025-12-19T21:28:27.799Z,"5 km NE of Río Bravo, Guatemala",earthquake,,,,29,reviewed,us,us
1983-07-31T20:33:21.750Z,14.475,-91.98,117.8,4.5,mb,,,,0.7,us,usp0001x8m,2014-11-07T00:33:31.727Z,"21 km NNW of Champerico, Guatemala",earthquake,,6.4,,10,reviewed,us,us
1983-07-22T01:07:17.990Z,15.397,-92.256,165.3,4.2,mb,,,,0.3,us,usp0001x0c,2014-11-07T00:33:30.235Z,"3 km NNW of Motozintla, Mexico",earthquake,,8.1,,3,reviewed,us,us
1983-07-08T07:00:01.140Z,15.167,-92.093,130.6,4.9,mb,,,,1,us,usp0001wnh,2014-11-07T00:33:27.427Z,"5 km WNW of Sibinal, Guatemala",earthquake,,3.5,,28,reviewed,us,us
1983-07-03T01:45:31.640Z,13.623,-90.409,85.3,4.9,mb,,,,1.2,us,usp0001whu,2014-11-07T00:33:24.788Z,"44 km SSW of Pasaco, Guatemala",earthquake,,6,,11,reviewed,us,us
1983-07-01T10:20:03.780Z,13.823,-90.347,99.8,4.4,mb,,,,1.2,us,usp0001wh2,2014-11-07T00:33:23.504Z,"22 km SW of Pasaco, Guatemala",earthquake,,7.7,,6,reviewed,us,us
1983-06-09T22:07:29.890Z,14.379,-91.391,116.5,4.5,mb,,,,1,us,usp0001vzw,2014-11-07T00:33:18.740Z,"8 km WSW of Río Bravo, Guatemala",earthquake,,6.2,,9,reviewed,us,us
1983-06-05T16:18:10.860Z,13.526,-91.642,33,4.7,mb,,,,0.3,us,usp0001vxg,2014-11-07T00:33:17.498Z,"83 km SSW of Nueva Concepción, Guatemala",earthquake,,,,2,reviewed,us,us
1983-05-22T22:14:42.940Z,13.644,-89.277,76.7,4.2,mb,,,,1.3,us,usp0001vjz,2014-11-07T00:33:11.256Z,"1 km WSW of Nuevo Cuscatlán, El Salvador",earthquake,,5.9,,2,reviewed,us,us
1983-04-22T07:44:15.160Z,14.007,-91.601,79.1,4.4,mb,,,,1.1,us,usp0001unu,2014-11-07T00:33:01.049Z,"38 km WSW of Nueva Concepción, Guatemala",earthquake,,3.3,,6,reviewed,us,us
1983-04-15T01:35:03.630Z,15.541,-88.663,10,4.9,mb,,,,1.1,us,usp0001ufn,2014-11-07T00:32:59.095Z,"19 km NW of Loma Alta, Honduras",earthquake,,,,24,reviewed,us,us
1983-04-14T07:19:29.870Z,14.189,-91.395,87.6,5.4,mb,,,,1.1,us,usp0001uek,2022-04-28T00:06:34.754Z,"10 km W of Nueva Concepción, Guatemala",earthquake,,1.7,,80,reviewed,us,us
1983-03-15T01:24:18.700Z,13.532,-90.56,33,4.4,mb,,,,1.1,us,usp0001tnf,2014-11-07T00:32:49.322Z,"47 km SSE of Iztapa, Guatemala",earthquake,,,,3,reviewed,us,us
1983-03-14T09:23:30.740Z,13.663,-90.926,96.2,4.4,mb,,,,1.1,us,usp0001tn0,2014-11-07T00:32:49.226Z,"31 km SSW of Puerto San José, Guatemala",earthquake,,12,,5,reviewed,us,us
1983-02-18T07:41:49.700Z,14.736,-91.046,150,4.6,mb,,,,0.9,us,usp0001t4x,2014-11-07T00:32:42.346Z,"6 km WSW of Tecpán Guatemala, Guatemala",earthquake,,,,3,reviewed,us,us
1983-01-25T08:26:52.950Z,14.648,-92.47,91.8,4.1,mb,,,,0.7,us,usp0001sk9,2014-11-07T00:32:33.790Z,"9 km SSW of Puerto Madero, Mexico",earthquake,,5.7,,2,reviewed,us,us
1983-01-17T17:52:15.780Z,14.249,-91.072,83,5,mb,,,,1.1,us,usp0001sat,2014-11-07T00:32:30.589Z,"10 km SSW of Santa Lucía Cotzumalguapa, Guatemala",earthquake,,5,,24,reviewed,us,us
1983-01-15T05:42:46.890Z,13.896,-90.441,99.5,4.8,mb,,,,1.2,us,usp0001s82,2014-11-07T00:32:29.430Z,"19 km S of Taxisco, Guatemala",earthquake,,4.4,,6,reviewed,us,us
1983-01-14T07:24:45.850Z,14.016,-91.894,33,4.4,mb,,,,1.2,us,usp0001s76,2014-11-07T00:32:29.254Z,"30 km S of Champerico, Guatemala",earthquake,,,,5,reviewed,us,us
1983-01-05T20:25:31.820Z,13.97,-92.281,60,4.8,mb,,,,0.9,us,usp0001s0j,2014-11-07T00:32:27.087Z,"53 km SW of Champerico, Guatemala",earthquake,,5.6,,5,reviewed,us,us
1982-12-29T11:06:25.850Z,14.405,-91.603,84.6,4.7,mb,,,,1.2,us,usp0001rv6,2014-11-07T00:32:23.168Z,"13 km SW of San Lorenzo, Guatemala",earthquake,,3.7,,13,reviewed,us,us
1982-12-14T20:37:55.400Z,14.052,-91.954,55.6,4.8,mb,,,,1.1,us,usp0001rfe,2014-11-07T00:32:20.792Z,"27 km S of Champerico, Guatemala",earthquake,,3.8,,15,reviewed,us,us
1982-11-29T14:58:02.870Z,13.565,-90.813,66.1,4.2,mb,,,,1.3,us,usp0001r6q,2014-11-07T00:32:15.044Z,"40 km S of Puerto San José, Guatemala",earthquake,,6.4,,2,reviewed,us,us
1982-11-29T11:04:59.110Z,13.619,-90.711,61.7,4.9,mb,,,,1.1,us,usp0001r6k,2022-04-28T00:22:29.523Z,"34 km S of Iztapa, Guatemala",earthquake,,2.9,,13,reviewed,us,us
1982-11-14T15:02:48.480Z,14.244,-92.43,51.2,4.1,mb,,,,1.1,us,usp0001qxd,2014-11-07T00:32:11.839Z,"38 km SW of Ocós, Guatemala",earthquake,,11,,5,reviewed,us,us
1982-11-14T01:19:35.170Z,14.494,-92.309,63.8,5.3,mb,,,,1,us,usp0001qwv,2022-04-28T00:20:49.425Z,"10 km WSW of Brisas Barra de Suchiate, Mexico",earthquake,,2.2,,63,reviewed,us,us
1982-11-11T03:12:16.610Z,14.715,-91.578,106.2,4.8,mb,,,,1.1,us,usp0001qua,2014-11-07T00:32:10.623Z,"7 km N of El Palmar, Guatemala",earthquake,,2.6,,29,reviewed,us,us
1982-11-09T11:46:42.760Z,14.299,-91.263,100.6,4.7,mb,,,,1.1,us,usp0001qsz,2014-11-07T00:32:10.112Z,"10 km E of Tiquisate, Guatemala",earthquake,,3.8,,6,reviewed,us,us
1982-10-31T06:03:04.500Z,14.086,-90.274,98,5.3,mb,,,,1.2,us,usp0001qmt,2022-04-28T00:24:29.875Z,"0 km WNW of San Juan Tecuaco, Guatemala",earthquake,,,,63,reviewed,us,us
1982-10-30T16:07:01.880Z,13.984,-90.582,86,4.3,mb,,,,0.9,us,usp0001qmc,2014-11-07T00:32:05.837Z,"14 km ENE of Iztapa, Guatemala",earthquake,,16.1,,4,reviewed,us,us
1982-10-28T12:45:19.730Z,13.983,-91.825,50.2,5,mb,,,,1.5,us,usp0001qjy,2014-11-07T00:32:05.034Z,"35 km SSE of Champerico, Guatemala",earthquake,,6.2,,15,reviewed,us,us
1982-10-28T12:29:01.540Z,14.155,-91.601,44,5,mb,,,,1,us,usp0001qjx,2014-11-07T00:32:05.028Z,"29 km WSW of Tiquisate, Guatemala",earthquake,,4.2,,19,reviewed,us,us
1982-10-25T10:19:37.260Z,14.42,-90.533,192,4.6,mb,,,,1,us,usp0001qgn,2014-11-07T00:32:04.727Z,"6 km S of Villa Canales, Guatemala",earthquake,,,,6,reviewed,us,us
1982-10-21T20:52:03.050Z,15.195,-90.878,33,4.7,mb,,,,1.3,us,usp0001qe0,2014-11-07T00:32:03.607Z,"4 km NW of Canillá, Guatemala",earthquake,,,,3,reviewed,us,us
1982-10-18T12:56:58.480Z,13.847,-90.847,77.8,5.3,mb,,,,1.2,us,usp0001qb8,2022-04-28T00:23:41.878Z,"9 km SSW of Puerto San José, Guatemala",earthquake,,3.4,,18,reviewed,us,us
1982-10-16T19:43:44.120Z,13.578,-92.152,33,4.4,mb,,,,0.8,us,usp0001q9z,2014-11-07T00:32:02.455Z,"83 km SSW of Champerico, Guatemala",earthquake,,,,3,reviewed,us,us
1982-10-16T06:35:53.900Z,14.373,-89.354,33,4.5,mb,,,,0.8,us,usp0001q9g,2014-11-07T00:32:02.321Z,"11 km ENE of Metapán, El Salvador",earthquake,,,,4,reviewed,us,us
1982-10-08T06:24:49.520Z,13.557,-92.475,33,4.6,mb,,,,1,us,usp0001q3h,2014-11-07T00:32:00.215Z,"101 km SW of Champerico, Guatemala",earthquake,,,,8,reviewed,us,us
1982-10-07T01:17:14.750Z,13.542,-91.079,33,4.5,mb,,,,1.2,us,usp0001q2n,2014-11-07T00:31:59.930Z,"50 km SSW of Puerto San José, Guatemala",earthquake,,,,6,reviewed,us,us
1982-10-05T01:26:45.710Z,13.875,-92.051,33,4.7,mb,,,,0.8,us,usp0001q1a,2014-11-07T00:31:59.353Z,"48 km SSW of Champerico, Guatemala",earthquake,,,,7,reviewed,us,us
1982-10-03T21:38:34.220Z,14.442,-89.209,29.2,4.4,mb,,,,1.2,us,usp0001q0e,2014-11-07T00:31:58.377Z,"2 km WSW of Sinuapa, Honduras",earthquake,,5.3,,3,reviewed,us,us
1982-09-29T05:50:32.290Z,14.487,-89.121,12,5.5,mb,,,,0.9,us,usp0001pwe,2022-04-28T00:27:33.369Z,"7 km ENE of Sinuapa, Honduras",earthquake,,,,71,reviewed,us,us
1982-09-29T03:48:00.120Z,14.547,-89.131,15,5.1,mb,,,,1,us,usp0001pwc,2022-04-28T00:27:29.740Z,"12 km NNE of Sinuapa, Honduras",earthquake,,,,51,reviewed,us,us
1982-09-05T02:36:34.990Z,14.13,-91.765,62,5.4,mb,,,,0.8,us,usp0001pdr,2025-12-19T21:38:06.807Z,"24 km SE of Champerico, Guatemala",earthquake,,2.4,,77,reviewed,us,us
1982-08-25T09:46:59.690Z,14.005,-90.761,33,4.5,mb,,,,1.2,us,usp0001p86,2014-11-07T00:31:47.449Z,"9 km NW of Iztapa, Guatemala",earthquake,,,,1,reviewed,us,us
1982-08-20T21:28:05.090Z,13.93,-90.914,80.8,5.3,mb,,,,1.1,us,usp0001p5t,2025-12-19T21:39:23.045Z,"9 km W of Puerto San José, Guatemala",earthquake,,3.5,,38,reviewed,us,us
1982-08-16T06:32:58.890Z,14.375,-91.603,76,5,mb,,,,1.1,us,usp0001p30,2025-12-19T21:39:15.897Z,"15 km SW of San Lorenzo, Guatemala",earthquake,,,,39,reviewed,us,us
1982-07-31T21:55:36.060Z,14.012,-90.938,91.6,4.5,mb,,,,0.9,us,usp0001nsf,2014-11-07T00:31:39.297Z,"14 km ESE of La Gomera, Guatemala",earthquake,,6.5,,8,reviewed,us,us
1982-06-23T08:51:38.930Z,14.009,-88.577,33,4.7,mb,,,,0.6,us,usp0001n37,2014-11-07T00:31:29.409Z,"8 km NE of Victoria, El Salvador",earthquake,,,,1,reviewed,us,us
1982-06-14T22:54:51.330Z,14.271,-90.288,91,4.7,mb,,,,0.8,us,usp0001mxq,2014-11-07T00:31:28.038Z,"1 km ESE of Cuilapa, Guatemala",earthquake,,7.7,,2,reviewed,us,us
1982-06-01T23:13:13.680Z,13.637,-92.262,33,4.1,mb,,,,1.2,us,usp0001mn4,2014-11-07T00:31:23.441Z,"81 km SSW of Champerico, Guatemala",earthquake,,,,2,reviewed,us,us
1982-05-07T06:56:12.370Z,13.761,-90.638,65.8,4.4,mb,,,,1,us,usp0001m52,2014-11-07T00:31:16.615Z,"20 km SSE of Iztapa, Guatemala",earthquake,,3.3,,4,reviewed,us,us
1982-05-01T02:07:49.890Z,15.626,-90.306,33,4.9,mb,,,,1.2,us,usp0001m18,2014-11-07T00:31:13.517Z,"16 km N of San Pedro Carchá, Guatemala",earthquake,,,,5,reviewed,us,us
1982-04-18T10:42:10.920Z,14.308,-91.592,85.3,5.3,mb,,,,1.1,us,usp0001kte,2025-12-19T21:42:19.870Z,"21 km SSW of San Lorenzo, Guatemala",earthquake,,1.6,,76,reviewed,us,us
1982-04-12T14:02:28.410Z,13.511,-91.822,33,4.5,mb,,,,1,us,usp0001kp1,2014-11-07T00:31:08.092Z,"87 km S of Champerico, Guatemala",earthquake,,,,5,reviewed,us,us
1982-04-11T19:13:21.110Z,13.704,-91.936,64.2,4.5,mb,,,,1.4,us,usp0001kn9,2014-11-07T00:31:07.692Z,"65 km S of Champerico, Guatemala",earthquake,,8.2,,5,reviewed,us,us
1982-04-06T19:56:53.450Z,14.315,-92.082,64.8,6.5,ms,,,,1,us,usp0001kjv,2025-12-19T21:42:00.689Z,"18 km W of Champerico, Guatemala",earthquake,,2,,23,reviewed,us,us
1982-04-06T16:08:01.840Z,14.224,-91.948,61.6,4.8,mb,,,,0.7,us,usp0001kjs,2014-11-07T00:31:06.052Z,"8 km SSW of Champerico, Guatemala",earthquake,,8,,11,reviewed,us,us
1982-04-06T15:49:49.510Z,14.239,-92.06,63.7,5.3,mb,,,,1,us,usp0001kjr,2022-04-28T00:38:18.476Z,"17 km WSW of Champerico, Guatemala",earthquake,,2.7,,60,reviewed,us,us
1982-03-24T06:15:51.180Z,14.757,-92.008,96,4.7,mb,,,,1.4,us,usp0001kap,2014-11-07T00:31:01.654Z,"4 km NE of Pajapita, Guatemala",earthquake,,10,,9,reviewed,us,us
1982-02-28T08:36:25.830Z,15.421,-91.845,181.1,4.9,mb,,,,1.4,us,usp0001jw3,2014-11-07T00:30:53.754Z,"8 km W of Ixtahuacán, Guatemala",earthquake,,4,,5,reviewed,us,us
1982-01-03T16:43:04.600Z,13.548,-90.632,68.5,4.6,mb,,,,1.2,us,usp0001hvd,2014-11-07T00:30:37.386Z,"43 km S of Iztapa, Guatemala",earthquake,,5.4,,6,reviewed,us,us
1981-12-31T02:44:06.120Z,15.139,-90.94,33,4.1,mb,,,,1.5,us,usp0001htj,2014-11-07T00:30:34.435Z,"4 km S of San Andrés Sajcabajá, Guatemala",earthquake,,,,2,reviewed,us,us
1981-12-30T20:32:36.030Z,13.511,-90.632,33,4.6,mb,,,,1.1,us,usp0001htb,2014-11-07T00:30:34.405Z,"47 km S of Iztapa, Guatemala",earthquake,,,,7,reviewed,us,us
1981-12-30T12:47:20.320Z,14.749,-91.784,33,4.9,mb,,,,1.3,us,usp0001hsv,2014-11-07T00:30:34.331Z,"4 km ESE of El Quetzal, Guatemala",earthquake,,,,10,reviewed,us,us
1981-12-28T16:11:01.110Z,14.23,-92.176,76,4.5,mb,,,,1.3,us,usp0001hqz,2014-11-07T00:30:34.004Z,"29 km WSW of Champerico, Guatemala",earthquake,,,,5,reviewed,us,us
1981-12-21T10:32:11.830Z,14.818,-92.306,73,5.3,mb,,,,1.2,us,usp0001hjj,2022-04-28T00:47:35.130Z,"4 km NNE of Congregación Reforma, Mexico",earthquake,,,,42,reviewed,us,us
1981-11-07T22:02:49.000Z,14.595,-90.416,200.2,5.3,mb,,,,0.9,us,usp0001gv7,2022-04-28T00:48:43.638Z,"5 km N of San José Pinula, Guatemala",earthquake,,2.4,,89,reviewed,us,us
1981-10-19T19:01:39.510Z,14.186,-91.787,33,4.6,mb,,,,1.1,us,usp0001gjs,2014-11-07T00:30:15.044Z,"17 km SE of Champerico, Guatemala",earthquake,,,,4,reviewed,us,us
1981-09-27T14:11:07.540Z,14.473,-91.749,73.4,4.3,mb,,,,1.2,us,usp0001g4g,2014-11-07T00:30:07.517Z,"10 km SW of Retalhuleu, Guatemala",earthquake,,8.8,,4,reviewed,us,us
1981-09-27T13:32:33.230Z,14.402,-91.625,88.8,5.1,mb,,,,1,us,usp0001g4f,2022-04-28T00:55:51.153Z,"15 km SW of San Lorenzo, Guatemala",earthquake,,3.5,,41,reviewed,us,us
1981-09-21T16:37:57.230Z,13.635,-92.282,66.6,4.5,mb,,,,0.8,us,usp0001g10,2014-11-07T00:30:06.982Z,"83 km SSW of Champerico, Guatemala",earthquake,,11.2,,6,reviewed,us,us
1981-08-10T08:23:05.530Z,13.93,-90.433,88.7,4.9,mb,,,,1.1,us,usp0001f6z,2014-11-07T00:29:55.063Z,"15 km SSE of Taxisco, Guatemala",earthquake,,4.3,,16,reviewed,us,us
1981-08-07T07:35:04.430Z,15.016,-92.248,33,4.6,mb,,,,0.8,us,usp0001f5d,2014-11-07T00:29:54.355Z,"4 km NNE of Veinte de Noviembre, Mexico",earthquake,,,,3,reviewed,us,us
1981-07-26T08:48:55.320Z,14.313,-92.456,33,4.8,mb,,,,1.1,us,usp0001ey7,2014-11-07T00:29:49.312Z,"35 km SW of Brisas Barra de Suchiate, Mexico",earthquake,,,,11,reviewed,us,us
1981-07-25T07:00:51.560Z,14.166,-92.452,33,4.5,mb,,,,1,us,usp0001exa,2014-11-07T00:29:49.160Z,"47 km SW of Ocós, Guatemala",earthquake,,,,4,reviewed,us,us
1981-07-07T06:14:20.180Z,13.858,-92.228,49.9,4.7,mb,,,,1,us,usp0001ejk,2014-11-07T00:29:45.229Z,"59 km SW of Champerico, Guatemala",earthquake,,5.4,,13,reviewed,us,us
1981-04-20T08:50:43.610Z,14.19,-91.777,82,4.6,mb,,,,1,us,usp0001d8m,2014-11-07T00:29:16.390Z,"18 km SE of Champerico, Guatemala",earthquake,,5.8,,11,reviewed,us,us
1981-04-20T05:50:17.460Z,14.308,-91.543,63,5.1,mb,,,,0.9,us,usp0001d8j,2022-04-28T01:07:06.628Z,"19 km W of Tiquisate, Guatemala",earthquake,,,,62,reviewed,us,us
1981-04-03T16:12:13.750Z,13.964,-90.178,115.6,4.9,mb,,,,1.1,us,usp0001d08,2014-11-07T00:29:09.478Z,"3 km ESE of Pasaco, Guatemala",earthquake,,5.9,,21,reviewed,us,us
1981-03-30T11:36:30.230Z,14.29,-91.682,81.6,4.5,mb,,,,1.4,us,usp0001cy8,2014-11-07T00:29:06.591Z,"24 km E of Champerico, Guatemala",earthquake,,9.6,,6,reviewed,us,us
1981-01-19T07:18:26.800Z,13.648,-89.96,83,4.7,mb,,,,,us,usp0001bt5,2014-11-06T23:24:28.738Z,"15 km WNW of Acajutla, El Salvador",earthquake,,,,,reviewed,us,us
1981-01-10T15:15:13.100Z,13.918,-89.179,33,4.9,mb,,,,,us,usp0001bp4,2014-11-06T23:24:28.615Z,"4 km SSE of Aguilares, El Salvador",earthquake,,,,,reviewed,us,us
1980-12-03T14:52:49.800Z,13.527,-90.736,68,4.8,mb,,,,,us,usp0001b52,2014-11-06T23:24:27.877Z,"45 km S of Iztapa, Guatemala",earthquake,,,,,reviewed,us,us
1980-11-18T10:50:45.900Z,14.047,-91.187,98,4.6,mb,,,,,us,usp0001avh,2014-11-06T23:24:27.404Z,"14 km WSW of La Gomera, Guatemala",earthquake,,,,,reviewed,us,us
1980-11-04T16:21:15.300Z,13.861,-90.926,83,5.4,mb,,,,,us,usp0001ann,2022-04-28T01:19:53.049Z,"13 km WSW of Puerto San José, Guatemala",earthquake,,,,,reviewed,us,us
1980-10-21T05:40:51.800Z,14.603,-91.173,104,4.2,mb,,,,,us,usp0001abs,2014-11-06T23:24:26.752Z,"2 km WNW of San Lucas Tolimán, Guatemala",earthquake,,,,,reviewed,us,us
1980-10-12T23:57:08.000Z,16.788,-92.052,64,3.8,mb,,,,,us,usp0001a7s,2014-11-06T23:24:26.615Z,"6 km NNW of Altamirano, Mexico",earthquake,,,,,reviewed,us,us
1980-10-09T13:46:44.800Z,13.997,-91.688,79,4.6,mb,,,,,us,usp0001a5a,2014-11-06T23:24:26.374Z,"40 km SE of Champerico, Guatemala",earthquake,,,,,reviewed,us,us
1980-09-02T16:26:36.300Z,13.623,-91.412,60,5,mb,,,,,us,usp00019nn,2025-12-19T21:55:52.176Z,"near the coast of Guatemala",earthquake,,,,,reviewed,us,us
1980-09-02T10:28:08.800Z,15.909,-88.291,25,5.3,mb,,,,,us,usp00019nh,2022-04-28T01:25:59.374Z,"28 km NNW of Cuyamel, Honduras",earthquake,,,,,reviewed,us,us
1980-08-09T05:45:09.500Z,15.888,-88.516,22,6.4,ms,,,,,us,usp00019aw,2025-12-19T21:56:24.156Z,"19 km NNE of Puerto Barrios, Guatemala",earthquake,,,,,reviewed,us,us
1980-07-28T17:16:04.900Z,15.78,-88.71,33,4.3,mb,,,,,us,usp000194c,2014-11-06T23:24:24.858Z,"6 km SE of Lívingston, Guatemala",earthquake,,,,,reviewed,us,us
1980-07-20T00:24:04.900Z,16.353,-91.945,64,5.5,mb,,,,,us,usp00018zd,2022-04-28T01:33:16.030Z,"4 km S of Saltillo, Mexico",earthquake,,,,,reviewed,us,us
1980-07-20T00:23:31.600Z,15.392,-91.704,174,4.9,mb,,,,,us,usp00018zc,2014-11-06T23:24:24.423Z,"1 km SSE of Colotenango, Guatemala",earthquake,,,,,reviewed,us,us
1980-07-06T18:33:06.300Z,14.136,-90.542,56,4.8,mb,,,,,us,usp00018q0,2022-04-28T01:31:48.688Z,"11 km NW of Taxisco, Guatemala",earthquake,,,,,reviewed,us,us
1980-06-11T02:38:31.900Z,14.127,-90.992,95,5,mb,,,,,us,usp0001846,2014-11-06T23:24:23.275Z,"8 km NE of La Gomera, Guatemala",earthquake,,,,,reviewed,us,us
1980-05-28T04:25:07.800Z,14.07,-92.461,50,4.6,mb,,,,,us,usp00017qj,2014-11-06T23:24:22.578Z,"56 km SSW of Ocós, Guatemala",earthquake,,,,,reviewed,us,us
1980-05-27T23:14:10.700Z,14.013,-92.374,33,4.6,mb,,,,,us,usp00017px,2014-11-06T23:24:22.553Z,"near the coast of Chiapas, Mexico",earthquake,,,,,reviewed,us,us
1980-05-25T05:42:55.200Z,17.22,-92.443,33,4.5,mb,,,,,us,usp00017dr,2014-11-06T23:24:22.059Z,"3 km WSW of Petalcingo, Mexico",earthquake,,,,,reviewed,us,us
1980-05-18T07:09:38.000Z,14.716,-91.317,105,5.3,mb,,,,,us,usp000179x,2022-04-28T01:36:49.345Z,"0 km W of Santa María Visitación, Guatemala",earthquake,,,,,reviewed,us,us
1980-05-17T07:04:45.300Z,15.875,-92.063,179,4.2,mb,,,,,us,usp0001796,2014-11-06T23:24:21.865Z,"2 km S of Nueva Libertad (El Colorado), Mexico",earthquake,,,,,reviewed,us,us
1980-05-17T05:47:39.400Z,13.567,-91.089,71,4.9,mb,,,,,us,usp0001793,2014-11-06T23:24:21.862Z,"49 km SW of Puerto San José, Guatemala",earthquake,,,,,reviewed,us,us
1980-05-13T17:20:27.100Z,14.225,-90.032,47,4.8,mb,,,,,us,usp000176m,2014-11-06T23:24:21.760Z,"5 km S of Quesada, Guatemala",earthquake,,,,,reviewed,us,us
1980-05-08T08:55:12.600Z,13.56,-89.195,179,4.7,mb,,,,,us,usp000173s,2014-11-06T23:24:21.479Z,"2 km SE of Rosario de Mora, El Salvador",earthquake,,,,,reviewed,us,us
1980-05-02T15:09:04.400Z,13.648,-92.395,50,4.5,mb,,,,,us,usp000170m,2014-11-06T23:24:21.335Z,"88 km SW of Champerico, Guatemala",earthquake,,,,,reviewed,us,us
1980-04-29T19:07:59.700Z,13.715,-90.863,128,4.7,mb,,,,,us,usp00016ys,2014-11-06T23:24:21.247Z,"23 km S of Puerto San José, Guatemala",earthquake,,,,,reviewed,us,us
1980-04-21T13:17:57.100Z,14.558,-89.839,33,4.6,mb,,,,,us,usp00016sr,2014-11-06T23:24:20.646Z,"7 km NNE of Monjas, Guatemala",earthquake,,,,,reviewed,us,us
1980-04-08T03:50:11.300Z,13.952,-92.055,68,4.7,mb,,,,,us,usp00016gq,2014-11-06T23:24:20.219Z,"40 km SSW of Champerico, Guatemala",earthquake,,,,,reviewed,us,us
1980-03-31T11:52:34.200Z,13.938,-91.437,39,4.8,mb,,,,,us,usp00016cd,2014-11-06T23:24:19.810Z,"32 km SSW of Nueva Concepción, Guatemala",earthquake,,,,,reviewed,us,us
1980-03-16T07:23:11.300Z,14.449,-92.397,33,4.4,mb,,,,,us,usp000161h,2014-11-06T23:24:19.216Z,"20 km WSW of Brisas Barra de Suchiate, Mexico",earthquake,,,,,reviewed,us,us
1980-03-07T06:00:49.700Z,13.637,-90.463,103,4.7,mb,,,,,us,usp00015vf,2014-11-06T23:24:18.774Z,"42 km SE of Iztapa, Guatemala",earthquake,,,,,reviewed,us,us
1980-02-11T23:27:33.600Z,14.342,-90.24,33,4.8,mb,,,,,us,usp00015d9,2014-11-06T23:24:17.676Z,"5 km SE of Nueva Santa Rosa, Guatemala",earthquake,,,,,reviewed,us,us
1980-02-11T08:55:59.700Z,14.261,-90.836,33,3.9,mb,,,,,us,usp00015d3,2014-11-06T23:24:17.661Z,"6 km NNE of Masagua, Guatemala",earthquake,,,,,reviewed,us,us
1980-02-10T19:26:45.400Z,14.251,-91.051,92,4.4,mb,,,,,us,usp00015cz,2014-11-06T23:24:17.652Z,"9 km SSW of Santa Lucía Cotzumalguapa, Guatemala",earthquake,,,,,reviewed,us,us
1980-02-08T05:09:28.400Z,13.536,-90.717,33,4.5,mb,,,,,us,usp00015bw,2014-11-06T23:24:17.567Z,"43 km S of Iztapa, Guatemala",earthquake,,,,,reviewed,us,us
1980-02-01T02:58:24.200Z,14.273,-91.772,108,4.5,mb,,,,,us,usp000159g,2014-11-06T23:24:17.369Z,"15 km E of Champerico, Guatemala",earthquake,,,,,reviewed,us,us
1980-01-25T07:57:21.100Z,14.648,-92.028,114,4.5,mb,,,,,us,usp0001562,2014-11-06T23:24:17.086Z,"8 km S of Pajapita, Guatemala",earthquake,,,,,reviewed,us,us
1980-01-25T02:47:05.200Z,13.567,-90.125,150,4.7,mb,,,,,us,usp000155u,2014-11-06T23:24:17.069Z,"32 km W of Acajutla, El Salvador",earthquake,,,,,reviewed,us,us
1980-01-08T16:43:50.900Z,14.276,-91.362,89,4.5,mb,,,,,us,usp00014xk,2014-11-06T23:24:15.678Z,"0 km S of Tiquisate, Guatemala",earthquake,,,,,reviewed,us,us
1980-01-01T13:48:04.200Z,13.804,-90.733,59,4.6,mb,,,,,us,usp00014tq,2014-11-06T23:24:14.430Z,"14 km S of Iztapa, Guatemala",earthquake,,,,,reviewed,us,us
1979-12-20T12:08:34.300Z,14.324,-90.201,238,4.6,mb,,,,,us,usp00014m3,2014-11-06T23:22:08.342Z,"10 km SE of Nueva Santa Rosa, Guatemala",earthquake,,,,,reviewed,us,us
1979-12-16T12:50:00.900Z,15.305,-92.109,133,4.9,mb,,,,,us,usp00014jb,2014-11-06T23:22:08.262Z,"5 km W of Tectitán, Guatemala",earthquake,,,,,reviewed,us,us
1979-12-10T06:13:43.100Z,15.199,-91.45,185,4.9,mb,,,,,us,usp00014e8,2022-04-27T14:45:06.912Z,"7 km SE of Malacatancito, Guatemala",earthquake,,,,,reviewed,us,us
1979-11-16T17:23:15.900Z,14.809,-91.801,148,5,mb,,,,,us,usp000141s,2014-11-06T23:22:07.406Z,"2 km ENE of La Reforma, Guatemala",earthquake,,,,,reviewed,us,us
1979-11-13T09:35:36.000Z,13.834,-90.486,85,4.6,mb,,,,,us,usp0001400,2014-11-06T23:22:07.310Z,"25 km S of Taxisco, Guatemala",earthquake,,,,,reviewed,us,us
1979-11-13T04:19:01.300Z,14.565,-91.154,130,4.9,mb,,,,,us,usp00013zx,2014-11-06T23:22:07.307Z,"3 km SSW of San Lucas Tolimán, Guatemala",earthquake,,,,,reviewed,us,us
1979-11-12T01:40:25.100Z,13.736,-90.858,92,4.7,mb,,,,,us,usp00013z8,2014-11-06T23:22:07.282Z,"21 km S of Puerto San José, Guatemala",earthquake,,,,,reviewed,us,us
1979-11-06T08:58:18.900Z,13.629,-91.321,64,4.8,mb,,,,,us,usp00013vn,2014-11-06T23:22:07.135Z,"57 km SSW of La Gomera, Guatemala",earthquake,,,,,reviewed,us,us
1979-11-05T16:00:04.400Z,13.681,-91.436,63,5,mb,,,,,us,usp00013v3,2014-11-06T23:22:07.109Z,"59 km SSW of Nueva Concepción, Guatemala",earthquake,,,,,reviewed,us,us
1979-11-03T04:37:51.700Z,14.911,-91.781,121,4.8,mb,,,,,us,usp00013u3,2014-11-06T23:22:07.069Z,"0 km N of San Cristóbal Cucho, Guatemala",earthquake,,,,,reviewed,us,us
1979-10-28T12:54:01.000Z,13.817,-90.66,90,4,mb,,,,,us,usp00013re,2014-11-06T23:22:06.965Z,"13 km SSE of Iztapa, Guatemala",earthquake,,,,,reviewed,us,us
1979-10-27T21:43:24.900Z,13.778,-90.73,65,6.6,ms,,,,,us,usp00013r5,2025-12-19T22:03:11.946Z,"17 km S of Iztapa, Guatemala",earthquake,,,,,reviewed,us,us
1979-10-27T16:10:58.500Z,13.707,-90.879,84,4.9,mb,,,,,us,usp00013r1,2014-11-06T23:22:06.948Z,"25 km SSW of Puerto San José, Guatemala",earthquake,,,,,reviewed,us,us
1979-10-27T15:02:28.400Z,14.198,-90.359,59,4.9,mb,,,,,us,usp00013r0,2014-11-06T23:22:06.948Z,"9 km W of Santa María Ixhuatán, Guatemala",earthquake,,,,,reviewed,us,us
1979-10-27T14:35:57.300Z,13.833,-90.881,58,6.8,ms,,,,,us,usp00013qx,2025-12-19T22:03:10.871Z,"12 km SSW of Puerto San José, Guatemala",earthquake,,,,,reviewed,us,us
1979-10-10T03:45:46.200Z,13.926,-91.809,64,5,mb,,,,,us,usp00013be,2014-11-06T23:22:06.075Z,"42 km SSE of Champerico, Guatemala",earthquake,,,,,reviewed,us,us
1979-10-10T02:20:18.100Z,15.562,-88.661,33,4.8,mb,,,,,us,usp00013bd,2014-11-06T23:22:06.074Z,"19 km SSW of Puerto Barrios, Guatemala",earthquake,,,,,reviewed,us,us
1979-10-09T07:49:29.200Z,14.321,-90.082,33,5,mb,,,,,us,usp00013au,2022-04-27T14:50:46.814Z,"7 km NW of Quesada, Guatemala",earthquake,,,,,reviewed,us,us
1979-10-01T14:14:10.300Z,15.764,-92.17,161,5.4,mb,,,,,us,usp0001376,2022-04-27T14:50:09.463Z,"3 km ENE of Nueva Libertad, Mexico",earthquake,,,,,reviewed,us,us
1979-09-17T09:53:27.100Z,14.187,-91.907,70,4.8,mb,,,,,us,usp00012zv,2014-11-06T23:22:05.605Z,"11 km S of Champerico, Guatemala",earthquake,,,,,reviewed,us,us
1979-09-10T10:06:19.200Z,13.869,-91.619,100,4.8,mb,,,,,us,usp00012vu,2014-11-06T23:22:05.347Z,"50 km SW of Nueva Concepción, Guatemala",earthquake,,,,,reviewed,us,us
1979-09-08T04:17:27.400Z,13.718,-91.451,70,4.8,mb,,,,,us,usp00012ug,2014-11-06T23:22:05.286Z,"55 km SSW of Nueva Concepción, Guatemala",earthquake,,,,,reviewed,us,us
1979-08-29T05:15:35.100Z,14.425,-92.473,33,4.9,mb,,,,,us,usp00012ps,2014-11-06T23:22:05.103Z,"29 km WSW of Brisas Barra de Suchiate, Mexico",earthquake,,,,,reviewed,us,us
1979-08-06T12:51:12.700Z,14.239,-91.858,75,4.8,mb,,,,,us,usp000128e,2014-11-06T23:22:04.561Z,"Guatemala",earthquake,,,,,reviewed,us,us
1979-07-27T18:40:59.400Z,14.103,-92.078,78,4.6,mb,,,,,us,usp000123b,2014-11-06T23:22:04.159Z,"27 km SW of Champerico, Guatemala",earthquake,,,,,reviewed,us,us
1979-07-23T07:22:11.700Z,13.689,-89.876,72,4.3,mb,,,,,us,usp000120t,2014-11-06T23:22:04.063Z,"7 km SSW of Guaymango, El Salvador",earthquake,,,,,reviewed,us,us
1979-07-21T10:46:28.900Z,14.247,-92.163,73,4.9,mb,,,,,us,usp00011zm,2014-11-06T23:22:04.017Z,"27 km W of Champerico, Guatemala",earthquake,,,,,reviewed,us,us
1979-07-07T09:33:02.400Z,14.03,-91.018,93,5.1,mb,,,,,us,usp00011rj,2022-04-27T15:00:10.711Z,"6 km SE of La Gomera, Guatemala",earthquake,,,,,reviewed,us,us
1979-06-01T17:06:49.000Z,14.377,-91.598,69,4.8,mb,,,,,us,usp000111q,2014-11-06T23:22:01.843Z,"15 km SW of San Lorenzo, Guatemala",earthquake,,,,,reviewed,us,us
1979-06-01T12:58:13.100Z,13.543,-92.029,33,4.5,mb,,,,,us,usp000111j,2014-11-06T23:22:01.834Z,"83 km S of Champerico, Guatemala",earthquake,,,,,reviewed,us,us
1979-05-28T11:19:42.500Z,14.01,-89.795,107,4.4,mb,,,,,us,usp00010yw,2014-11-06T23:22:01.636Z,"5 km NW of Atiquizaya, El Salvador",earthquake,,,,,reviewed,us,us
1979-05-26T00:16:18.100Z,13.516,-92.254,10,5.3,mb,,,,,us,usp00010wa,2025-12-19T22:06:25.614Z,"93 km SSW of Champerico, Guatemala",earthquake,,,,,reviewed,us,us
1979-05-15T22:44:42.500Z,15.697,-88.428,33,4.6,mb,,,,,us,usp00010nt,2014-11-06T23:22:01.213Z,"15 km WNW of Potrerillos, Honduras",earthquake,,,,,reviewed,us,us
1979-04-30T22:20:18.500Z,13.518,-89.384,98,4.5,mb,,,,,us,usp00010cu,2014-11-06T23:22:00.800Z,"7 km WNW of La Libertad, El Salvador",earthquake,,,,,reviewed,us,us
1979-04-09T07:30:51.500Z,13.69,-88.975,140,4.9,mb,,,,,us,usp0000zwu,2014-11-06T23:21:59.798Z,"5 km WSW of Cojutepeque, El Salvador",earthquake,,,,,reviewed,us,us
1979-04-07T13:34:33.000Z,14.663,-90.575,92,4.5,mb,,,,,us,usp0000zvw,2014-11-06T23:21:59.763Z,"4 km NE of Mixco, Guatemala",earthquake,,,,,reviewed,us,us
1979-03-13T14:50:06.800Z,13.604,-89.157,98,4.7,mb,,,,,us,usp0000zb0,2014-11-06T23:21:58.311Z,"2 km ESE of Panchimalco, El Salvador",earthquake,,,,,reviewed,us,us
1979-03-08T13:18:49.100Z,14.37,-91.423,139,4.3,mb,,,,,us,usp0000z7g,2014-11-06T23:21:58.092Z,"8 km S of San José El Ídolo, Guatemala",earthquake,,,,,reviewed,us,us
1979-03-07T16:58:49.800Z,14.626,-88.762,66,4.9,mb,,,,,us,usp0000z6w,2014-11-06T23:21:58.056Z,"10 km SE of Ojos de Agua, Honduras",earthquake,,,,,reviewed,us,us
1979-01-14T21:41:39.500Z,14.965,-91.514,33,4.8,mb,,,,,us,usp0000yee,2014-11-06T23:21:55.820Z,"4 km ESE of San Carlos Sija, Guatemala",earthquake,,,,,reviewed,us,us
1979-01-12T03:59:01.900Z,14.286,-91.534,95,5.4,mb,,,,,us,usp0000yd5,2025-12-19T22:08:38.876Z,"18 km W of Tiquisate, Guatemala",earthquake,,,,,reviewed,us,us
1978-12-06T15:12:57.100Z,13.626,-91.993,33,4.8,mb,,,,,us,usp0000xss,2014-11-06T23:21:54.458Z,"74 km S of Champerico, Guatemala",earthquake,,,,,reviewed,us,us
1978-12-06T14:26:52.600Z,13.713,-92.288,32,5.7,mb,,,,,us,usp0000xsr,2022-04-27T15:18:49.681Z,"75 km SSW of Champerico, Guatemala",earthquake,,,,,reviewed,us,us
1978-11-05T16:21:01.200Z,15.81,-92.18,213,4.8,mb,,,,,us,usp0000x9x,2014-11-06T23:21:53.497Z,"4 km NE of Nueva Independencia, Mexico",earthquake,,,,,reviewed,us,us
1978-10-31T06:30:33.600Z,13.77,-91.078,60,5,mb,,,,,us,usp0000x70,2014-11-06T23:21:53.286Z,"32 km WSW of Puerto San José, Guatemala",earthquake,,,,,reviewed,us,us
1978-10-30T19:09:40.100Z,13.767,-91.206,58,5,mb,,,,,us,usp0000x6v,2014-11-06T23:21:53.281Z,"38 km SSW of La Gomera, Guatemala",earthquake,,,,,reviewed,us,us
1978-10-30T18:36:03.900Z,13.594,-91.35,56,4.5,mb,,,,,us,usp0000x6u,2014-11-06T23:21:53.280Z,"62 km SSW of La Gomera, Guatemala",earthquake,,,,,reviewed,us,us
1978-10-30T18:23:36.000Z,13.881,-91.05,73,5.3,mb,,,,,us,usp0000x6t,2025-12-19T22:10:37.541Z,"22 km S of La Gomera, Guatemala",earthquake,,,,,reviewed,us,us
1978-10-29T03:42:25.600Z,14.657,-91.786,33,4.9,mb,,,,,us,usp0000x5z,2014-11-06T23:21:53.179Z,"6 km NE of Génova, Guatemala",earthquake,,,,,reviewed,us,us
1978-10-17T20:16:49.500Z,13.762,-89.699,116,5.1,mb,,,,,us,usp0000x1f,2014-11-06T23:21:52.905Z,"3 km NW of Izalco, El Salvador",earthquake,,,,,reviewed,us,us
1978-09-24T23:41:14.200Z,15.348,-90.868,33,4.7,mb,,,,,us,usp0000wqb,2014-11-06T23:21:52.523Z,"0 km ENE of Uspantán, Guatemala",earthquake,,,,,reviewed,us,us
1978-09-10T23:24:15.600Z,14.27,-91.497,94,5.6,mb,,,,,us,usp0000wg6,2025-12-19T22:11:01.322Z,"14 km W of Tiquisate, Guatemala",earthquake,,,,,reviewed,us,us
1978-08-18T15:35:17.800Z,14.374,-91.454,96,5.5,mb,,,,,us,usp0000w3u,2022-04-27T15:29:57.474Z,"9 km SSW of San José El Ídolo, Guatemala",earthquake,,,,,reviewed,us,us
1978-08-02T02:33:08.100Z,14.408,-91.527,90,4.3,mb,,,,,us,usp0000vwe,2014-11-06T23:21:51.064Z,"8 km S of San Lorenzo, Guatemala",earthquake,,,,,reviewed,us,us
1978-07-31T20:18:48.500Z,13.905,-90.06,54,5,mb,,,,,us,usp0000vvk,2022-04-27T15:34:35.873Z,"8 km NW of San Francisco Menéndez, El Salvador",earthquake,,,,,reviewed,us,us
1978-07-29T14:37:32.700Z,14.843,-91.022,10,4.9,mb,,,,,us,usp0000vur,2022-04-27T15:34:26.922Z,"7 km NW of Santa Apolonia, Guatemala",earthquake,,,,,reviewed,us,us
1978-07-06T05:04:36.100Z,13.562,-91.069,113,4.6,mb,,,,,us,usp0000vex,2014-11-06T23:21:50.217Z,"48 km SSW of Puerto San José, Guatemala",earthquake,,,,,reviewed,us,us
1978-06-24T00:11:45.100Z,17.142,-91.036,33,4.6,mb,,,,,us,usp0000v8s,2014-11-06T23:21:50.014Z,"32 km ENE of Nuevo Francisco León, Mexico",earthquake,,,,,reviewed,us,us
1978-06-15T19:17:08.000Z,14.601,-92.103,78,4.5,mb,,,,,us,usp0000v2k,2014-11-06T23:21:49.715Z,"9 km ESE of Ignacio López Rayón, Mexico",earthquake,,,,,reviewed,us,us
1978-05-25T11:17:05.700Z,13.958,-92.068,33,5,mb,,,,,us,usp0000ur6,2014-11-06T23:21:49.336Z,"40 km SSW of Champerico, Guatemala",earthquake,,,,,reviewed,us,us
1978-05-14T08:32:14.600Z,15.279,-92.079,101,4.8,mb,,,,,us,usp0000uhv,2014-11-06T23:21:49.123Z,"3 km SSW of Tectitán, Guatemala",earthquake,,,,,reviewed,us,us
1978-05-13T03:36:09.500Z,14.073,-91.999,68,4.8,mb,,,,,us,usp0000uha,2014-11-06T23:21:49.106Z,"26 km SSW of Champerico, Guatemala",earthquake,,,,,reviewed,us,us
1978-05-12T05:08:00.400Z,14.037,-92.009,73,4.8,mb,,,,,us,usp0000ugw,2014-11-06T23:21:49.091Z,"30 km SSW of Champerico, Guatemala",earthquake,,,,,reviewed,us,us
1978-05-11T23:18:25.400Z,13.915,-92.199,59,5.5,ms,,,,,us,usp0000ugt,2025-12-19T20:01:24.386Z,"52 km SW of Champerico, Guatemala",earthquake,,,,,reviewed,us,us
1978-05-11T21:05:22.200Z,14.207,-92.076,86,4.9,mb,,,,,us,usp0000ugp,2014-11-06T23:21:49.084Z,"20 km WSW of Champerico, Guatemala",earthquake,,,,,reviewed,us,us
1978-05-11T17:35:59.600Z,14.142,-92.095,90,4.6,mb,,,,,us,usp0000ugk,2014-11-06T23:21:49.081Z,"25 km SW of Champerico, Guatemala",earthquake,,,,,reviewed,us,us
1978-04-15T17:18:39.000Z,14.2,-91.386,107,5.2,mb,,,,,us,usp0000u45,2014-11-06T23:21:48.547Z,"9 km W of Nueva Concepción, Guatemala",earthquake,,,,,reviewed,us,us
1978-03-30T19:30:12.600Z,15.047,-90.304,33,5.1,mb,,,,,us,usp0000tuv,2022-04-27T15:54:33.246Z,"6 km SSE of Salamá, Guatemala",earthquake,,,,,reviewed,us,us
1978-03-28T09:01:56.300Z,14.044,-92.227,82,4.5,mb,,,,,us,usp0000ttb,2014-11-06T23:21:48.152Z,"43 km SW of Champerico, Guatemala",earthquake,,,,,reviewed,us,us
1978-03-14T07:49:49.600Z,14.1,-90.989,153,4.7,mb,,,,,us,usp0000td0,2014-11-06T23:21:47.626Z,"7 km ENE of La Gomera, Guatemala",earthquake,,,,,reviewed,us,us
1978-03-10T01:01:38.500Z,14.317,-91.71,49,4.1,mb,,,,,us,usp0000tan,2014-11-06T23:21:47.551Z,"21 km E of Champerico, Guatemala",earthquake,,,,,reviewed,us,us
1978-03-08T23:42:36.800Z,13.501,-91.08,194,4.4,mb,,,,,us,usp0000ta6,2014-11-06T23:21:47.537Z,"54 km SSW of Puerto San José, Guatemala",earthquake,,,,,reviewed,us,us
1978-03-04T17:35:09.400Z,14.341,-91.334,101,5.2,mb,,,,,us,usp0000t7v,2014-11-06T23:21:47.462Z,"6 km SSW of Río Bravo, Guatemala",earthquake,,,,,reviewed,us,us
1978-02-22T19:31:41.400Z,14.059,-90.566,102,5.1,mb,,,,,us,usp0000t3h,2014-11-06T23:21:47.321Z,"10 km W of Taxisco, Guatemala",earthquake,,,,,reviewed,us,us
1978-02-22T07:34:40.000Z,14.316,-91.501,90,4.2,mb,,,,,us,usp0000t39,2014-11-06T23:21:47.292Z,"15 km WNW of Tiquisate, Guatemala",earthquake,,,,,reviewed,us,us
1978-02-22T06:07:37.000Z,14.249,-91.378,100,5.7,mb,,,,,us,usp0000t37,2025-12-19T20:03:47.134Z,"4 km SSW of Tiquisate, Guatemala",earthquake,,,,,reviewed,us,us
1978-02-19T19:42:43.300Z,13.682,-90.694,74,5.1,mb,,,,,us,usp0000t1s,2022-04-27T15:56:39.415Z,"27 km S of Iztapa, Guatemala",earthquake,,,,,reviewed,us,us
1978-02-12T12:16:45.200Z,14.292,-92.357,53,4.9,mb,,,,,us,usp0000sy1,2014-11-06T23:21:46.993Z,"29 km SW of Ocós, Guatemala",earthquake,,,,,reviewed,us,us
1978-02-03T10:00:58.900Z,14.921,-92.188,108,4.3,mb,,,,,us,usp0000sts,2014-11-06T23:21:46.851Z,"1 km W of 1ra. Sección de Izapa, Mexico",earthquake,,,,,reviewed,us,us
1978-01-20T02:12:41.300Z,14.26,-92.098,84,5,mb,,,,,us,usp0000sm4,2014-11-06T23:21:46.635Z,"20 km W of Champerico, Guatemala",earthquake,,,,,reviewed,us,us
1977-12-03T22:19:09.500Z,14.933,-92.438,67,4.7,mb,,,,,us,usp0000rxb,2014-11-06T23:21:45.783Z,"0 km NE of Marte R. Gómez, Mexico",earthquake,,,,,reviewed,us,us
1977-11-28T04:36:52.500Z,15.335,-91.433,225,5.1,mb,,,,,us,usp0000ruf,2014-11-06T23:21:45.573Z,"3 km SE of Chiantla, Guatemala",earthquake,,,,,reviewed,us,us
1977-11-04T12:49:47.500Z,13.862,-90.588,104,5,mb,,,,,us,usp0000rcb,2014-11-06T23:21:45.078Z,"15 km ESE of Iztapa, Guatemala",earthquake,,,,,reviewed,us,us
1977-10-30T22:28:39.500Z,13.653,-90.117,96,4,mb,,,,,us,usp0000rad,2014-11-06T23:21:45.017Z,"23 km SSW of San Francisco Menéndez, El Salvador",earthquake,,,,,reviewed,us,us
1977-10-25T06:33:58.500Z,14.966,-91.223,117,4.8,mb,,,,,us,usp0000r78,2014-11-06T23:21:44.905Z,"1 km W of Patzité, Guatemala",earthquake,,,,,reviewed,us,us
1977-09-18T05:44:09.300Z,13.558,-89.954,108,5,mb,,,,,us,usp0000qq2,2014-11-06T23:21:44.249Z,"14 km WSW of Acajutla, El Salvador",earthquake,,,,,reviewed,us,us
1977-09-10T10:21:11.500Z,13.947,-91.681,78,5.6,mb,,,,,us,usp0000qjx,2025-12-19T20:06:51.018Z,"45 km SSE of Champerico, Guatemala",earthquake,,,,,reviewed,us,us
1977-08-21T13:50:54.800Z,14.87,-91.873,190,4.3,mb,,,,,us,usp0000q8f,2014-11-06T23:21:43.678Z,"6 km E of El Tumbador, Guatemala",earthquake,,,,,reviewed,us,us
1977-08-21T11:33:50.800Z,13.788,-90.057,84,4.8,mb,,,,,us,usp0000q8c,2014-11-06T23:21:43.675Z,"7 km SW of San Francisco Menéndez, El Salvador",earthquake,,,,,reviewed,us,us
1977-08-15T05:54:28.100Z,14.399,-90.963,121,4.3,mb,,,,,us,usp0000q3q,2014-11-06T23:21:43.515Z,"9 km NE of Santa Lucía Cotzumalguapa, Guatemala",earthquake,,,,,reviewed,us,us
1977-07-07T10:56:13.600Z,13.967,-91.521,85,4.5,mb,,,,,us,usp0000pms,2014-11-06T23:21:42.876Z,"35 km SW of Nueva Concepción, Guatemala",earthquake,,,,,reviewed,us,us
1977-06-13T05:28:39.100Z,13.787,-90.418,111,4.4,mb,,,,,us,usp0000p97,2014-11-06T23:21:42.373Z,"31 km SW of Pasaco, Guatemala",earthquake,,,,,reviewed,us,us
1977-06-12T11:59:51.600Z,14.612,-91.721,105,4.5,mb,,,,,us,usp0000p8r,2014-11-06T23:21:42.359Z,"1 km NNE of El Asintal, Guatemala",earthquake,,,,,reviewed,us,us
1977-05-13T13:44:47.400Z,14.609,-91.975,101,4.6,mb,,,,,us,usp0000nvj,2014-11-06T23:21:41.872Z,"12 km WSW of Flores Costa Cuca, Guatemala",earthquake,,,,,reviewed,us,us
1977-05-13T03:02:07.700Z,14.172,-91.626,82,4.8,mb,,,,,us,usp0000nv9,2014-11-06T23:21:41.864Z,"31 km WSW of Tiquisate, Guatemala",earthquake,,,,,reviewed,us,us
1977-04-30T02:42:29.200Z,13.587,-90.592,59,4.4,mb,,,,,us,usp0000npj,2014-11-06T23:21:41.602Z,"40 km SSE of Iztapa, Guatemala",earthquake,,,,,reviewed,us,us
1977-04-21T15:08:54.900Z,14.741,-91.5,109,4.9,mb,,,,,us,usp0000nj0,2014-11-06T23:21:41.308Z,"5 km SSW of Zunil, Guatemala",earthquake,,,,,reviewed,us,us
1977-04-17T14:41:27.300Z,13.629,-88.241,208,4.8,mb,,,,,us,usp0000neu,2014-11-06T23:21:41.110Z,"2 km E of Chapeltique, El Salvador",earthquake,,,,,reviewed,us,us
1977-04-16T11:20:05.300Z,15.864,-91.457,33,4.5,mb,,,,,us,usp0000nea,2014-11-06T23:21:41.054Z,"4 km NNE of San Mateo Ixtatán, Guatemala",earthquake,,,,,reviewed,us,us
1977-04-07T20:28:28.700Z,14.757,-91.239,33,4.9,mb,,,,,us,usp0000na0,2014-11-06T23:21:40.733Z,"2 km WSW of San José Chacayá, Guatemala",earthquake,,,,,reviewed,us,us
1977-03-31T07:41:20.800Z,13.685,-91.043,174,4.7,mb,,,,,us,usp0000n6y,2014-11-06T23:21:40.600Z,"35 km SW of Puerto San José, Guatemala",earthquake,,,,,reviewed,us,us
1977-03-31T07:39:01.800Z,13.748,-91.17,55,4.9,mb,,,,,us,usp0000n6x,2014-11-06T23:21:40.598Z,"39 km SSW of La Gomera, Guatemala",earthquake,,,,,reviewed,us,us
1977-03-13T07:36:12.700Z,14.36,-91.329,183,4.5,mb,,,,,us,usp0000mwd,2014-11-06T23:21:40.141Z,"4 km SSW of Río Bravo, Guatemala",earthquake,,,,,reviewed,us,us
1977-03-10T15:10:03.300Z,14.933,-92.303,107,4.8,mb,,,,,us,usp0000mvk,2014-11-06T23:21:40.119Z,"3 km NE of Viva México, Mexico",earthquake,,,,,reviewed,us,us
1977-02-28T00:44:11.100Z,13.931,-90.892,61,4.7,mb,,,,,us,usp0000mrn,2014-11-06T23:21:40.013Z,"7 km W of Puerto San José, Guatemala",earthquake,,,,,reviewed,us,us
1977-01-23T17:00:39.300Z,13.919,-91.745,85,5.1,mb,,,,,us,usp0000mam,2014-11-06T23:21:39.454Z,"45 km SSE of Champerico, Guatemala",earthquake,,,,,reviewed,us,us
1977-01-16T20:49:15.800Z,14.46,-91.701,88,4.7,mb,,,,,us,usp0000m6z,2014-11-06T23:21:39.354Z,"8 km SSW of Retalhuleu, Guatemala",earthquake,,,,,reviewed,us,us
1977-01-16T16:41:08.600Z,13.931,-91.049,100,4.7,mb,,,,,us,usp0000m6x,2014-11-06T23:21:39.353Z,"16 km S of La Gomera, Guatemala",earthquake,,,,,reviewed,us,us
1976-12-11T17:20:39.100Z,13.596,-88.895,79,5,mb,,,,,us,usp0000kqh,2022-04-27T16:43:20.708Z,"10 km NE of Santiago Nonualco, El Salvador",earthquake,,,,,reviewed,us,us
1976-12-09T04:24:30.600Z,14.356,-90.214,199,4.7,mb,,,,,us,usp0000kpf,2014-11-06T23:21:38.528Z,"7 km ESE of Nueva Santa Rosa, Guatemala",earthquake,,,,,reviewed,us,us
1976-12-01T17:44:48.600Z,13.531,-89.251,85,4.9,mb,,,,,us,usp0000kk8,2014-11-06T23:21:38.450Z,"6 km SW of Rosario de Mora, El Salvador",earthquake,,,,,reviewed,us,us
1976-11-16T02:19:07.100Z,14.188,-91.362,94,4.6,mb,,,,,us,usp0000kbk,2014-11-06T23:21:38.236Z,"6 km W of Nueva Concepción, Guatemala",earthquake,,,,,reviewed,us,us
1976-11-07T06:41:42.800Z,13.672,-90.421,85,4.6,mb,,,,,us,usp0000k7z,2014-11-06T23:21:38.121Z,"40 km SW of Pasaco, Guatemala",earthquake,,,,,reviewed,us,us
1976-11-06T12:37:42.700Z,13.619,-90.568,86,4.9,mb,,,,,us,usp0000k79,2014-11-06T23:21:38.059Z,"37 km SSE of Iztapa, Guatemala",earthquake,,,,,reviewed,us,us
1976-10-29T04:48:51.700Z,14.22,-91.997,33,5,mb,,,,,us,usp0000k3f,2022-04-27T16:51:37.113Z,"12 km SW of Champerico, Guatemala",earthquake,,,,,reviewed,us,us
1976-09-14T23:47:35.100Z,13.932,-90.99,103,4.6,mb,,,,,us,usp0000jdf,2014-11-06T23:21:37.198Z,"17 km SSE of La Gomera, Guatemala",earthquake,,,,,reviewed,us,us
1976-09-02T04:15:05.000Z,15.634,-88.487,43,4.3,mb,,,,,us,usp0000j5p,2014-11-06T23:21:36.996Z,"15 km SE of Puerto Barrios, Guatemala",earthquake,,,,,reviewed,us,us
1976-09-01T22:34:37.900Z,13.512,-88.111,73,4.6,mb,,,,,us,usp0000j5h,2014-11-06T23:21:36.992Z,"8 km ENE of San Miguel, El Salvador",earthquake,,,,,reviewed,us,us
1976-08-23T03:41:30.800Z,14.775,-89.649,88,4.5,mb,,,,,us,usp0000j0q,2014-11-06T23:21:36.873Z,"8 km NW of San José La Arada, Guatemala",earthquake,,,,,reviewed,us,us
1976-08-15T18:21:37.900Z,13.58,-89.472,69,4.4,mb,,,,,us,usp0000huw,2014-11-06T23:21:36.714Z,"18 km S of Armenia, El Salvador",earthquake,,,,,reviewed,us,us
1976-08-08T11:02:45.700Z,14.047,-91.38,84,4.8,mb,,,,,us,usp0000hs0,2014-11-06T23:21:36.572Z,"19 km SSW of Nueva Concepción, Guatemala",earthquake,,,,,reviewed,us,us
1976-08-03T10:36:12.300Z,14.26,-91.071,106,4.2,mb,,,,,us,usp0000hq3,2014-11-06T23:21:36.495Z,"9 km SSW of Santa Lucía Cotzumalguapa, Guatemala",earthquake,,,,,reviewed,us,us
1976-07-22T22:00:32.600Z,14.929,-91.972,112,4.6,mb,,,,,us,usp0000hfr,2014-11-06T23:21:36.316Z,"1 km NNE of El Rodeo, Guatemala",earthquake,,,,,reviewed,us,us
1976-07-14T09:23:30.400Z,15.571,-88.042,33,4.6,mb,,,,,us,usp0000hbj,2020-08-26T01:04:48.074Z,"4 km NNE of Peña Blanca, Honduras",earthquake,,,,,reviewed,us,us
1976-06-28T14:33:06.400Z,13.929,-90.705,100,4.8,mb,,,,,us,usp0000h3m,2014-11-06T23:21:36.011Z,"0 km SSE of Iztapa, Guatemala",earthquake,,,,,reviewed,us,us
1976-06-22T11:58:23.100Z,13.944,-90.777,81,4.9,mb,,,,,us,usp0000h04,2014-11-06T23:21:35.841Z,"5 km ENE of Puerto San José, Guatemala",earthquake,,,,,reviewed,us,us
1976-05-15T12:56:42.700Z,14.273,-90.859,83,4.4,mb,,,,,us,usp0000gbx,2014-11-06T23:21:35.287Z,"7 km N of Masagua, Guatemala",earthquake,,,,,reviewed,us,us
1976-04-28T04:39:34.700Z,13.931,-90.654,69,4.8,mb,,,,,us,usp0000g2s,2014-11-06T23:21:34.960Z,"5 km E of Iztapa, Guatemala",earthquake,,,,,reviewed,us,us
1976-04-26T15:24:22.000Z,15.016,-89.607,5,4.1,mb,,,,,us,usp0000g27,2014-11-06T23:21:34.948Z,"3 km SW of Río Hondo, Guatemala",earthquake,,,,,reviewed,us,us
1976-04-11T11:24:23.400Z,14.646,-92.109,28,4.7,mb,,,,,us,usp0000fue,2014-11-06T23:21:34.778Z,"4 km SE of Ciudad Tecún Umán, Guatemala",earthquake,,,,,reviewed,us,us
1976-03-13T16:30:41.500Z,14.767,-91.061,5,5.4,mb,,,,,us,usp0000fed,2025-12-19T20:21:55.023Z,"7 km W of Tecpán Guatemala, Guatemala",earthquake,,,,,reviewed,us,us
1976-03-09T07:42:37.300Z,14.869,-90.943,5,5.2,mb,,,,,us,usp0000fcd,2022-04-27T17:13:27.855Z,"6 km NNW of San José Poaquil, Guatemala",earthquake,,,,,reviewed,us,us
1976-03-07T03:15:41.200Z,14.808,-90.889,5,5.1,mb,,,,,us,usp0000fbe,2025-12-19T20:21:47.953Z,"Guatemala",earthquake,,,,,reviewed,us,us
1976-03-07T02:54:04.200Z,14.728,-91.016,5,5.1,mb,,,,,us,usp0000fbd,2022-04-27T17:13:11.275Z,"4 km SW of Tecpán Guatemala, Guatemala",earthquake,,,,,reviewed,us,us
1976-02-24T06:25:27.300Z,14.221,-90.418,5,4.4,mb,,,,,us,usp0000f6w,2014-11-06T23:21:34.189Z,"6 km E of Pueblo Nuevo Viñas, Guatemala",earthquake,,,,,reviewed,us,us
1976-02-20T14:20:42.200Z,13.677,-92.264,32,5.5,mb,,,,,us,usp0000f4w,2022-04-27T17:17:07.057Z,"78 km SSW of Champerico, Guatemala",earthquake,,,,,reviewed,us,us
1976-02-19T22:56:07.300Z,14.3,-90.335,61,4.9,mb,,,,,us,usp0000f4j,2022-04-27T17:16:49.477Z,"2 km ESE of Barberena, Guatemala",earthquake,,,,,reviewed,us,us
1976-02-10T17:35:52.300Z,14.515,-88.964,5,4.6,mb,,,,,us,usp0000f0d,2014-11-06T23:21:34.034Z,"4 km NW of Sensenti, Honduras",earthquake,,,,,reviewed,us,us
1976-02-10T06:17:42.600Z,14.833,-89.798,5,4.9,mb,,,,,us,usp0000f07,2022-04-27T17:15:50.890Z,"5 km NNW of San Diego, Guatemala",earthquake,,,,,reviewed,us,us
1976-02-10T02:28:39.800Z,14.921,-90.778,5,4.2,mb,,,,,us,usp0000f05,2014-11-06T23:21:34.028Z,"8 km SSE of Joyabaj, Guatemala",earthquake,,,,,reviewed,us,us
1976-02-09T11:44:46.600Z,15.319,-89.073,5,5.2,mb,,,,,us,usp0000ezx,2022-04-27T17:15:48.174Z,"7 km NNE of Los Amates, Guatemala",earthquake,,,,,reviewed,us,us
1976-02-08T08:13:46.700Z,15.571,-88.466,5,5.6,ms,,,,,us,usp0000eza,2025-12-19T20:22:22.636Z,"17 km N of Correderos, Honduras",earthquake,,,,,reviewed,us,us
1976-02-08T04:38:27.800Z,14.392,-90.515,5,3.9,mb,,,,,us,usp0000ez8,2014-11-06T23:21:34.008Z,"10 km SSE of Villa Canales, Guatemala",earthquake,,,,,reviewed,us,us
1976-02-07T02:28:41.900Z,14.335,-90.886,5,4.3,mb,,,,,us,usp0000eyu,2014-11-06T23:21:33.998Z,"11 km WNW of Escuintla, Guatemala",earthquake,,,,,reviewed,us,us
1976-02-06T18:19:17.900Z,14.764,-90.61,5,5.7,mb,,,,,us,usp0000eyq,2025-12-19T20:22:21.327Z,"1 km W of San Raimundo, Guatemala",earthquake,,,,,reviewed,us,us
1976-02-06T18:11:58.900Z,14.316,-90.432,5,5,mb,,,,,us,usp0000eyp,2022-04-27T17:15:43.834Z,"7 km W of Barberena, Guatemala",earthquake,,,,,reviewed,us,us
1976-02-06T04:11:04.500Z,14.872,-91.014,5,4.7,mb,,,,,us,usp0000eye,2014-11-06T23:21:33.988Z,"10 km NNW of Santa Apolonia, Guatemala",earthquake,,,,,reviewed,us,us
1976-02-06T01:57:17.600Z,15.363,-90.278,5,4,mb,,,,,us,usp0000eyc,2014-11-06T23:21:33.987Z,"7 km NW of Tamahú, Guatemala",earthquake,,,,,reviewed,us,us
1976-02-05T04:09:30.200Z,15.232,-90.626,5,4.3,mb,,,,,us,usp0000exs,2014-11-06T23:21:33.975Z,"14 km N of Cubulco, Guatemala",earthquake,,,,,reviewed,us,us
1976-02-05T01:00:50.700Z,14.733,-91.166,5,4.4,mb,,,,,us,usp0000exp,2014-11-06T23:21:33.973Z,"1 km SW of Panajachel, Guatemala",earthquake,,,,,reviewed,us,us
1976-02-04T17:20:44.700Z,15.856,-88.286,5,4.4,mb,,,,,us,usp0000exh,2014-11-06T23:21:33.969Z,"22 km NNW of Cuyamel, Honduras",earthquake,,,,,reviewed,us,us
1976-02-04T16:40:53.900Z,15.361,-89.184,5,4.5,mb,,,,,us,usp0000exg,2014-11-06T23:21:33.968Z,"14 km NW of Los Amates, Guatemala",earthquake,,,,,reviewed,us,us
1976-02-04T12:57:52.800Z,15.421,-89.223,5,4.3,mb,,,,,us,usp0000ex9,2014-11-06T23:21:33.964Z,"16 km SE of El Estor, Guatemala",earthquake,,,,,reviewed,us,us
1976-02-04T11:24:57.100Z,14.696,-90.879,5,4.7,mb,,,,,us,usp0000ex7,2014-11-06T23:21:33.963Z,"4 km ENE of Santa Cruz Balanyá, Guatemala",earthquake,,,,,reviewed,us,us
1976-02-04T10:03:49.900Z,14.172,-90.729,5,5,mb,,,,,us,usp0000ex5,2022-04-27T17:15:32.084Z,"11 km WSW of Guanagazapa, Guatemala",earthquake,,,,,reviewed,us,us
1976-02-04T09:30:29.400Z,14.943,-90.562,5,5.4,mb,,,,,us,usp0000ex4,2022-04-27T17:15:30.577Z,"5 km NW of Granados, Guatemala",earthquake,,,,,reviewed,us,us
1976-02-04T09:01:43.400Z,15.324,-89.101,5,7.5,mw,,,,,us,usp0000ex3,2025-12-19T20:22:17.364Z,"7 km N of Los Amates, Guatemala",earthquake,,,,,reviewed,us,01000
1976-01-31T04:55:56.100Z,13.703,-88.354,123,4.5,mb,,,,,us,usp0000euh,2014-11-06T23:21:33.823Z,"2 km SE of Sesori, El Salvador",earthquake,,,,,reviewed,us,us
1976-01-30T10:41:26.000Z,13.796,-88.418,38,4.7,mb,,,,,us,usp0000eu3,2014-11-06T23:21:33.814Z,"10 km NNW of Sesori, El Salvador",earthquake,,,,,reviewed,us,us
1976-01-26T09:31:53.400Z,14.146,-90.518,50,4.6,mb,,,,,us,usp0000erj,2014-11-06T23:21:33.719Z,"9 km SSW of Pueblo Nuevo Viñas, Guatemala",earthquake,,,,,reviewed,us,us
1976-01-26T07:28:43.400Z,13.692,-90.848,33,4.8,mb,,,,,us,usp0000erg,2014-11-06T23:21:33.717Z,"26 km S of Puerto San José, Guatemala",earthquake,,,,,reviewed,us,us
1976-01-26T03:17:46.300Z,13.942,-91.005,69,5.1,mb,,,,,us,usp0000erb,2014-11-06T23:21:33.714Z,"16 km SSE of La Gomera, Guatemala",earthquake,,,,,reviewed,us,us
1976-01-25T10:59:48.400Z,13.932,-90.883,103,5,mb,,,,,us,usp0000eqn,2014-11-06T23:21:33.700Z,"6 km W of Puerto San José, Guatemala",earthquake,,,,,reviewed,us,us
1976-01-25T03:37:29.400Z,14.76,-91.872,139,4.9,mb,,,,,us,usp0000eqj,2014-11-06T23:21:33.698Z,"5 km W of El Quetzal, Guatemala",earthquake,,,,,reviewed,us,us
1976-01-18T08:08:50.300Z,14.595,-91.226,131,4.5,mb,,,,,us,usp0000ehu,2014-11-06T23:21:33.568Z,"4 km S of Santiago Atitlán, Guatemala",earthquake,,,,,reviewed,us,us
1976-01-01T23:23:02.400Z,13.966,-92.448,51,4.7,mb,,,,,us,usp0000e85,2014-11-06T23:21:33.340Z,"66 km SSW of Ocós, Guatemala",earthquake,,,,,reviewed,us,us
1975-09-30T19:01:25.700Z,16.191,-91.511,298,4.3,mb,,,,,us,usp0000d0j,2014-11-06T23:21:32.172Z,"8 km NW of Nuevo San Juan Chamula, Mexico",earthquake,,,,,reviewed,us,us
1975-09-30T15:35:24.400Z,14.324,-91.03,107,4.8,mb,,,,,us,usp0000d0f,2014-11-06T23:21:32.170Z,"1 km SSW of Santa Lucía Cotzumalguapa, Guatemala",earthquake,,,,,reviewed,us,us
1975-09-21T15:55:27.200Z,14.115,-91.013,102,4.8,mb,,,,,us,usp0000cwg,2014-11-06T23:21:32.091Z,"5 km NE of La Gomera, Guatemala",earthquake,,,,,reviewed,us,us
1975-09-12T08:56:58.800Z,13.62,-90.868,43,4.3,mb,,,,,us,usp0000csa,2014-11-06T23:21:31.913Z,"34 km S of Puerto San José, Guatemala",earthquake,,,,,reviewed,us,us
1975-08-31T13:19:03.700Z,14.079,-90.557,88,4.5,mb,,,,,us,usp0000cnq,2014-11-06T23:21:31.798Z,"9 km W of Taxisco, Guatemala",earthquake,,,,,reviewed,us,us
1975-08-13T23:07:43.500Z,14.528,-89.877,256,4.7,mb,,,,,us,usp0000cf9,2014-11-06T23:21:31.664Z,"2 km N of Monjas, Guatemala",earthquake,,,,,reviewed,us,us
1975-07-17T17:52:01.200Z,13.568,-89.122,33,4.5,mb,,,,,us,usp0000c15,2014-11-06T23:21:31.246Z,"0 km WSW of Olocuilta, El Salvador",earthquake,,,,,reviewed,us,us
1975-06-26T06:45:17.600Z,13.995,-90.77,76,4.8,mb,,,,,us,usp0000bsg,2025-12-19T20:30:06.122Z,"9 km NE of Puerto San José, Guatemala",earthquake,,,,,reviewed,us,us
1975-06-07T16:07:01.100Z,14.38,-92.499,33,4.5,mb,,,,,us,usp0000bc3,2014-11-06T23:21:30.562Z,"34 km WSW of Brisas Barra de Suchiate, Mexico",earthquake,,,,,reviewed,us,us
1975-04-23T15:03:51.900Z,13.654,-92.245,33,4.6,mb,,,,,us,usp0000asa,2014-11-06T23:21:29.946Z,"79 km SSW of Champerico, Guatemala",earthquake,,,,,reviewed,us,us
1975-04-14T23:17:43.100Z,13.617,-90.23,107,4.3,mb,,,,,us,usp0000amg,2014-11-06T23:21:29.768Z,"34 km SW of San Francisco Menéndez, El Salvador",earthquake,,,,,reviewed,us,us
1975-04-04T14:36:57.400Z,14.379,-91.365,143,4.2,mb,,,,,us,usp0000afx,2014-11-06T23:21:29.620Z,"5 km WSW of Río Bravo, Guatemala",earthquake,,,,,reviewed,us,us
1975-03-25T02:31:22.200Z,13.647,-90.737,33,5.3,ms,,,,,us,usp0000ac1,2025-12-19T20:32:42.598Z,"near the coast of Guatemala",earthquake,,,,,reviewed,us,us
1975-03-24T07:15:32.300Z,15.131,-90.813,33,4.5,mb,,,,,us,usp0000abt,2014-11-06T23:21:29.483Z,"5 km SE of Canillá, Guatemala",earthquake,,,,,reviewed,us,us
1975-03-24T06:59:56.500Z,13.631,-90.767,59,4.9,mb,,,,,us,usp0000abs,2025-12-19T20:32:41.377Z,"33 km S of Puerto San José, Guatemala",earthquake,,,,,reviewed,us,us
1975-02-24T14:19:42.100Z,14.785,-91.918,33,4.6,mb,,,,,us,usp0000a0t,2014-11-06T23:21:29.008Z,"0 km SSE of Nuevo Progreso, Guatemala",earthquake,,,,,reviewed,us,us
1975-02-20T03:23:54.600Z,14.511,-91.121,143,4.6,mb,,,,,us,usp00009z1,2014-11-06T23:21:28.926Z,"5 km SW of Pochuta, Guatemala",earthquake,,,,,reviewed,us,us
1975-02-03T01:03:25.200Z,15.606,-91.804,218,5.4,mb,,,,,us,usp00009s7,2014-11-06T23:21:28.707Z,"5 km SW of San Antonio Huista, Guatemala",earthquake,,,,,reviewed,us,us
1975-01-21T00:36:11.300Z,14.374,-92.135,106,4.4,mb,,,,,us,usp00009k3,2014-11-06T23:21:28.483Z,"16 km SSE of Ocós, Guatemala",earthquake,,,,,reviewed,us,us
1975-01-11T18:07:44.400Z,14.537,-91.446,104,4.6,mb,,,,,us,usp00009ft,2014-11-06T23:21:28.352Z,"1 km ESE of San Bernardino, Guatemala",earthquake,,,,,reviewed,us,us
1975-01-09T06:12:47.400Z,13.994,-92.026,59,4.6,mb,,,,,us,usp00009ew,2014-11-06T23:21:28.317Z,"35 km SSW of Champerico, Guatemala",earthquake,,,,,reviewed,us,us
1975-01-01T23:41:22.000Z,14.221,-91.842,108,4.4,mb,,,,,us,usp00009c3,2014-11-06T23:21:28.212Z,"11 km SE of Champerico, Guatemala",earthquake,,,,,reviewed,us,us
1975-01-01T22:52:36.400Z,14.133,-91.883,80,5,mb,,,,,us,usp00009c2,2014-11-06T23:21:28.211Z,"18 km S of Champerico, Guatemala",earthquake,,,,,reviewed,us,us
1974-12-31T21:56:10.000Z,14.196,-91.942,75,4.9,mb,,,,,us,usp00009b2,2014-11-06T23:21:28.171Z,"11 km SSW of Champerico, Guatemala",earthquake,,,,,reviewed,us,us
1974-12-31T20:21:09.000Z,14.126,-91.824,39,6.1,ms,,,,,us,usp00009b0,2025-12-19T19:24:14.662Z,"20 km SSE of Champerico, Guatemala",earthquake,,,,,reviewed,us,us
1974-12-31T20:15:32.700Z,14.15,-91.921,75,5.4,mb,,,,,us,usp00009az,2022-04-27T18:00:35.211Z,"15 km S of Champerico, Guatemala",earthquake,,,,,reviewed,us,us
1974-12-28T23:49:51.000Z,14.974,-91.062,186,4.6,mb,,,,,us,usp000099n,2014-11-06T23:21:28.043Z,"3 km S of Chiché, Guatemala",earthquake,,,,,reviewed,us,us
1974-12-24T02:10:25.400Z,14.259,-90.08,155,5.4,mb,,,,,us,usp000097p,2014-11-06T23:21:27.964Z,"4 km WSW of Quesada, Guatemala",earthquake,,,,,reviewed,us,us
1974-12-02T12:36:44.500Z,14.633,-91.51,97,5.2,mb,,,,,us,usp00008zb,2022-04-27T17:57:50.998Z,"2 km N of Zunilito, Guatemala",earthquake,,,,,reviewed,us,us
1974-10-23T13:36:51.800Z,14.694,-90.585,231,4.6,mb,,,,,us,usp00008hx,2014-11-06T23:21:26.994Z,"6 km E of San Pedro Sacatepéquez, Guatemala",earthquake,,,,,reviewed,us,us
1974-10-17T19:54:50.300Z,14.373,-91.05,160,4.4,mb,,,,,us,usp00008ev,2014-11-06T23:21:26.885Z,"5 km NW of Santa Lucía Cotzumalguapa, Guatemala",earthquake,,,,,reviewed,us,us
1974-10-12T05:32:39.600Z,14.521,-91.445,105,4.1,mb,,,,,us,usp00008ch,2014-11-06T23:21:26.801Z,"2 km SSE of San Bernardino, Guatemala",earthquake,,,,,reviewed,us,us
1974-09-20T11:59:43.200Z,13.782,-91.085,33,5,mb,,,,,us,usp000083g,2014-11-06T23:21:26.463Z,"32 km WSW of Puerto San José, Guatemala",earthquake,,,,,reviewed,us,us
1974-09-12T20:14:37.300Z,13.557,-89.888,85,5,mb,,,,,us,usp000080s,2025-12-19T19:24:33.388Z,"7 km WSW of Acajutla, El Salvador",earthquake,,,,,reviewed,us,us
1974-09-05T09:55:32.900Z,16.697,-91.693,33,4.6,mb,,,,,us,usp00007xr,2014-11-06T23:21:26.165Z,"10 km SW of Las Tazas, Mexico",earthquake,,,,,reviewed,us,us
1974-08-26T06:27:40.700Z,15.951,-91.041,33,5.1,mb,,,,,us,usp00007t4,2022-04-27T18:13:27.665Z,"19 km NNE of San Luis Ixcán, Guatemala",earthquake,,,,,reviewed,us,us
1974-07-21T11:43:52.500Z,14.287,-92.252,33,4.8,mb,,,,,us,usp000078e,2014-11-06T23:21:25.337Z,"25 km SSW of Ocós, Guatemala",earthquake,,,,,reviewed,us,us
1974-07-21T08:28:35.300Z,14.314,-92.056,70,5.3,mb,,,,,us,usp000078c,2025-12-19T19:28:48.017Z,"15 km W of Champerico, Guatemala",earthquake,,,,,reviewed,us,us
1974-07-19T20:40:29.600Z,14.327,-92.288,59,4.5,mb,,,,,us,usp000077t,2014-11-06T23:21:25.316Z,"22 km SSW of Ocós, Guatemala",earthquake,,,,,reviewed,us,us
1974-06-21T15:29:15.900Z,14.18,-89.978,65,4.2,mb,,,,,us,usp00006u0,2014-11-06T23:21:24.819Z,"5 km NE of Jalpatagua, Guatemala",earthquake,,,,,reviewed,us,us
1974-05-04T17:49:28.800Z,13.899,-90.549,115,4.5,mb,,,,,us,usp000067d,2014-11-06T23:21:24.072Z,"17 km ESE of Iztapa, Guatemala",earthquake,,,,,reviewed,us,us
1974-05-03T07:56:37.000Z,13.958,-92.091,53,4.7,mb,,,,,us,usp000066k,2014-11-06T23:21:24.045Z,"41 km SSW of Champerico, Guatemala",earthquake,,,,,reviewed,us,us
1974-05-02T03:51:50.400Z,13.847,-90.525,65,4.6,mb,,,,,us,usp000065y,2014-11-06T23:21:24.023Z,"21 km ESE of Iztapa, Guatemala",earthquake,,,,,reviewed,us,us
1974-05-02T03:12:54.000Z,13.856,-90.69,76,4.7,mb,,,,,us,usp000065x,2014-11-06T23:21:24.022Z,"8 km SSE of Iztapa, Guatemala",earthquake,,,,,reviewed,us,us
1974-04-23T11:41:40.900Z,15.015,-91.681,180,4.8,mb,,,,,us,usp000062m,2014-11-06T23:21:23.913Z,"2 km S of Río Blanco, Guatemala",earthquake,,,,,reviewed,us,us
1974-04-14T06:55:01.800Z,14.712,-91.312,138,5.3,mb,,,,,us,usp00005yt,2014-11-06T23:21:23.724Z,"0 km SW of Santa María Visitación, Guatemala",earthquake,,,,,reviewed,us,us
1974-04-10T22:43:00.600Z,14.533,-91.627,108,5.4,mb,,,,,us,usp00005xn,2022-04-27T18:25:20.722Z,"3 km SE of San Sebastián, Guatemala",earthquake,,,,,reviewed,us,us
1974-04-02T20:12:21.100Z,13.563,-90.256,91,4.6,mb,,,,,us,usp00005ur,2014-11-06T23:21:23.574Z,"40 km SW of San Francisco Menéndez, El Salvador",earthquake,,,,,reviewed,us,us
1974-03-21T22:01:13.300Z,13.891,-90.102,99,4.3,mb,,,,,us,usp00005pj,2014-11-06T23:21:23.401Z,"10 km WNW of San Francisco Menéndez, El Salvador",earthquake,,,,,reviewed,us,us
1974-03-07T20:11:50.300Z,14.863,-91.518,121,4.5,mb,,,,,us,usp00005hv,2014-11-06T23:21:23.257Z,"3 km N of Quetzaltenango, Guatemala",earthquake,,,,,reviewed,us,us
1974-03-04T14:56:52.100Z,13.646,-90.624,79,4.6,mb,,,,,us,usp00005gr,2014-11-06T23:21:23.221Z,"33 km SSE of Iztapa, Guatemala",earthquake,,,,,reviewed,us,us
1974-03-04T14:54:36.100Z,13.563,-90.582,89,4.5,mb,,,,,us,usp00005gq,2014-11-06T23:21:23.221Z,"43 km SSE of Iztapa, Guatemala",earthquake,,,,,reviewed,us,us
1974-03-02T16:54:26.200Z,13.722,-91.681,43,4.6,mb,,,,,us,usp00005fs,2014-11-06T23:21:23.176Z,"67 km SW of Nueva Concepción, Guatemala",earthquake,,,,,reviewed,us,us
1974-02-09T18:36:06.000Z,14.671,-91.938,109,4.8,mb,,,,,us,usp000058n,2014-11-06T23:21:22.789Z,"8 km WSW of Coatepeque, Guatemala",earthquake,,,,,reviewed,us,us
1974-02-02T07:07:40.800Z,14.084,-91.96,75,5.1,mb,,,,,us,usp000054x,2014-11-06T23:21:22.669Z,"23 km SSW of Champerico, Guatemala",earthquake,,,,,reviewed,us,us
1974-01-12T04:47:59.800Z,13.653,-90.958,64,4.4,mb,,,,,us,usp00004wy,2014-11-06T23:21:22.385Z,"near the coast of Guatemala",earthquake,,,,,reviewed,us,us
1973-12-05T04:01:50.300Z,14.666,-91.758,115,4.9,mb,,,,,us,usp00004ee,2014-11-06T23:21:21.725Z,"5 km SSW of Colomba, Guatemala",earthquake,,,,,reviewed,us,us
1973-12-04T08:45:00.500Z,14.245,-91.902,61,4.3,mb,,,,,us,usp00004e5,2014-11-06T23:21:21.715Z,"5 km SSE of Champerico, Guatemala",earthquake,,,,,reviewed,us,us
1973-12-03T12:05:30.700Z,14.148,-92.045,33,4.5,mb,,,,,us,usp00004du,2014-11-06T23:21:21.697Z,"21 km SW of Champerico, Guatemala",earthquake,,,,,reviewed,us,us
1973-11-28T06:45:06.300Z,14.497,-89.995,230,5,mb,,,,,us,usp00004b1,2014-11-06T23:21:21.600Z,"13 km W of Monjas, Guatemala",earthquake,,,,,reviewed,us,us
1973-11-10T19:46:26.800Z,14.636,-90.219,243,4.6,mb,,,,,us,usp0000440,2014-11-06T23:21:21.216Z,"12 km NNW of Mataquescuintla, Guatemala",earthquake,,,,,reviewed,us,us
1973-11-09T02:36:55.500Z,13.975,-89.558,149,4.9,mb,,,,,us,usp000043b,2014-11-06T23:21:21.195Z,"2 km S of Santa Ana, El Salvador",earthquake,,,,,reviewed,us,us
1973-11-06T01:02:40.300Z,14.447,-91.38,111,4.7,mb,,,,,us,usp0000429,2014-11-06T23:21:21.163Z,"4 km E of San José El Ídolo, Guatemala",earthquake,,,,,reviewed,us,us
1973-07-31T03:44:43.400Z,13.623,-92.295,24,4.1,mb,,,,,us,usp00002xm,2014-11-06T23:21:17.395Z,"84 km SSW of Champerico, Guatemala",earthquake,,,,,reviewed,us,us
1973-07-05T19:16:18.800Z,13.663,-91.202,48,4.3,mb,,,,,us,usp00002jr,2014-11-06T23:21:14.146Z,"49 km SSW of La Gomera, Guatemala",earthquake,,,,,reviewed,us,us
1973-06-30T08:08:57.600Z,13.763,-90.935,78,5.1,mb,,,,,us,usp00002fv,2025-12-19T19:39:27.768Z,"21 km SW of Puerto San José, Guatemala",earthquake,,,,,reviewed,us,us
1973-06-26T07:24:28.100Z,14.29,-90.706,38,4.5,mb,,,,,us,usp00002dn,2020-07-10T19:38:35.109Z,"8 km E of Escuintla, Guatemala",earthquake,,,,,reviewed,us,us
1973-06-10T17:35:53.900Z,14.203,-91.402,92,4.6,mb,,,,,us,usp000024e,2014-11-06T23:21:13.209Z,"9 km SSW of Tiquisate, Guatemala",earthquake,,,,,reviewed,us,us
1973-06-09T00:58:04.000Z,14.07,-91.852,76,4.7,mb,,,,,us,usp000023f,2014-11-06T23:21:13.160Z,"25 km SSE of Champerico, Guatemala",earthquake,,,,,reviewed,us,us
1973-06-08T10:32:04.300Z,14.472,-92.052,89,4.6,mb,,,,,us,usp0000232,2014-11-06T23:21:13.138Z,"15 km ESE of Ocós, Guatemala",earthquake,,,,,reviewed,us,us
1973-06-08T07:47:38.700Z,14.115,-91.857,73,4.2,mb,,,,,us,usp000022y,2014-11-06T23:21:13.132Z,"20 km SSE of Champerico, Guatemala",earthquake,,,,,reviewed,us,us
1973-06-08T05:37:15.500Z,14.067,-92.188,77,4.2,mb,,,,,us,usp000022w,2014-11-06T23:21:13.129Z,"38 km SW of Champerico, Guatemala",earthquake,,,,,reviewed,us,us
1973-06-07T19:45:43.000Z,14.386,-91.951,97,5.1,mb,,,,,us,usp000022p,2014-11-06T23:21:13.118Z,"11 km NNW of Champerico, Guatemala",earthquake,,,,,reviewed,us,us
1973-06-07T18:34:46.300Z,14.183,-91.899,70,5.7,mb,,,,,us,usp000022m,2025-12-19T19:38:33.763Z,"12 km S of Champerico, Guatemala",earthquake,,,,,reviewed,us,us
1973-06-07T18:32:42.900Z,14.277,-92.008,78,5.5,mb,,,,,us,usp000022k,2025-12-19T19:38:33.040Z,"10 km W of Champerico, Guatemala",earthquake,,,,,reviewed,us,us
1973-05-31T05:39:18.800Z,13.941,-90.877,99,5.4,mb,,,,,us,usp00001zp,2022-04-27T18:53:28.581Z,"6 km WNW of Puerto San José, Guatemala",earthquake,,,,,reviewed,us,us
1973-05-24T19:34:13.500Z,14.71,-91.234,100,5.2,mb,,,,,us,usp00001x2,2022-04-27T15:46:30.117Z,"3 km ESE of San Marcos La Laguna, Guatemala",earthquake,,,,,reviewed,us,us
1973-05-04T00:30:30.200Z,14.925,-91.161,131,4.1,mb,,,,,us,usp00001px,2014-11-06T23:21:12.235Z,"5 km WSW of Chichicastenango, Guatemala",earthquake,,,,,reviewed,us,us
1973-04-10T21:05:58.700Z,15.314,-91.453,88,4.1,mb,,,,,us,usp00001bg,2014-11-06T23:21:11.180Z,"2 km ESE of Huehuetenango, Guatemala",earthquake,,,,,reviewed,us,us
1973-04-05T07:15:07.800Z,14.081,-92.197,33,4.4,mb,,,,,us,usp000018b,2014-11-06T23:21:10.789Z,"38 km SW of Champerico, Guatemala",earthquake,,,,,reviewed,us,us
1973-03-29T06:47:08.000Z,14.028,-90.226,96,4.2,mb,,,,,us,usp000014x,2014-11-06T23:21:10.598Z,"6 km NNW of Pasaco, Guatemala",earthquake,,,,,reviewed,us,us
1973-03-23T05:07:27.500Z,14.164,-91.086,100,4.2,mb,,,,,us,usp000011b,2014-11-06T23:21:10.325Z,"9 km NNW of La Gomera, Guatemala",earthquake,,,,,reviewed,us,us
1973-03-09T18:19:29.300Z,13.611,-90.687,33,4.4,mb,,,,,us,usp00000w4,2014-11-06T23:21:09.831Z,"35 km S of Iztapa, Guatemala",earthquake,,,,,reviewed,us,us
1973-03-09T09:58:09.200Z,13.821,-91.266,114,4.7,mb,,,,,us,usp00000vw,2014-11-06T23:21:09.818Z,"36 km SW of La Gomera, Guatemala",earthquake,,,,,reviewed,us,us
1973-02-22T07:38:01.100Z,14.504,-90.977,100,4.6,mb,,,,,us,usp00000nb,2014-11-06T23:21:09.243Z,"2 km W of Yepocapa, Guatemala",earthquake,,,,,reviewed,us,us
1973-02-22T00:30:20.300Z,14.478,-91.637,107,5.2,mb,,,,,us,usp00000n4,2014-11-06T23:21:09.228Z,"7 km SE of Retalhuleu, Guatemala",earthquake,,,,,reviewed,us,us
1973-01-25T22:25:59.500Z,13.7,-89.324,100,4.4,mb,,,,,us,usp000009r,2014-11-06T23:21:08.436Z,"El Salvador",earthquake,,,,,reviewed,us,us
1972-01-22T13:08:47.670Z,14.027,-91.106,60,6.06,mw,,,,,iscgem,iscgem777120,2025-12-19T19:50:20.063Z,"8 km SW of La Gomera, Guatemala",earthquake,,4.8,0.27,,reviewed,iscgem,iscgem
1971-10-12T09:44:59.430Z,15.866,-91.062,25,5.65,mw,,,,,iscgem,iscgem779252,2025-12-19T19:51:46.261Z,"28 km ENE of Barillas, Guatemala",earthquake,,3.9,0.2,,reviewed,iscgem,iscgem
1971-05-28T14:12:07.500Z,14.683,-91.383,120.2,5.57,mw,,,,,iscgem,iscgem785082,2022-04-26T21:17:03.276Z,"6 km NNE of Santo Tomás La Unión, Guatemala",earthquake,,5.2,0.32,,reviewed,iscgem,iscgem
1971-02-19T16:59:42.090Z,13.544,-88.972,179.3,5.5,mw,,,,,iscgem,iscgem787525,2022-04-26T21:22:49.350Z,"3 km NW of Santiago Nonualco, El Salvador",earthquake,,5.3,0.34,,reviewed,iscgem,iscgem
1971-02-19T06:27:59.190Z,14.1,-91.737,62,5.22,mw,,,,,iscgemsup,iscgemsup787511,2026-01-07T19:09:05.010Z,"28 km SE of Champerico, Guatemala",earthquake,,18.8,0.31,,reviewed,iscgemsup,iscgemsup
1970-02-08T16:19:20.250Z,14.64,-90.177,15,5.13,mw,,,,,iscgem,iscgem798947,2022-04-26T21:48:36.360Z,"12 km N of Mataquescuintla, Guatemala",earthquake,,25,0.2,,reviewed,iscgem,iscgem
1970-01-22T15:14:30.810Z,14.377,-92.414,60,5.56,mw,,,,,iscgem,iscgem800305,2022-04-26T21:50:48.838Z,"26 km SW of Brisas Barra de Suchiate, Mexico",earthquake,,5.4,0.4,,reviewed,iscgem,iscgem
1969-04-21T02:19:06.980Z,14.146,-91.001,65,6.01,mw,,,,,iscgem,iscgem810035,2025-12-19T19:11:13.704Z,"9 km NE of La Gomera, Guatemala",earthquake,,5.3,0.2,,reviewed,iscgem,iscgem
1968-12-29T17:36:31.750Z,14.386,-92.331,64.8,5.7,mw,,,,,iscgem,iscgem814609,2025-12-19T19:12:35.707Z,"20 km SW of Brisas Barra de Suchiate, Mexico",earthquake,,5,0.2,,reviewed,iscgem,iscgem
1966-12-10T13:06:34.660Z,14.339,-91.937,64.7,6.56,mw,,,,,iscgem,iscgem840559,2025-12-19T18:21:47.614Z,"5 km NNW of Champerico, Guatemala",earthquake,,5.4,0.2,,reviewed,iscgem,iscgem
1966-08-18T10:33:16.670Z,14.467,-91.787,65,6.17,mw,,,,,iscgem,iscgem844633,2025-12-19T18:21:17.765Z,"14 km WSW of Retalhuleu, Guatemala",earthquake,,5.4,0.25,,reviewed,iscgem,iscgem
1966-01-29T14:40:27.700Z,16.207,-91.463,11.9,5.21,mw,,,,,iscgem,iscgem851355,2022-04-26T23:28:36.592Z,"7 km NNW of Nuevo San Juan Chamula, Mexico",earthquake,,3.6,0.48,,reviewed,iscgem,iscgem
1965-05-03T10:01:37.480Z,13.64,-89.164,14.2,6.04,mw,,,,,iscgem,iscgem856602,2025-12-19T18:16:06.867Z,"3 km SE of San Marcos, El Salvador",earthquake,,3.6,0.24,,reviewed,iscgem,iscgem
1964-12-15T12:13:25.520Z,14.642,-91.724,98.9,5.57,mw,,,,,iscgem,iscgem861919,2022-04-26T23:51:18.884Z,"5 km N of El Asintal, Guatemala",earthquake,,5.1,0.2,,reviewed,iscgem,iscgem
1964-09-14T15:45:22.160Z,15.484,-90.978,15,5.19,mw,,,,,iscgem,iscgem864398,2022-04-26T23:58:17.923Z,"6 km E of Chajul, Guatemala",earthquake,,25,0.42,,reviewed,iscgem,iscgem
1964-08-07T15:31:18.790Z,14.213,-91.804,54,5.47,mw,,,,,iscgem,iscgem864984,2025-12-19T18:13:32.447Z,"14 km SE of Champerico, Guatemala",earthquake,,15.6,0.21,,reviewed,iscgem,iscgem
1961-09-01T18:50:36.550Z,13.573,-92.267,29,5.92,mw,,,,,iscgem,iscgem877305,2022-04-26T16:23:11.903Z,"88 km SSW of Champerico, Guatemala",earthquake,,4.5,0.2,,reviewed,iscgem,iscgem
1960-04-13T12:37:44.210Z,15.425,-92.014,20,5.79,mw,,,,,iscgem,iscgem878790,2022-04-26T16:28:54.256Z,"7 km WNW of Cuilco, Guatemala",earthquake,,14.9,0.2,,reviewed,iscgem,iscgem
1959-04-28T11:09:34.060Z,14.548,-92.31,25,6.51,mw,,,,,iscgem,iscgem881886,2022-04-26T16:43:23.447Z,"9 km W of Brisas Barra de Suchiate, Mexico",earthquake,,16.6,0.2,,reviewed,iscgem,iscgem
1959-02-20T18:16:22.100Z,15.915,-90.499,50,5.8,mw,,,,,iscgem,iscgem881439,2022-04-26T16:41:44.499Z,"24 km SSW of Flor de Cacao, Mexico",earthquake,,4.8,0.2,,reviewed,iscgem,iscgem
1958-07-09T15:18:15.510Z,13.599,-91.999,35,5.66,mw,,,,,iscgem,iscgem884701,2022-04-26T16:59:42.697Z,"77 km S of Champerico, Guatemala",earthquake,,19.9,0.58,,reviewed,iscgem,iscgem
1957-07-21T06:04:10.190Z,14.204,-92.149,35,5.81,mw,,,,,iscgem,iscgem886884,2022-04-26T17:15:02.850Z,"27 km WSW of Champerico, Guatemala",earthquake,,4.7,0.26,,reviewed,iscgem,iscgem
1957-04-17T18:09:33.520Z,14.445,-92.366,55,5.87,mw,,,,,iscgem,iscgem886412,2022-04-26T17:11:20.445Z,"18 km WSW of Brisas Barra de Suchiate, Mexico",earthquake,,16.6,0.25,,reviewed,iscgem,iscgem
1956-09-11T09:54:35.120Z,13.549,-91.11,25,5.93,mw,,,,,iscgem,iscgem888681,2022-04-26T17:26:22.613Z,"52 km SW of Puerto San José, Guatemala",earthquake,,22.4,0.43,,reviewed,iscgem,iscgem
1955-09-03T12:36:21.720Z,13.716,-90.857,44.1,6.38,mw,,,,,iscgem,iscgem889884,2022-04-26T17:36:18.969Z,"23 km S of Puerto San José, Guatemala",earthquake,,5.3,0.36,,reviewed,iscgem,iscgem
1955-08-28T20:13:35.470Z,13.671,-90.94,44.8,6.71,mw,,,,,iscgem,iscgem889867,2022-04-26T17:36:02.382Z,"31 km SSW of Puerto San José, Guatemala",earthquake,,6,0.41,,reviewed,iscgem,iscgem
1954-10-21T06:51:52.820Z,14.006,-90.403,66,6.09,mw,,,,,iscgemsup,iscgemsup891181,2022-05-09T20:08:11.782Z,"7 km S of Guazacapán, Guatemala",earthquake,,6.1,0.89,,reviewed,iscgemsup,iscgemsup
1954-03-11T10:30:10.910Z,13.901,-91.011,60,5.86,mw,,,,,iscgem,iscgem890428,2022-04-26T17:41:56.613Z,"20 km SSE of La Gomera, Guatemala",earthquake,,5.2,0.45,,reviewed,iscgem,iscgem
1954-02-05T15:18:04.880Z,17.283,-92.382,85,6.08,mw,,,,,iscgem,iscgem890309,2022-04-26T17:40:06.445Z,"1 km N of Misija, Mexico",earthquake,,5,0.2,,reviewed,iscgem,iscgem
1953-08-24T13:21:00.540Z,14.196,-91.43,59.4,5.89,mw,,,,,iscgem,iscgem891941,2022-04-26T17:54:25.504Z,"12 km SW of Tiquisate, Guatemala",earthquake,,6.1,0.4,,reviewed,iscgem,iscgem
1952-07-15T06:06:25.090Z,14.168,-92.254,35,5.77,mw,,,,,iscgem,iscgem893147,2022-04-26T18:05:05.972Z,"38 km S of Ocós, Guatemala",earthquake,,4.7,0.2,,reviewed,iscgem,iscgem
1951-05-06T23:08:00.000Z,13.52,-88.4,10,6.2,ms,,,,,official,official19510506230800000,2026-01-28T18:24:25.563Z,"Near Jucuapa, El Salvador",earthquake,,,,,reviewed,official,official
1950-11-05T16:35:25.800Z,14.078,-92.156,35,5.87,mw,,,,,iscgem,iscgem896027,2022-04-26T18:32:07.147Z,"35 km SW of Champerico, Guatemala",earthquake,,15.6,0.2,,reviewed,iscgem,iscgem
1950-10-24T00:52:07.200Z,14.101,-91.982,45,5.96,mw,,,,,iscgem,iscgem895976,2022-04-26T18:31:45.474Z,"22 km SSW of Champerico, Guatemala",earthquake,,15.6,0.2,,reviewed,iscgem,iscgem
1950-10-23T23:38:52.670Z,14.073,-91.857,65,5.95,mw,,,,,iscgem,iscgem895973,2022-04-26T18:31:44.040Z,"25 km SSE of Champerico, Guatemala",earthquake,,15.6,0.27,,reviewed,iscgem,iscgem
1950-10-23T17:48:00.160Z,14.188,-91.688,65,6.2,mw,,,,,iscgem,iscgem895968,2022-04-26T18:31:38.724Z,"26 km ESE of Champerico, Guatemala",earthquake,,6.1,0.2,,reviewed,iscgem,iscgem
1950-10-23T16:13:28.750Z,14.31,-91.917,65.3,7.17,mw,,,,,iscgem,iscgem895966,2022-04-26T18:31:36.545Z,"1 km NNW of Champerico, Guatemala",earthquake,,6,0.32,,reviewed,iscgem,iscgem
1950-04-15T14:51:26.750Z,13.618,-91.307,35,6.01,mw,,,,,iscgem,iscgem895374,2022-04-26T18:24:54.012Z,"58 km SSW of La Gomera, Guatemala",earthquake,,4.6,0.2,,reviewed,iscgem,iscgem
1950-02-17T03:47:23.700Z,13.66,-90.893,55,5.81,mw,,,,,iscgem,iscgem895230,2022-04-26T18:23:50.164Z,"30 km SSW of Puerto San José, Guatemala",earthquake,,5,0.2,,reviewed,iscgem,iscgem
1948-07-16T07:19:39.160Z,14.364,-91.227,44.1,6.07,mw,,,,,iscgem,iscgem897438,2022-04-26T18:43:57.799Z,"7 km S of Santa Bárbara, Guatemala",earthquake,,4.9,0.21,,reviewed,iscgem,iscgem
1948-07-16T07:12:24.860Z,14.31,-91.24,41.4,6.25,mw,,,,,iscgem,iscgem897437,2022-04-26T18:43:52.646Z,"13 km SE of Río Bravo, Guatemala",earthquake,,5,0.55,,reviewed,iscgem,iscgem
1947-06-05T22:58:22.210Z,13.9,-90.111,75,5.74,mw,,,,,iscgem,iscgem897880,2022-04-26T18:49:14.618Z,"12 km WNW of San Francisco Menéndez, El Salvador",earthquake,,25,0.54,,reviewed,iscgem,iscgem
1945-08-10T11:20:20.190Z,15.361,-88.687,25,6.04,mw,,,,,iscgem,iscgem899032,2022-04-26T19:02:20.932Z,"5 km W of Joconal, Honduras",earthquake,,25,0.36,,reviewed,iscgem,iscgem
1942-09-04T02:53:57.940Z,14.554,-90.94,15,5.95,mw,,,,,iscgem,iscgem900463,2022-04-26T19:20:41.631Z,"Guatemala",earthquake,,25,0.35,,reviewed,iscgem,iscgem
1942-08-08T22:36:35.240Z,13.976,-91.078,15,6.07,mw,,,,,iscgem,iscgem900415,2022-04-26T19:20:04.524Z,"12 km SSW of La Gomera, Guatemala",earthquake,,23.5,0.51,,reviewed,iscgem,iscgem
1942-08-06T23:37:02.910Z,13.863,-91.162,35,7.7,mw,,,,,iscgem,iscgem900408,2022-04-26T19:19:57.103Z,"26 km SSW of La Gomera, Guatemala",earthquake,,23.5,0.3,,reviewed,iscgem,iscgem
1942-03-01T09:52:09.760Z,13.878,-91.323,15,6.37,mw,,,,,iscgem,iscgem900216,2022-04-26T19:16:58.983Z,"35 km S of Nueva Concepción, Guatemala",earthquake,,18.8,0.69,,reviewed,iscgem,iscgem
1940-07-27T13:32:28.260Z,13.957,-91.417,35,6.8,mw,,,,,iscgem,iscgem901506,2022-04-26T19:36:17.684Z,"29 km SSW of Nueva Concepción, Guatemala",earthquake,,18.8,0.37,,reviewed,iscgem,iscgem
1939-12-05T08:30:15.210Z,14.406,-91.804,45,6.82,mw,,,,,iscgem,iscgem902250,2022-04-25T20:25:36.472Z,"17 km NE of Champerico, Guatemala",earthquake,,11.8,0.31,,reviewed,iscgem,iscgem
1937-10-12T15:59:48.320Z,13.598,-91.782,15,5.86,mw,,,,,iscgem,iscgem903300,2022-04-25T21:17:27.740Z,"78 km S of Champerico, Guatemala",earthquake,,19.9,0.2,,reviewed,iscgem,iscgem
1937-09-28T06:20:49.380Z,13.556,-91.522,15,6.16,mw,,,,,iscgem,iscgem903276,2022-04-25T21:17:04.589Z,"near the coast of Guatemala",earthquake,,22.1,0.2,,reviewed,iscgem,iscgem
1937-09-15T23:48:53.320Z,14.594,-91.273,15,6.43,mw,,,,,iscgem,iscgem903252,2022-04-25T21:16:42.351Z,"6 km SW of Santiago Atitlán, Guatemala",earthquake,,23.1,0.23,,reviewed,iscgem,iscgem
1936-12-20T02:43:27.020Z,13.505,-88.545,15,6.18,mw,,,,,iscgem,iscgem903988,2022-04-25T21:30:41.986Z,"1 km WNW of Berlín, El Salvador",earthquake,,8.1,0.2,,reviewed,iscgem,iscgem
1936-11-22T18:19:23.750Z,13.808,-90.559,45,6.45,mw,,,,,iscgem,iscgem903957,2022-04-25T21:30:24.803Z,"21 km SE of Iztapa, Guatemala",earthquake,,37.8,0.27,,reviewed,iscgem,iscgem
1936-11-19T21:10:24.170Z,13.8,-90.572,45,6.81,mw,,,,,iscgem,iscgem903953,2022-04-25T21:30:22.294Z,"20 km SE of Iztapa, Guatemala",earthquake,,37.8,0.22,,reviewed,iscgem,iscgem
1935-12-14T22:05:26.220Z,14.688,-92.438,35,7.31,mw,,,,,iscgem,iscgem904696,2022-05-09T22:49:03.745Z,"4 km SSW of Puerto Madero, Mexico",earthquake,,16.6,0.31,,reviewed,iscgem,iscgem
1934-12-24T14:35:37.860Z,14.039,-90.615,30,5.96,mw,,,,,iscgem,iscgem905318,2022-04-25T21:50:45.830Z,"15 km NE of Iztapa, Guatemala",earthquake,,37.8,0.2,,reviewed,iscgem,iscgem
1934-12-03T02:38:31.810Z,14.81,-88.988,15,6.31,mw,,,,,iscgem,iscgem905298,2022-04-25T21:50:08.469Z,"5 km W of San Agustín, Honduras",earthquake,,4.3,0.26,,reviewed,iscgem,iscgem
1934-07-27T02:25:44.120Z,15.429,-92.432,15,5.86,mw,,,,,iscgem,iscgem905077,2022-04-25T21:46:51.333Z,"15 km NE of El Triunfo, Mexico",earthquake,,41.5,0.7,,reviewed,iscgem,iscgem
1932-05-22T22:39:56.850Z,13.933,-89.773,15,5.9,mw,,,,,iscgem,iscgem906159,2022-04-25T22:04:26.488Z,"5 km SSW of Atiquizaya, El Salvador",earthquake,,25,0.34,,reviewed,iscgem,iscgem
1931-04-01T13:13:49.970Z,13.762,-91.877,35,5.79,mw,,,,,iscgem,iscgem906697,2022-04-25T22:15:08.836Z,"58 km S of Champerico, Guatemala",earthquake,,15.6,0.2,,reviewed,iscgem,iscgem
1930-07-14T22:40:39.670Z,14.113,-90.096,15,6.81,mw,,,,,iscgem,iscgem907498,2022-04-25T22:30:25.995Z,"8 km NNW of Moyuta, Guatemala",earthquake,,25,0.29,,reviewed,iscgem,iscgem
1930-07-07T13:33:12.570Z,14.182,-90.334,15,6.16,mw,,,,,iscgem,iscgem907483,2022-04-25T22:30:17.658Z,"6 km W of Santa María Ixhuatán, Guatemala",earthquake,,37.8,0.2,,reviewed,iscgem,iscgem
1929-07-30T07:43:48.980Z,13.808,-92.336,45,5.81,mw,,,,,iscgem,iscgem908240,2022-04-25T22:42:45.569Z,"70 km SW of Champerico, Guatemala",earthquake,,24.8,0.3,,reviewed,iscgem,iscgem
1929-03-19T20:53:52.280Z,13.908,-90.667,15,6.22,mw,,,,,iscgem,iscgem907955,2022-04-25T22:37:35.762Z,"5 km ESE of Iztapa, Guatemala",earthquake,,37.8,0.2,,reviewed,iscgem,iscgem
1929-02-10T15:39:19.120Z,13.5,-90.897,30,6.63,mw,,,,,iscgem,iscgem907897,2022-04-25T22:36:58.568Z,"near the coast of Guatemala",earthquake,,22.4,0.2,,reviewed,iscgem,iscgem
1928-03-27T05:09:39.430Z,16.967,-91.601,15,5.69,mw,,,,,iscgem,iscgem908565,2022-04-25T22:50:31.266Z,"6 km S of Lacandón, Mexico",earthquake,,25,0.68,,reviewed,iscgem,iscgem
1927-05-09T20:05:52.500Z,15.722,-91.757,15,6.16,mw,,,,,iscgem,iscgem909238,2022-04-25T23:04:26.139Z,"7 km NW of Jacaltenango, Guatemala",earthquake,,14.9,0.22,,reviewed,iscgem,iscgem
1927-02-24T04:14:12.310Z,14.558,-92.176,35,5.88,mw,,,,,iscgem,iscgem909111,2022-04-25T23:03:00.892Z,"4 km SSE of La Libertad, Mexico",earthquake,,11.8,0.2,,reviewed,iscgem,iscgem
1926-03-24T10:55:01.670Z,14.067,-91.065,35,5.86,mw,,,,,iscgem,iscgem909788,2022-04-25T23:15:05.639Z,"2 km SW of La Gomera, Guatemala",earthquake,,23.5,0.2,,reviewed,iscgem,iscgem
1925-12-11T01:27:36.250Z,16.097,-91.318,15,6.04,mw,,,,,iscgem,iscgem910763,2022-04-25T23:28:47.505Z,"4 km S of Santo Domingo de las Palmas, Mexico",earthquake,,20.9,0.42,,reviewed,iscgem,iscgem
1925-11-28T12:33:16.480Z,15.014,-89.099,15,5.93,mw,,,,,iscgem,iscgem910751,2022-04-25T23:28:28.926Z,"14 km W of Buenos Aires, Honduras",earthquake,,4.3,0.26,,reviewed,iscgem,iscgem
1925-09-04T10:36:11.450Z,15.337,-91.152,15,5.53,mw,,,,,iscgem,iscgem910668,2022-04-25T23:27:50.107Z,"7 km S of Nebaj, Guatemala",earthquake,,25,0.2,,reviewed,iscgem,iscgem
1925-05-26T08:19:54.040Z,13.929,-89.272,15,5.86,mw,,,,,iscgem,iscgem910515,2022-04-25T23:26:18.018Z,"7 km SW of El Paisnal, El Salvador",earthquake,,4.8,0.2,,reviewed,iscgem,iscgem
1921-02-04T08:22:40.620Z,15.662,-90.791,15,7.11,mw,,,,,iscgem,iscgem912158,2022-04-25T23:42:51.318Z,"32 km NE of Chajul, Guatemala",earthquake,,25,0.5,,reviewed,iscgem,iscgem
1920-10-08T16:50:50.990Z,16.663,-91.449,10,6.26,mw,,,,,iscgem,iscgem912633,2022-04-25T23:49:05.803Z,"9 km S of El Zapotal, Mexico",earthquake,,22.4,0.2,,reviewed,iscgem,iscgem
1919-04-28T06:46:07.730Z,13.807,-89.937,35,6.19,mw,,,,,iscgem,iscgem912772,2022-04-25T23:51:34.634Z,"8 km WNW of Jujutla, El Salvador",earthquake,,25,0.2,,reviewed,iscgem,iscgem
1919-04-17T20:53:07.270Z,14.078,-91.723,35,6.96,mw,,,,,iscgem,iscgem912762,2022-04-25T23:51:23.820Z,"31 km SE of Champerico, Guatemala",earthquake,,18.8,0.27,,reviewed,iscgem,iscgem
1918-10-19T03:23:03.430Z,13.867,-90.111,35,6.4,mw,,,,,iscgem,iscgem913321,2022-04-25T23:57:13.388Z,"10 km WNW of San Francisco Menéndez, El Salvador",earthquake,,25,0.35,,reviewed,iscgem,iscgem
1918-06-13T08:58:47.110Z,15.295,-88.498,15,5.92,mw,,,,,iscgem,iscgem913170,2022-04-25T23:55:46.246Z,"0 km WNW of La Flecha, Honduras",earthquake,,25,0.2,,reviewed,iscgem,iscgem
1918-01-25T01:21:03.150Z,14.927,-90.131,15,6.4,mw,,,,,iscgem,iscgem913044,2022-04-25T23:55:00.895Z,"1 km ESE of Morazán, Guatemala",earthquake,,6.7,0.2,,reviewed,iscgem,iscgem
1918-01-04T04:32:43.750Z,14.934,-90.385,10,6.23,mw,,,,,iscgem,iscgem913027,2022-04-25T23:54:43.414Z,"11 km ESE of El Chol, Guatemala",earthquake,,25,0.31,,reviewed,iscgem,iscgem
1917-06-08T00:51:44.330Z,13.802,-89.361,15,6.71,mw,,,,,iscgem,iscgem913530,2022-04-25T23:59:05.570Z,"8 km S of San Juan Opico, El Salvador",earthquake,,4.8,0.2,,reviewed,iscgem,iscgem
1915-09-07T01:20:49.100Z,14.126,-89.007,15,7.7,mw,,,,,iscgem,iscgem913939,2022-04-26T00:05:26.446Z,"12 km NW of Chalatenango, El Salvador",earthquake,,25,0.45,,reviewed,iscgem,iscgem
1912-06-12T12:43:26.570Z,15.155,-89.104,15,6.7,mw,,,,,iscgem,iscgem16958197,2022-04-25T20:34:08.802Z,"11 km S of Los Amates, Guatemala",earthquake,,4.3,0.2,,reviewed,iscgem,iscgem
1907-09-23T21:40:03.050Z,13.836,-90.46,10,6.45,mw,,,,,iscgem,iscgem610548700,2022-04-25T20:41:38.415Z,"25 km S of Taxisco, Guatemala",earthquake,,37.8,0.2,,reviewed,iscgem,iscgem
1902-09-23T20:18:00.000Z,16.5,-92.5,,7.8,mw,,,,,official,official19020923201800000,2025-05-20T23:49:53.143Z,"Central Chiapas, Mexico",earthquake,,,,,reviewed,official,official
1902-04-19T02:24:00.000Z,14.93,-91.5,,7.5,mw,,,,,official,official19020419022400000,2025-05-15T18:24:45.513Z,"Near Quetzaltenango, Guatemala",earthquake,,,,,reviewed,official,official
1902-01-18T23:23:00.000Z,14.71,-91.59,,6.3,ms,,,,,official,official19020118232300000,2025-05-11T21:46:10.341Z,"Near Quetzaltenango, Guatemala",earthquake,,,,,reviewed,official,official
